{
"type": "FeatureCollection",
"name": "Bangunan",
"crs": { "type": "name", "properties": { "name": "urn:ogc:def:crs:OGC:1.3:CRS84" } },
"features": [
{ "type": "Feature", "properties": { "latitude": -8.48895417, "longitude": 115.24502316, "area_in_me": 106.8332, "confidence": 0.7254, "full_plus": "6P3QG66W+C26W", "layer": "2dd_buildings_001", "path": "file:///C:/Users/BPN/Downloads/Compressed/2dd_buildings.csv/2dd_buildings_split/2dd_buildings_001.csv?type=csv&maxFields=10000&detectTypes=yes&wktField=geometry&crs=EPSG:4326&spatialIndex=no&subsetIndex=no&watchFile=no", "Shape_Leng": 0.00037392218, "Shape_Area": 8.74e-09 }, "geometry": { "type": "MultiPolygon", "coordinates": [ [ [ [ 115.245078380063205, -8.488917725472618 ], [ 115.245061388272461, -8.489008047083644 ], [ 115.244967943315942, -8.488990622719029 ], [ 115.244984935106686, -8.488900302007266 ], [ 115.245078380063205, -8.488917725472618 ] ] ] ] } },
{ "type": "Feature", "properties": { "latitude": -8.48874812, "longitude": 115.24588516, "area_in_me": 72.5019, "confidence": 0.8742, "full_plus": "6P3QG66W+G923", "layer": "2dd_buildings_001", "path": "file:///C:/Users/BPN/Downloads/Compressed/2dd_buildings.csv/2dd_buildings_split/2dd_buildings_001.csv?type=csv&maxFields=10000&detectTypes=yes&wktField=geometry&crs=EPSG:4326&spatialIndex=no&subsetIndex=no&watchFile=no", "Shape_Leng": 0.00034368656, "Shape_Area": 5.93e-09 }, "geometry": { "type": "MultiPolygon", "coordinates": [ [ [ [ 115.245824419861151, -8.488772934623171 ], [ 115.245823503452016, -8.488772948113024 ], [ 115.24582289461091, -8.488733007422297 ], [ 115.245822778598381, -8.488725381171378 ], [ 115.245822775001102, -8.488725160837475 ], [ 115.245946811296335, -8.488723286650327 ], [ 115.245946892235338, -8.488728612435466 ], [ 115.245947539747249, -8.488771073925875 ], [ 115.245824419861151, -8.488772934623171 ] ] ] ] } },
{ "type": "Feature", "properties": { "latitude": -8.48849821, "longitude": 115.24547927, "area_in_me": 16.1432, "confidence": 0.7785, "full_plus": "6P3QG66W+J553", "layer": "2dd_buildings_001", "path": "file:///C:/Users/BPN/Downloads/Compressed/2dd_buildings.csv/2dd_buildings_split/2dd_buildings_001.csv?type=csv&maxFields=10000&detectTypes=yes&wktField=geometry&crs=EPSG:4326&spatialIndex=no&subsetIndex=no&watchFile=no", "Shape_Leng": 0.000145937, "Shape_Area": 1.32e-09 }, "geometry": { "type": "MultiPolygon", "coordinates": [ [ [ [ 115.245460157560274, -8.48851569074651 ], [ 115.245458617021654, -8.488482563319621 ], [ 115.245498380545882, -8.488480730501237 ], [ 115.245499920185239, -8.488513857928126 ], [ 115.245460157560274, -8.48851569074651 ] ] ] ] } },
{ "type": "Feature", "properties": { "latitude": -8.49132909, "longitude": 115.24579016, "area_in_me": 7.1172, "confidence": 0.71, "full_plus": "6P3QG65W+F87V", "layer": "2dd_buildings_001", "path": "file:///C:/Users/BPN/Downloads/Compressed/2dd_buildings.csv/2dd_buildings_split/2dd_buildings_001.csv?type=csv&maxFields=10000&detectTypes=yes&wktField=geometry&crs=EPSG:4326&spatialIndex=no&subsetIndex=no&watchFile=no", "Shape_Leng": 9.688359e-05, "Shape_Area": 5.8e-10 }, "geometry": { "type": "MultiPolygon", "coordinates": [ [ [ [ 115.245804802050088, -8.491320043085466 ], [ 115.245801630141159, -8.4913418795241 ], [ 115.245775522822214, -8.491338120357909 ], [ 115.245778695630406, -8.491316283919332 ], [ 115.245804802050088, -8.491320043085466 ] ] ] ] } },
{ "type": "Feature", "properties": { "latitude": -8.4923417, "longitude": 115.24600873, "area_in_me": 60.3402, "confidence": 0.7429, "full_plus": "6P3QG65W+3C67", "layer": "2dd_buildings_001", "path": "file:///C:/Users/BPN/Downloads/Compressed/2dd_buildings.csv/2dd_buildings_split/2dd_buildings_001.csv?type=csv&maxFields=10000&detectTypes=yes&wktField=geometry&crs=EPSG:4326&spatialIndex=no&subsetIndex=no&watchFile=no", "Shape_Leng": 0.00028355834, "Shape_Area": 4.93e-09 }, "geometry": { "type": "MultiPolygon", "coordinates": [ [ [ [ 115.246041102514937, -8.492380462488313 ], [ 115.246041094421003, -8.492380498461216 ], [ 115.245984657466011, -8.49236768492068 ], [ 115.245962700518248, -8.492362699978571 ], [ 115.245962707712806, -8.492362668502324 ], [ 115.245968013712968, -8.492339335591794 ], [ 115.24597629287166, -8.492302929236757 ], [ 115.245976300066218, -8.492302899559093 ], [ 115.246054800089041, -8.492320699840377 ], [ 115.246041102514937, -8.492380462488313 ] ] ] ] } },
{ "type": "Feature", "properties": { "latitude": -8.48773581, "longitude": 115.24653585, "area_in_me": 46.8383, "confidence": 0.8501, "full_plus": "6P3QG66W+WJ3C", "layer": "2dd_buildings_001", "path": "file:///C:/Users/BPN/Downloads/Compressed/2dd_buildings.csv/2dd_buildings_split/2dd_buildings_001.csv?type=csv&maxFields=10000&detectTypes=yes&wktField=geometry&crs=EPSG:4326&spatialIndex=no&subsetIndex=no&watchFile=no", "Shape_Leng": 0.00024762042, "Shape_Area": 3.83e-09 }, "geometry": { "type": "MultiPolygon", "coordinates": [ [ [ [ 115.246506452211065, -8.487755081032105 ], [ 115.246504228187632, -8.487705511300248 ], [ 115.246564629354225, -8.487702825924657 ], [ 115.246567467614568, -8.487766112116333 ], [ 115.246507067347352, -8.487768797491981 ], [ 115.246506452211065, -8.487755081032105 ] ] ] ] } },
{ "type": "Feature", "properties": { "latitude": -8.49163682, "longitude": 115.24581455000001, "area_in_me": 45.0633, "confidence": 0.861, "full_plus": "6P3QG65W+88WC", "layer": "2dd_buildings_001", "path": "file:///C:/Users/BPN/Downloads/Compressed/2dd_buildings.csv/2dd_buildings_split/2dd_buildings_001.csv?type=csv&maxFields=10000&detectTypes=yes&wktField=geometry&crs=EPSG:4326&spatialIndex=no&subsetIndex=no&watchFile=no", "Shape_Leng": 0.00024406034, "Shape_Area": 3.69e-09 }, "geometry": { "type": "MultiPolygon", "coordinates": [ [ [ [ 115.245842462959331, -8.491664459147444 ], [ 115.245840839683069, -8.491671247230215 ], [ 115.245813923873584, -8.491664866540305 ], [ 115.245775485050672, -8.491655753710006 ], [ 115.245779901621177, -8.491637288829793 ], [ 115.245788248229132, -8.491602394235088 ], [ 115.245853601962267, -8.491617887755297 ], [ 115.245842462959331, -8.491664459147444 ] ] ] ] } },
{ "type": "Feature", "properties": { "latitude": -8.49187665, "longitude": 115.24593181, "area_in_me": 30.4725, "confidence": 0.7806, "full_plus": "6P3QG65W+69VX", "layer": "2dd_buildings_001", "path": "file:///C:/Users/BPN/Downloads/Compressed/2dd_buildings.csv/2dd_buildings_split/2dd_buildings_001.csv?type=csv&maxFields=10000&detectTypes=yes&wktField=geometry&crs=EPSG:4326&spatialIndex=no&subsetIndex=no&watchFile=no", "Shape_Leng": 0.0002036776, "Shape_Area": 2.49e-09 }, "geometry": { "type": "MultiPolygon", "coordinates": [ [ [ [ 115.245957461068087, -8.491902849636745 ], [ 115.245897771265163, -8.491890447086405 ], [ 115.245906157443301, -8.491850442543864 ], [ 115.245965847246111, -8.491862845094204 ], [ 115.245957461068087, -8.491902849636745 ] ] ] ] } },
{ "type": "Feature", "properties": { "latitude": -8.48753377, "longitude": 115.2465648, "area_in_me": 25.011, "confidence": 0.7417, "full_plus": "6P3QG66W+XJPJ", "layer": "2dd_buildings_001", "path": "file:///C:/Users/BPN/Downloads/Compressed/2dd_buildings.csv/2dd_buildings_split/2dd_buildings_001.csv?type=csv&maxFields=10000&detectTypes=yes&wktField=geometry&crs=EPSG:4326&spatialIndex=no&subsetIndex=no&watchFile=no", "Shape_Leng": 0.00018114647, "Shape_Area": 2.05e-09 }, "geometry": { "type": "MultiPolygon", "coordinates": [ [ [ [ 115.246587939781648, -8.487555993614194 ], [ 115.246545142844184, -8.48755909447658 ], [ 115.246541667863767, -8.487511557212542 ], [ 115.246584464801231, -8.487508456350156 ], [ 115.246587939781648, -8.487555993614194 ] ] ] ] } },
{ "type": "Feature", "properties": { "latitude": -8.48640619, "longitude": 115.24608373, "area_in_me": 31.6975, "confidence": 0.7676, "full_plus": "6P3QG67W+CCPP", "layer": "2dd_buildings_001", "path": "file:///C:/Users/BPN/Downloads/Compressed/2dd_buildings.csv/2dd_buildings_split/2dd_buildings_001.csv?type=csv&maxFields=10000&detectTypes=yes&wktField=geometry&crs=EPSG:4326&spatialIndex=no&subsetIndex=no&watchFile=no", "Shape_Leng": 0.0002036497, "Shape_Area": 2.59e-09 }, "geometry": { "type": "MultiPolygon", "coordinates": [ [ [ [ 115.246111361150497, -8.486383085211173 ], [ 115.246107154121887, -8.486433518292188 ], [ 115.246056111300504, -8.486429297773839 ], [ 115.246060319228377, -8.486378864692824 ], [ 115.246111361150497, -8.486383085211173 ] ] ] ] } },
{ "type": "Feature", "properties": { "latitude": -8.48758638, "longitude": 115.24640616000001, "area_in_me": 89.1412, "confidence": 0.8949, "full_plus": "6P3QG66W+XH6H", "layer": "2dd_buildings_001", "path": "file:///C:/Users/BPN/Downloads/Compressed/2dd_buildings.csv/2dd_buildings_split/2dd_buildings_001.csv?type=csv&maxFields=10000&detectTypes=yes&wktField=geometry&crs=EPSG:4326&spatialIndex=no&subsetIndex=no&watchFile=no", "Shape_Leng": 0.00034652229, "Shape_Area": 7.29e-09 }, "geometry": { "type": "MultiPolygon", "coordinates": [ [ [ [ 115.246396148563463, -8.487550812619872 ], [ 115.246455153982197, -8.487548189297456 ], [ 115.246458378051784, -8.487620070309958 ], [ 115.246357170147348, -8.487624569618163 ], [ 115.246353946077761, -8.48755268860566 ], [ 115.246396148563463, -8.487550812619872 ] ] ] ] } },
{ "type": "Feature", "properties": { "latitude": -8.48742115, "longitude": 115.24566089, "area_in_me": 58.666, "confidence": 0.9008, "full_plus": "6P3QG67W+27M2", "layer": "2dd_buildings_001", "path": "file:///C:/Users/BPN/Downloads/Compressed/2dd_buildings.csv/2dd_buildings_split/2dd_buildings_001.csv?type=csv&maxFields=10000&detectTypes=yes&wktField=geometry&crs=EPSG:4326&spatialIndex=no&subsetIndex=no&watchFile=no", "Shape_Leng": 0.00029089895, "Shape_Area": 4.8e-09 }, "geometry": { "type": "MultiPolygon", "coordinates": [ [ [ [ 115.245709883104723, -8.487443320252964 ], [ 115.245615182694564, -8.487449414059142 ], [ 115.245612189750773, -8.487403322904981 ], [ 115.245611907363696, -8.487398967488332 ], [ 115.245698279152293, -8.487393409678077 ], [ 115.245706608673117, -8.487392873682154 ], [ 115.245709883104723, -8.487443320252964 ] ] ] ] } },
{ "type": "Feature", "properties": { "latitude": -8.48774851, "longitude": 115.24501811, "area_in_me": 70.8857, "confidence": 0.8357, "full_plus": "6P3QG66W+W224", "layer": "2dd_buildings_001", "path": "file:///C:/Users/BPN/Downloads/Compressed/2dd_buildings.csv/2dd_buildings_split/2dd_buildings_001.csv?type=csv&maxFields=10000&detectTypes=yes&wktField=geometry&crs=EPSG:4326&spatialIndex=no&subsetIndex=no&watchFile=no", "Shape_Leng": 0.00031427594, "Shape_Area": 5.8e-09 }, "geometry": { "type": "MultiPolygon", "coordinates": [ [ [ [ 115.245067935337033, -8.487776672855148 ], [ 115.244970002763466, -8.48777949222972 ], [ 115.244968285058349, -8.487720351912685 ], [ 115.245066216732539, -8.487717532538056 ], [ 115.245067935337033, -8.487776672855148 ] ] ] ] } },
{ "type": "Feature", "properties": { "latitude": -8.48972834, "longitude": 115.24559596, "area_in_me": 53.5272, "confidence": 0.8311, "full_plus": "6P3QG66W+465R", "layer": "2dd_buildings_001", "path": "file:///C:/Users/BPN/Downloads/Compressed/2dd_buildings.csv/2dd_buildings_split/2dd_buildings_001.csv?type=csv&maxFields=10000&detectTypes=yes&wktField=geometry&crs=EPSG:4326&spatialIndex=no&subsetIndex=no&watchFile=no", "Shape_Leng": 0.00026652181, "Shape_Area": 4.38e-09 }, "geometry": { "type": "MultiPolygon", "coordinates": [ [ [ [ 115.245630152809326, -8.489695402520738 ], [ 115.24561994910141, -8.489769235961433 ], [ 115.245561766562332, -8.489761267068786 ], [ 115.245571970270248, -8.489687433628092 ], [ 115.245630152809326, -8.489695402520738 ] ] ] ] } },
{ "type": "Feature", "properties": { "latitude": -8.48466694, "longitude": 115.24279705, "area_in_me": 89.5743, "confidence": 0.7578, "full_plus": "6P3QG68V+44M8", "layer": "2dd_buildings_001", "path": "file:///C:/Users/BPN/Downloads/Compressed/2dd_buildings.csv/2dd_buildings_split/2dd_buildings_001.csv?type=csv&maxFields=10000&detectTypes=yes&wktField=geometry&crs=EPSG:4326&spatialIndex=no&subsetIndex=no&watchFile=no", "Shape_Leng": 0.00037507303, "Shape_Area": 7.32e-09 }, "geometry": { "type": "MultiPolygon", "coordinates": [ [ [ [ 115.242862946967534, -8.484695291554431 ], [ 115.242822870479131, -8.48473362515665 ], [ 115.242731152220927, -8.48463858660142 ], [ 115.24277122870933, -8.484600252099881 ], [ 115.242862946967534, -8.484695291554431 ] ] ] ] } },
{ "type": "Feature", "properties": { "latitude": -8.48543178, "longitude": 115.24258291, "area_in_me": 48.5099, "confidence": 0.8612, "full_plus": "6P3QG67V+R2GP", "layer": "2dd_buildings_001", "path": "file:///C:/Users/BPN/Downloads/Compressed/2dd_buildings.csv/2dd_buildings_split/2dd_buildings_001.csv?type=csv&maxFields=10000&detectTypes=yes&wktField=geometry&crs=EPSG:4326&spatialIndex=no&subsetIndex=no&watchFile=no", "Shape_Leng": 0.00025460277, "Shape_Area": 3.97e-09 }, "geometry": { "type": "MultiPolygon", "coordinates": [ [ [ [ 115.242624032173353, -8.485412179828188 ], [ 115.242590041397307, -8.485476611756155 ], [ 115.242541786474362, -8.485451380376844 ], [ 115.242575777250408, -8.485386948448877 ], [ 115.242624032173353, -8.485412179828188 ] ] ] ] } },
{ "type": "Feature", "properties": { "latitude": -8.49195029, "longitude": 115.24513982000001, "area_in_me": 46.3184, "confidence": 0.8021, "full_plus": "6P3QG65W+636V", "layer": "2dd_buildings_001", "path": "file:///C:/Users/BPN/Downloads/Compressed/2dd_buildings.csv/2dd_buildings_split/2dd_buildings_001.csv?type=csv&maxFields=10000&detectTypes=yes&wktField=geometry&crs=EPSG:4326&spatialIndex=no&subsetIndex=no&watchFile=no", "Shape_Leng": 0.00028050885, "Shape_Area": 3.79e-09 }, "geometry": { "type": "MultiPolygon", "coordinates": [ [ [ [ 115.245175020310967, -8.491927505449951 ], [ 115.245160512447796, -8.491996362042414 ], [ 115.245126412853779, -8.49198924121049 ], [ 115.245133060642274, -8.491957692093763 ], [ 115.245098749707608, -8.491950526295682 ], [ 115.245106610681546, -8.491913218819946 ], [ 115.245175020310967, -8.491927505449951 ] ] ] ] } },
{ "type": "Feature", "properties": { "latitude": -8.48591443, "longitude": 115.24763651000001, "area_in_me": 55.2898, "confidence": 0.7713, "full_plus": "6P3QG67X+J3JF", "layer": "2dd_buildings_001", "path": "file:///C:/Users/BPN/Downloads/Compressed/2dd_buildings.csv/2dd_buildings_split/2dd_buildings_001.csv?type=csv&maxFields=10000&detectTypes=yes&wktField=geometry&crs=EPSG:4326&spatialIndex=no&subsetIndex=no&watchFile=no", "Shape_Leng": 0.00026898898, "Shape_Area": 4.52e-09 }, "geometry": { "type": "MultiPolygon", "coordinates": [ [ [ [ 115.247674783964158, -8.485936302018672 ], [ 115.247615132832152, -8.485956836238927 ], [ 115.247593390822431, -8.485894232632688 ], [ 115.247654913443512, -8.485873055397121 ], [ 115.247657899192745, -8.485872027472055 ], [ 115.247679641202581, -8.485934630178974 ], [ 115.247674783964158, -8.485936302018672 ] ] ] ] } },
{ "type": "Feature", "properties": { "latitude": -8.4855531, "longitude": 115.24304525, "area_in_me": 52.4464, "confidence": 0.8589, "full_plus": "6P3QG67V+Q6FV", "layer": "2dd_buildings_001", "path": "file:///C:/Users/BPN/Downloads/Compressed/2dd_buildings.csv/2dd_buildings_split/2dd_buildings_001.csv?type=csv&maxFields=10000&detectTypes=yes&wktField=geometry&crs=EPSG:4326&spatialIndex=no&subsetIndex=no&watchFile=no", "Shape_Leng": 0.00026288442, "Shape_Area": 4.29e-09 }, "geometry": { "type": "MultiPolygon", "coordinates": [ [ [ [ 115.243089930455994, -8.48553942310582 ], [ 115.243051241621515, -8.485599251404267 ], [ 115.243000563924966, -8.485566769690649 ], [ 115.243039252759331, -8.485506940492883 ], [ 115.243089930455994, -8.48553942310582 ] ] ] ] } },
{ "type": "Feature", "properties": { "latitude": -8.48799555, "longitude": 115.24530877, "area_in_me": 134.7465, "confidence": 0.8649, "full_plus": "6P3QG66W+R435", "layer": "2dd_buildings_001", "path": "file:///C:/Users/BPN/Downloads/Compressed/2dd_buildings.csv/2dd_buildings_split/2dd_buildings_001.csv?type=csv&maxFields=10000&detectTypes=yes&wktField=geometry&crs=EPSG:4326&spatialIndex=no&subsetIndex=no&watchFile=no", "Shape_Leng": 0.00047139413, "Shape_Area": 1.102e-08 }, "geometry": { "type": "MultiPolygon", "coordinates": [ [ [ [ 115.245226164755763, -8.488030495710746 ], [ 115.245224200636358, -8.488030562260576 ], [ 115.245222015283844, -8.487966320089527 ], [ 115.245393335234326, -8.487960543744066 ], [ 115.24539552058684, -8.488024786814435 ], [ 115.245230432938229, -8.488030351819248 ], [ 115.245226164755763, -8.488030495710746 ] ] ] ] } },
{ "type": "Feature", "properties": { "latitude": -8.48708564, "longitude": 115.24657864, "area_in_me": 32.5668, "confidence": 0.7565, "full_plus": "6P3QG67W+5J8G", "layer": "2dd_buildings_001", "path": "file:///C:/Users/BPN/Downloads/Compressed/2dd_buildings.csv/2dd_buildings_split/2dd_buildings_001.csv?type=csv&maxFields=10000&detectTypes=yes&wktField=geometry&crs=EPSG:4326&spatialIndex=no&subsetIndex=no&watchFile=no", "Shape_Leng": 0.00020659297, "Shape_Area": 2.66e-09 }, "geometry": { "type": "MultiPolygon", "coordinates": [ [ [ [ 115.246604602420575, -8.487111387680329 ], [ 115.246555104634467, -8.487113588321392 ], [ 115.246552696249978, -8.487059892499985 ], [ 115.246602194036086, -8.487057691858922 ], [ 115.246604602420575, -8.487111387680329 ] ] ] ] } },
{ "type": "Feature", "properties": { "latitude": -8.48608453, "longitude": 115.24182777, "area_in_me": 75.0827, "confidence": 0.8835, "full_plus": "6P3QG67R+HP8M", "layer": "2dd_buildings_001", "path": "file:///C:/Users/BPN/Downloads/Compressed/2dd_buildings.csv/2dd_buildings_split/2dd_buildings_001.csv?type=csv&maxFields=10000&detectTypes=yes&wktField=geometry&crs=EPSG:4326&spatialIndex=no&subsetIndex=no&watchFile=no", "Shape_Leng": 0.00032240097, "Shape_Area": 6.14e-09 }, "geometry": { "type": "MultiPolygon", "coordinates": [ [ [ [ 115.241883937793546, -8.486067849451672 ], [ 115.241867585420778, -8.486127358490762 ], [ 115.241771596282206, -8.486101215198858 ], [ 115.241787948654974, -8.486041706159767 ], [ 115.241883937793546, -8.486067849451672 ] ] ] ] } },
{ "type": "Feature", "properties": { "latitude": -8.49118911, "longitude": 115.24567901, "area_in_me": 14.2798, "confidence": 0.7805, "full_plus": "6P3QG65W+G7FG", "layer": "2dd_buildings_001", "path": "file:///C:/Users/BPN/Downloads/Compressed/2dd_buildings.csv/2dd_buildings_split/2dd_buildings_001.csv?type=csv&maxFields=10000&detectTypes=yes&wktField=geometry&crs=EPSG:4326&spatialIndex=no&subsetIndex=no&watchFile=no", "Shape_Leng": 0.00014608181, "Shape_Area": 1.17e-09 }, "geometry": { "type": "MultiPolygon", "coordinates": [ [ [ [ 115.245705990838815, -8.491184262543641 ], [ 115.245699676698791, -8.49120703877378 ], [ 115.24565203691202, -8.491193950040724 ], [ 115.245658351052157, -8.491171172911265 ], [ 115.245705990838815, -8.491184262543641 ] ] ] ] } },
{ "type": "Feature", "properties": { "latitude": -8.48725892, "longitude": 115.24544833, "area_in_me": 9.2451, "confidence": 0.7991, "full_plus": "6P3QG67W+35WM", "layer": "2dd_buildings_001", "path": "file:///C:/Users/BPN/Downloads/Compressed/2dd_buildings.csv/2dd_buildings_split/2dd_buildings_001.csv?type=csv&maxFields=10000&detectTypes=yes&wktField=geometry&crs=EPSG:4326&spatialIndex=no&subsetIndex=no&watchFile=no", "Shape_Leng": 0.00013170135, "Shape_Area": 7.6e-10 }, "geometry": { "type": "MultiPolygon", "coordinates": [ [ [ [ 115.245473343420144, -8.487266965897732 ], [ 115.24547326607842, -8.487268067567243 ], [ 115.245434510694167, -8.487265366003783 ], [ 115.245422351860157, -8.487264517943117 ], [ 115.245423391476379, -8.487249741182552 ], [ 115.245474305694756, -8.487253291705997 ], [ 115.245473343420144, -8.487266965897732 ] ] ] ] } },
{ "type": "Feature", "properties": { "latitude": -8.48766748, "longitude": 115.24611243, "area_in_me": 64.386, "confidence": 0.8574, "full_plus": "6P3QG66W+WCQ8", "layer": "2dd_buildings_001", "path": "file:///C:/Users/BPN/Downloads/Compressed/2dd_buildings.csv/2dd_buildings_split/2dd_buildings_001.csv?type=csv&maxFields=10000&detectTypes=yes&wktField=geometry&crs=EPSG:4326&spatialIndex=no&subsetIndex=no&watchFile=no", "Shape_Leng": 0.00029132063, "Shape_Area": 5.27e-09 }, "geometry": { "type": "MultiPolygon", "coordinates": [ [ [ [ 115.246153662561483, -8.487698670157442 ], [ 115.246074680502147, -8.487702767468704 ], [ 115.246071200125812, -8.487636286885106 ], [ 115.246108701855178, -8.487634341651471 ], [ 115.246129185713357, -8.487633278652822 ], [ 115.246150183084524, -8.487632189573844 ], [ 115.246150211862869, -8.487632746254178 ], [ 115.246152176881537, -8.487670279459792 ], [ 115.246153662561483, -8.487698670157442 ] ] ] ] } },
{ "type": "Feature", "properties": { "latitude": -8.49225357, "longitude": 115.24535256, "area_in_me": 84.6309, "confidence": 0.8533, "full_plus": "6P3QG65W+34XV", "layer": "2dd_buildings_001", "path": "file:///C:/Users/BPN/Downloads/Compressed/2dd_buildings.csv/2dd_buildings_split/2dd_buildings_001.csv?type=csv&maxFields=10000&detectTypes=yes&wktField=geometry&crs=EPSG:4326&spatialIndex=no&subsetIndex=no&watchFile=no", "Shape_Leng": 0.00039866344, "Shape_Area": 6.92e-09 }, "geometry": { "type": "MultiPolygon", "coordinates": [ [ [ [ 115.245432970155548, -8.492249769411274 ], [ 115.245422475067244, -8.492293300195627 ], [ 115.245272154286567, -8.492257377675799 ], [ 115.245282650274135, -8.492213845992126 ], [ 115.245343908494647, -8.492228485156431 ], [ 115.245358642987071, -8.492232006901531 ], [ 115.245432970155548, -8.492249769411274 ] ] ] ] } },
{ "type": "Feature", "properties": { "latitude": -8.4859379, "longitude": 115.24342937, "area_in_me": 315.5225, "confidence": 0.9072, "full_plus": "6P3QG67V+J9FG", "layer": "2dd_buildings_001", "path": "file:///C:/Users/BPN/Downloads/Compressed/2dd_buildings.csv/2dd_buildings_split/2dd_buildings_001.csv?type=csv&maxFields=10000&detectTypes=yes&wktField=geometry&crs=EPSG:4326&spatialIndex=no&subsetIndex=no&watchFile=no", "Shape_Leng": 0.00065874091, "Shape_Area": 2.58e-08 }, "geometry": { "type": "MultiPolygon", "coordinates": [ [ [ [ 115.243508192549143, -8.486027476187019 ], [ 115.243381326986764, -8.486046961797797 ], [ 115.243350544092436, -8.485848315047633 ], [ 115.243477409654815, -8.485828830336231 ], [ 115.243508192549143, -8.486027476187019 ] ] ] ] } },
{ "type": "Feature", "properties": { "latitude": -8.48884555, "longitude": 115.24526328, "area_in_me": 56.0865, "confidence": 0.8609, "full_plus": "6P3QG66W+F463", "layer": "2dd_buildings_001", "path": "file:///C:/Users/BPN/Downloads/Compressed/2dd_buildings.csv/2dd_buildings_split/2dd_buildings_001.csv?type=csv&maxFields=10000&detectTypes=yes&wktField=geometry&crs=EPSG:4326&spatialIndex=no&subsetIndex=no&watchFile=no", "Shape_Leng": 0.00028544935, "Shape_Area": 4.59e-09 }, "geometry": { "type": "MultiPolygon", "coordinates": [ [ [ [ 115.245308861914509, -8.48887023317468 ], [ 115.24530872341893, -8.488872631666595 ], [ 115.245217302836295, -8.48886739311564 ], [ 115.245215015860367, -8.488867261814619 ], [ 115.245217836134316, -8.488818479888891 ], [ 115.245311543692878, -8.488823849740811 ], [ 115.245308861914509, -8.48887023317468 ] ] ] ] } },
{ "type": "Feature", "properties": { "latitude": -8.48904478, "longitude": 115.24535913, "area_in_me": 26.9455, "confidence": 0.6828, "full_plus": "6P3QG66W+94Q7", "layer": "2dd_buildings_001", "path": "file:///C:/Users/BPN/Downloads/Compressed/2dd_buildings.csv/2dd_buildings_split/2dd_buildings_001.csv?type=csv&maxFields=10000&detectTypes=yes&wktField=geometry&crs=EPSG:4326&spatialIndex=no&subsetIndex=no&watchFile=no", "Shape_Leng": 0.00019441706, "Shape_Area": 2.2e-09 }, "geometry": { "type": "MultiPolygon", "coordinates": [ [ [ [ 115.245390848608849, -8.489028802537177 ], [ 115.245388488787739, -8.489064722358989 ], [ 115.245327406834463, -8.489060745556912 ], [ 115.245329766655459, -8.4890248257351 ], [ 115.245390848608849, -8.489028802537177 ] ] ] ] } },
{ "type": "Feature", "properties": { "latitude": -8.49198093, "longitude": 115.2456713, "area_in_me": 135.95, "confidence": 0.8346, "full_plus": "6P3QG65W+673M", "layer": "2dd_buildings_001", "path": "file:///C:/Users/BPN/Downloads/Compressed/2dd_buildings.csv/2dd_buildings_split/2dd_buildings_001.csv?type=csv&maxFields=10000&detectTypes=yes&wktField=geometry&crs=EPSG:4326&spatialIndex=no&subsetIndex=no&watchFile=no", "Shape_Leng": 0.00056539099, "Shape_Area": 1.112e-08 }, "geometry": { "type": "MultiPolygon", "coordinates": [ [ [ [ 115.245716022776264, -8.491955783732408 ], [ 115.245776206306914, -8.491967204223045 ], [ 115.245766147389872, -8.492019744415643 ], [ 115.245705962959846, -8.492008323924949 ], [ 115.245616279867477, -8.491991306053876 ], [ 115.245609468402336, -8.492026883234018 ], [ 115.245607380176466, -8.492037792909741 ], [ 115.245578565898199, -8.492032325031744 ], [ 115.245597525405515, -8.49193329798328 ], [ 115.245716022776264, -8.491955783732408 ] ] ] ] } },
{ "type": "Feature", "properties": { "latitude": -8.49068767, "longitude": 115.24658683, "area_in_me": 27.7572, "confidence": 0.7319, "full_plus": "6P3QG65W+PJGH", "layer": "2dd_buildings_001", "path": "file:///C:/Users/BPN/Downloads/Compressed/2dd_buildings.csv/2dd_buildings_split/2dd_buildings_001.csv?type=csv&maxFields=10000&detectTypes=yes&wktField=geometry&crs=EPSG:4326&spatialIndex=no&subsetIndex=no&watchFile=no", "Shape_Leng": 0.00019297041, "Shape_Area": 2.27e-09 }, "geometry": { "type": "MultiPolygon", "coordinates": [ [ [ [ 115.246610005547382, -8.490662059506406 ], [ 115.246604087108949, -8.490717572857648 ], [ 115.2465636553884, -8.49071330107796 ], [ 115.246569573826832, -8.490657786827342 ], [ 115.246610005547382, -8.490662059506406 ] ] ] ] } },
{ "type": "Feature", "properties": { "latitude": -8.48874275, "longitude": 115.24548342, "area_in_me": 23.2626, "confidence": 0.7554, "full_plus": "6P3QG66W+G557", "layer": "2dd_buildings_001", "path": "file:///C:/Users/BPN/Downloads/Compressed/2dd_buildings.csv/2dd_buildings_split/2dd_buildings_001.csv?type=csv&maxFields=10000&detectTypes=yes&wktField=geometry&crs=EPSG:4326&spatialIndex=no&subsetIndex=no&watchFile=no", "Shape_Leng": 0.00017476723, "Shape_Area": 1.9e-09 }, "geometry": { "type": "MultiPolygon", "coordinates": [ [ [ [ 115.24550399681209, -8.488719640798763 ], [ 115.245503931161579, -8.488765919911202 ], [ 115.245462826748167, -8.488765862354626 ], [ 115.245462892398677, -8.48871958324213 ], [ 115.24550399681209, -8.488719640798763 ] ] ] ] } },
{ "type": "Feature", "properties": { "latitude": -8.48637504, "longitude": 115.24492421, "area_in_me": 41.106, "confidence": 0.8538, "full_plus": "6P3QG67V+CXVW", "layer": "2dd_buildings_001", "path": "file:///C:/Users/BPN/Downloads/Compressed/2dd_buildings.csv/2dd_buildings_split/2dd_buildings_001.csv?type=csv&maxFields=10000&detectTypes=yes&wktField=geometry&crs=EPSG:4326&spatialIndex=no&subsetIndex=no&watchFile=no", "Shape_Leng": 0.00023268429, "Shape_Area": 3.36e-09 }, "geometry": { "type": "MultiPolygon", "coordinates": [ [ [ [ 115.244956583079897, -8.486349394808656 ], [ 115.244944227294354, -8.486411085603095 ], [ 115.244891823798639, -8.48640068224563 ], [ 115.244904179584296, -8.486338991451248 ], [ 115.244956583079897, -8.486349394808656 ] ] ] ] } },
{ "type": "Feature", "properties": { "latitude": -8.48815648, "longitude": 115.24677334, "area_in_me": 215.5121, "confidence": 0.8433, "full_plus": "6P3QG66W+PPJP", "layer": "2dd_buildings_001", "path": "file:///C:/Users/BPN/Downloads/Compressed/2dd_buildings.csv/2dd_buildings_split/2dd_buildings_001.csv?type=csv&maxFields=10000&detectTypes=yes&wktField=geometry&crs=EPSG:4326&spatialIndex=no&subsetIndex=no&watchFile=no", "Shape_Leng": 0.00054995758, "Shape_Area": 1.762e-08 }, "geometry": { "type": "MultiPolygon", "coordinates": [ [ [ [ 115.246862699753819, -8.48820240022053 ], [ 115.246689699869762, -8.488212100308147 ], [ 115.246687908420313, -8.488180081745327 ], [ 115.246684027845617, -8.488111126227466 ], [ 115.246683999966649, -8.488110500299285 ], [ 115.246737452971161, -8.488107534335199 ], [ 115.246833496968407, -8.488102204053405 ], [ 115.246856999850706, -8.488100900036443 ], [ 115.246862699753819, -8.48820240022053 ] ] ] ] } },
{ "type": "Feature", "properties": { "latitude": -8.49215656, "longitude": 115.24558262, "area_in_me": 46.5034, "confidence": 0.8083, "full_plus": "6P3QG65W+46PP", "layer": "2dd_buildings_001", "path": "file:///C:/Users/BPN/Downloads/Compressed/2dd_buildings.csv/2dd_buildings_split/2dd_buildings_001.csv?type=csv&maxFields=10000&detectTypes=yes&wktField=geometry&crs=EPSG:4326&spatialIndex=no&subsetIndex=no&watchFile=no", "Shape_Leng": 0.00024845125, "Shape_Area": 3.8e-09 }, "geometry": { "type": "MultiPolygon", "coordinates": [ [ [ [ 115.24561601996345, -8.492127504780456 ], [ 115.24560294292155, -8.492195806491225 ], [ 115.245549218321798, -8.492185611776506 ], [ 115.245562295363698, -8.492117310065737 ], [ 115.24561601996345, -8.492127504780456 ] ] ] ] } },
{ "type": "Feature", "properties": { "latitude": -8.48707508, "longitude": 115.24609532, "area_in_me": 19.7224, "confidence": 0.7808, "full_plus": "6P3QG67W+5C9R", "layer": "2dd_buildings_001", "path": "file:///C:/Users/BPN/Downloads/Compressed/2dd_buildings.csv/2dd_buildings_split/2dd_buildings_001.csv?type=csv&maxFields=10000&detectTypes=yes&wktField=geometry&crs=EPSG:4326&spatialIndex=no&subsetIndex=no&watchFile=no", "Shape_Leng": 0.00016122209, "Shape_Area": 1.61e-09 }, "geometry": { "type": "MultiPolygon", "coordinates": [ [ [ [ 115.246119736536684, -8.487090006298729 ], [ 115.246076497132663, -8.487096583040852 ], [ 115.246070904248882, -8.487060135316938 ], [ 115.246114143652903, -8.487053558574814 ], [ 115.246119736536684, -8.487090006298729 ] ] ] ] } },
{ "type": "Feature", "properties": { "latitude": -8.48874653, "longitude": 115.24625159, "area_in_me": 81.049, "confidence": 0.8851, "full_plus": "6P3QG66W+GG22", "layer": "2dd_buildings_001", "path": "file:///C:/Users/BPN/Downloads/Compressed/2dd_buildings.csv/2dd_buildings_split/2dd_buildings_001.csv?type=csv&maxFields=10000&detectTypes=yes&wktField=geometry&crs=EPSG:4326&spatialIndex=no&subsetIndex=no&watchFile=no", "Shape_Leng": 0.0003572269, "Shape_Area": 6.63e-09 }, "geometry": { "type": "MultiPolygon", "coordinates": [ [ [ [ 115.246232392810725, -8.488773100098456 ], [ 115.246188953757269, -8.488773699046931 ], [ 115.246188221709076, -8.488721112988912 ], [ 115.246314232016289, -8.488719374599384 ], [ 115.246314964064368, -8.488771960657402 ], [ 115.246232392810725, -8.488773100098456 ] ] ] ] } },
{ "type": "Feature", "properties": { "latitude": -8.49083956, "longitude": 115.24532543, "area_in_me": 89.2623, "confidence": 0.8551, "full_plus": "6P3QG65W+M48F", "layer": "2dd_buildings_001", "path": "file:///C:/Users/BPN/Downloads/Compressed/2dd_buildings.csv/2dd_buildings_split/2dd_buildings_001.csv?type=csv&maxFields=10000&detectTypes=yes&wktField=geometry&crs=EPSG:4326&spatialIndex=no&subsetIndex=no&watchFile=no", "Shape_Leng": 0.00035152567, "Shape_Area": 7.3e-09 }, "geometry": { "type": "MultiPolygon", "coordinates": [ [ [ [ 115.245338871391823, -8.490901868226615 ], [ 115.245309907826027, -8.490891593472213 ], [ 115.245275446704568, -8.490879368987635 ], [ 115.245311996951159, -8.490777247372023 ], [ 115.245375421638414, -8.490799745711627 ], [ 115.245338871391823, -8.490901868226615 ] ] ] ] } },
{ "type": "Feature", "properties": { "latitude": -8.48790061, "longitude": 115.24650185, "area_in_me": 114.8904, "confidence": 0.7663, "full_plus": "6P3QG66W+RJJR", "layer": "2dd_buildings_001", "path": "file:///C:/Users/BPN/Downloads/Compressed/2dd_buildings.csv/2dd_buildings_split/2dd_buildings_001.csv?type=csv&maxFields=10000&detectTypes=yes&wktField=geometry&crs=EPSG:4326&spatialIndex=no&subsetIndex=no&watchFile=no", "Shape_Leng": 0.00038876979, "Shape_Area": 9.39e-09 }, "geometry": { "type": "MultiPolygon", "coordinates": [ [ [ [ 115.246535695466036, -8.487944160794314 ], [ 115.246451740155749, -8.487947892980856 ], [ 115.246450336314069, -8.48791659027836 ], [ 115.246447706696358, -8.487857961675559 ], [ 115.246551966899801, -8.487853326569734 ], [ 115.246556000359192, -8.487943257875031 ], [ 115.246535695466036, -8.487944160794314 ] ] ] ] } },
{ "type": "Feature", "properties": { "latitude": -8.49249992, "longitude": 115.24743008, "area_in_me": 85.1169, "confidence": 0.7052, "full_plus": "6P3QG65W+2X35", "layer": "2dd_buildings_001", "path": "file:///C:/Users/BPN/Downloads/Compressed/2dd_buildings.csv/2dd_buildings_split/2dd_buildings_001.csv?type=csv&maxFields=10000&detectTypes=yes&wktField=geometry&crs=EPSG:4326&spatialIndex=no&subsetIndex=no&watchFile=no", "Shape_Leng": 0.00033510418, "Shape_Area": 6.96e-09 }, "geometry": { "type": "MultiPolygon", "coordinates": [ [ [ [ 115.247471814172968, -8.492457508307325 ], [ 115.247464242780666, -8.492548589845512 ], [ 115.247388342697946, -8.492542335959968 ], [ 115.247395914989511, -8.492451255321157 ], [ 115.247471814172968, -8.492457508307325 ] ] ] ] } },
{ "type": "Feature", "properties": { "latitude": -8.49233455, "longitude": 115.24298118, "area_in_me": 13.5056, "confidence": 0.6538, "full_plus": "6P3QG65V+359M", "layer": "2dd_buildings_001", "path": "file:///C:/Users/BPN/Downloads/Compressed/2dd_buildings.csv/2dd_buildings_split/2dd_buildings_001.csv?type=csv&maxFields=10000&detectTypes=yes&wktField=geometry&crs=EPSG:4326&spatialIndex=no&subsetIndex=no&watchFile=no", "Shape_Leng": 0.0001351163, "Shape_Area": 1.1e-09 }, "geometry": { "type": "MultiPolygon", "coordinates": [ [ [ [ 115.243003905805722, -8.492325961773645 ], [ 115.242997099736385, -8.492352842509604 ], [ 115.242958468458596, -8.492343147817962 ], [ 115.242965274527819, -8.492316267082003 ], [ 115.243003905805722, -8.492325961773645 ] ] ] ] } },
{ "type": "Feature", "properties": { "latitude": -8.48890608, "longitude": 115.24548471, "area_in_me": 75.7595, "confidence": 0.868, "full_plus": "6P3QG66W+C5QP", "layer": "2dd_buildings_001", "path": "file:///C:/Users/BPN/Downloads/Compressed/2dd_buildings.csv/2dd_buildings_split/2dd_buildings_001.csv?type=csv&maxFields=10000&detectTypes=yes&wktField=geometry&crs=EPSG:4326&spatialIndex=no&subsetIndex=no&watchFile=no", "Shape_Leng": 0.00036074198, "Shape_Area": 6.2e-09 }, "geometry": { "type": "MultiPolygon", "coordinates": [ [ [ [ 115.245553318331076, -8.488887894960328 ], [ 115.245549962960467, -8.488933931255872 ], [ 115.245416098873875, -8.4889242599466 ], [ 115.245419400285186, -8.488878973685644 ], [ 115.245419455143747, -8.488878223651056 ], [ 115.245469840560759, -8.488881864106702 ], [ 115.245553318331076, -8.488887894960328 ] ] ] ] } },
{ "type": "Feature", "properties": { "latitude": -8.49217729, "longitude": 115.24506198, "area_in_me": 34.6369, "confidence": 0.8288, "full_plus": "6P3QG65W+42FX", "layer": "2dd_buildings_001", "path": "file:///C:/Users/BPN/Downloads/Compressed/2dd_buildings.csv/2dd_buildings_split/2dd_buildings_001.csv?type=csv&maxFields=10000&detectTypes=yes&wktField=geometry&crs=EPSG:4326&spatialIndex=no&subsetIndex=no&watchFile=no", "Shape_Leng": 0.00021685323, "Shape_Area": 2.83e-09 }, "geometry": { "type": "MultiPolygon", "coordinates": [ [ [ [ 115.245096869225222, -8.492159749972416 ], [ 115.245091089282369, -8.492203251978424 ], [ 115.245027099820845, -8.492194826230218 ], [ 115.245032879763698, -8.49215132332489 ], [ 115.245096869225222, -8.492159749972416 ] ] ] ] } },
{ "type": "Feature", "properties": { "latitude": -8.48654565, "longitude": 115.24662708, "area_in_me": 14.4352, "confidence": 0.7358, "full_plus": "6P3QG67W+9MJ2", "layer": "2dd_buildings_001", "path": "file:///C:/Users/BPN/Downloads/Compressed/2dd_buildings.csv/2dd_buildings_split/2dd_buildings_001.csv?type=csv&maxFields=10000&detectTypes=yes&wktField=geometry&crs=EPSG:4326&spatialIndex=no&subsetIndex=no&watchFile=no", "Shape_Leng": 0.00013841714, "Shape_Area": 1.18e-09 }, "geometry": { "type": "MultiPolygon", "coordinates": [ [ [ [ 115.246647551343472, -8.486531973371825 ], [ 115.24664520950887, -8.486562358765809 ], [ 115.246628319341539, -8.486561037661716 ], [ 115.246612047907774, -8.486559765121001 ], [ 115.246606594418836, -8.486559338842369 ], [ 115.246608248272082, -8.486537890011562 ], [ 115.246608937152814, -8.486528952549065 ], [ 115.246635420388429, -8.486531024587066 ], [ 115.246647551343472, -8.486531973371825 ] ] ] ] } },
{ "type": "Feature", "properties": { "latitude": -8.49086211, "longitude": 115.24572913, "area_in_me": 21.21, "confidence": 0.6974, "full_plus": "6P3QG65W+M75F", "layer": "2dd_buildings_001", "path": "file:///C:/Users/BPN/Downloads/Compressed/2dd_buildings.csv/2dd_buildings_split/2dd_buildings_001.csv?type=csv&maxFields=10000&detectTypes=yes&wktField=geometry&crs=EPSG:4326&spatialIndex=no&subsetIndex=no&watchFile=no", "Shape_Leng": 0.00017149723, "Shape_Area": 1.73e-09 }, "geometry": { "type": "MultiPolygon", "coordinates": [ [ [ [ 115.245758995980964, -8.490853114179856 ], [ 115.245750559440808, -8.490884694772774 ], [ 115.245699266607971, -8.490871114110575 ], [ 115.245707702248751, -8.490839533517601 ], [ 115.245758995980964, -8.490853114179856 ] ] ] ] } },
{ "type": "Feature", "properties": { "latitude": -8.4889603, "longitude": 115.24589697, "area_in_me": 23.9547, "confidence": 0.7942, "full_plus": "6P3QG66W+C96G", "layer": "2dd_buildings_001", "path": "file:///C:/Users/BPN/Downloads/Compressed/2dd_buildings.csv/2dd_buildings_split/2dd_buildings_001.csv?type=csv&maxFields=10000&detectTypes=yes&wktField=geometry&crs=EPSG:4326&spatialIndex=no&subsetIndex=no&watchFile=no", "Shape_Leng": 0.00018821251, "Shape_Area": 1.96e-09 }, "geometry": { "type": "MultiPolygon", "coordinates": [ [ [ [ 115.245929067672364, -8.48894599745978 ], [ 115.245927858084201, -8.488977053747988 ], [ 115.245864878561406, -8.488974622880505 ], [ 115.245866088149455, -8.488943566592297 ], [ 115.245929067672364, -8.48894599745978 ] ] ] ] } },
{ "type": "Feature", "properties": { "latitude": -8.48908944, "longitude": 115.24659593, "area_in_me": 25.6818, "confidence": 0.8027, "full_plus": "6P3QG66W+9J9C", "layer": "2dd_buildings_001", "path": "file:///C:/Users/BPN/Downloads/Compressed/2dd_buildings.csv/2dd_buildings_split/2dd_buildings_001.csv?type=csv&maxFields=10000&detectTypes=yes&wktField=geometry&crs=EPSG:4326&spatialIndex=no&subsetIndex=no&watchFile=no", "Shape_Leng": 0.00018335784, "Shape_Area": 2.1e-09 }, "geometry": { "type": "MultiPolygon", "coordinates": [ [ [ [ 115.246621152644138, -8.489109839547439 ], [ 115.246574382501763, -8.48911365357219 ], [ 115.246570712368566, -8.48906905079599 ], [ 115.246617482510828, -8.489065236771239 ], [ 115.246621152644138, -8.489109839547439 ] ] ] ] } },
{ "type": "Feature", "properties": { "latitude": -8.48889913, "longitude": 115.24592404000001, "area_in_me": 35.163, "confidence": 0.6987, "full_plus": "6P3QG66W+C9V4", "layer": "2dd_buildings_001", "path": "file:///C:/Users/BPN/Downloads/Compressed/2dd_buildings.csv/2dd_buildings_split/2dd_buildings_001.csv?type=csv&maxFields=10000&detectTypes=yes&wktField=geometry&crs=EPSG:4326&spatialIndex=no&subsetIndex=no&watchFile=no", "Shape_Leng": 0.00023000847, "Shape_Area": 2.88e-09 }, "geometry": { "type": "MultiPolygon", "coordinates": [ [ [ [ 115.245953961805981, -8.48891093469183 ], [ 115.245933433880964, -8.488911988697282 ], [ 115.245934482490384, -8.488932243228419 ], [ 115.245901346070355, -8.488933944745725 ], [ 115.245898176859441, -8.488872757571642 ], [ 115.245951841204601, -8.488870002048884 ], [ 115.245953961805981, -8.48891093469183 ] ] ] ] } },
{ "type": "Feature", "properties": { "latitude": -8.4882931, "longitude": 115.24463519, "area_in_me": 339.3014, "confidence": 0.837, "full_plus": "6P3QG66V+MVJ7", "layer": "2dd_buildings_001", "path": "file:///C:/Users/BPN/Downloads/Compressed/2dd_buildings.csv/2dd_buildings_split/2dd_buildings_001.csv?type=csv&maxFields=10000&detectTypes=yes&wktField=geometry&crs=EPSG:4326&spatialIndex=no&subsetIndex=no&watchFile=no", "Shape_Leng": 0.00078519299, "Shape_Area": 2.775e-08 }, "geometry": { "type": "MultiPolygon", "coordinates": [ [ [ [ 115.244692498060431, -8.488380806828729 ], [ 115.244691399988142, -8.488404899666364 ], [ 115.244690477283712, -8.488404858297542 ], [ 115.244624400495695, -8.488401899528014 ], [ 115.244622799702483, -8.488436799518638 ], [ 115.244598535993646, -8.488435750009785 ], [ 115.244576599730408, -8.488434800325706 ], [ 115.244576601529047, -8.48843476345354 ], [ 115.244580500090024, -8.488348442926281 ], [ 115.244582918367087, -8.48829489549297 ], [ 115.244589206426781, -8.488155799150775 ], [ 115.24468100022807, -8.488159900059316 ], [ 115.244677699716135, -8.488232700178912 ], [ 115.244699199808338, -8.488233700225067 ], [ 115.244692498060431, -8.488380806828729 ] ] ] ] } },
{ "type": "Feature", "properties": { "latitude": -8.4920728, "longitude": 115.2453327, "area_in_me": 35.836, "confidence": 0.8654, "full_plus": "6P3QG65W+54G4", "layer": "2dd_buildings_001", "path": "file:///C:/Users/BPN/Downloads/Compressed/2dd_buildings.csv/2dd_buildings_split/2dd_buildings_001.csv?type=csv&maxFields=10000&detectTypes=yes&wktField=geometry&crs=EPSG:4326&spatialIndex=no&subsetIndex=no&watchFile=no", "Shape_Leng": 0.00021680793, "Shape_Area": 2.93e-09 }, "geometry": { "type": "MultiPolygon", "coordinates": [ [ [ [ 115.24535628676324, -8.492098891050944 ], [ 115.245355251643559, -8.492103803147927 ], [ 115.245307547105654, -8.492093840458324 ], [ 115.245299529649628, -8.492092165920667 ], [ 115.245310144347741, -8.492041792194925 ], [ 115.245365865442409, -8.492053428522865 ], [ 115.24535628676324, -8.492098891050944 ] ] ] ] } },
{ "type": "Feature", "properties": { "latitude": -8.48667181, "longitude": 115.24219839, "area_in_me": 119.4154, "confidence": 0.8936, "full_plus": "6P3QG67R+8VP3", "layer": "2dd_buildings_001", "path": "file:///C:/Users/BPN/Downloads/Compressed/2dd_buildings.csv/2dd_buildings_split/2dd_buildings_001.csv?type=csv&maxFields=10000&detectTypes=yes&wktField=geometry&crs=EPSG:4326&spatialIndex=no&subsetIndex=no&watchFile=no", "Shape_Leng": 0.00040932473, "Shape_Area": 9.76e-09 }, "geometry": { "type": "MultiPolygon", "coordinates": [ [ [ [ 115.242195698572687, -8.486746387036078 ], [ 115.242156084335875, -8.486721307642199 ], [ 115.242131696520687, -8.486705868980607 ], [ 115.242201089109017, -8.486597226380866 ], [ 115.24226509116113, -8.486637744436337 ], [ 115.242195698572687, -8.486746387036078 ] ] ] ] } },
{ "type": "Feature", "properties": { "latitude": -8.48594655, "longitude": 115.24543203, "area_in_me": 127.848, "confidence": 0.7164, "full_plus": "6P3QG67W+J5F5", "layer": "2dd_buildings_001", "path": "file:///C:/Users/BPN/Downloads/Compressed/2dd_buildings.csv/2dd_buildings_split/2dd_buildings_001.csv?type=csv&maxFields=10000&detectTypes=yes&wktField=geometry&crs=EPSG:4326&spatialIndex=no&subsetIndex=no&watchFile=no", "Shape_Leng": 0.00042698746, "Shape_Area": 1.045e-08 }, "geometry": { "type": "MultiPolygon", "coordinates": [ [ [ [ 115.245478751043606, -8.485922585558853 ], [ 115.245472452191962, -8.48600156402091 ], [ 115.245472428809649, -8.486001857199881 ], [ 115.245434641995189, -8.485998869652065 ], [ 115.245433504352832, -8.486013135597659 ], [ 115.245384759299213, -8.486009282902046 ], [ 115.245394831706221, -8.485882992006452 ], [ 115.245481363574186, -8.485889832249939 ], [ 115.245478751043606, -8.485922585558853 ] ] ] ] } },
{ "type": "Feature", "properties": { "latitude": -8.48902472, "longitude": 115.24609103, "area_in_me": 72.7299, "confidence": 0.8881, "full_plus": "6P3QG66W+9CW5", "layer": "2dd_buildings_001", "path": "file:///C:/Users/BPN/Downloads/Compressed/2dd_buildings.csv/2dd_buildings_split/2dd_buildings_001.csv?type=csv&maxFields=10000&detectTypes=yes&wktField=geometry&crs=EPSG:4326&spatialIndex=no&subsetIndex=no&watchFile=no", "Shape_Leng": 0.00030847851, "Shape_Area": 5.95e-09 }, "geometry": { "type": "MultiPolygon", "coordinates": [ [ [ [ 115.246131612983618, -8.489061170036905 ], [ 115.246054434964208, -8.489065132449866 ], [ 115.246052467247637, -8.489027143288013 ], [ 115.246050585865873, -8.488990822368521 ], [ 115.246050453665589, -8.488988276387772 ], [ 115.246127631684885, -8.488984313075548 ], [ 115.246131612983618, -8.489061170036905 ] ] ] ] } },
{ "type": "Feature", "properties": { "latitude": -8.49144051, "longitude": 115.24557127, "area_in_me": 17.5285, "confidence": 0.6789, "full_plus": "6P3QG65W+C6G7", "layer": "2dd_buildings_001", "path": "file:///C:/Users/BPN/Downloads/Compressed/2dd_buildings.csv/2dd_buildings_split/2dd_buildings_001.csv?type=csv&maxFields=10000&detectTypes=yes&wktField=geometry&crs=EPSG:4326&spatialIndex=no&subsetIndex=no&watchFile=no", "Shape_Leng": 0.00015745277, "Shape_Area": 1.43e-09 }, "geometry": { "type": "MultiPolygon", "coordinates": [ [ [ [ 115.245593202364489, -8.491421696154305 ], [ 115.245576307700503, -8.49146890066919 ], [ 115.245549363112673, -8.491459342674489 ], [ 115.245566257776659, -8.491412138159603 ], [ 115.245593202364489, -8.491421696154305 ] ] ] ] } },
{ "type": "Feature", "properties": { "latitude": -8.48712992, "longitude": 115.24639373, "area_in_me": 124.5511, "confidence": 0.8847, "full_plus": "6P3QG67W+4HRW", "layer": "2dd_buildings_001", "path": "file:///C:/Users/BPN/Downloads/Compressed/2dd_buildings.csv/2dd_buildings_split/2dd_buildings_001.csv?type=csv&maxFields=10000&detectTypes=yes&wktField=geometry&crs=EPSG:4326&spatialIndex=no&subsetIndex=no&watchFile=no", "Shape_Leng": 0.00044513662, "Shape_Area": 1.018e-08 }, "geometry": { "type": "MultiPolygon", "coordinates": [ [ [ [ 115.246433490213462, -8.487065192204795 ], [ 115.246438923917253, -8.487186330884413 ], [ 115.246361107379244, -8.487189789677018 ], [ 115.246360500336891, -8.487176244088346 ], [ 115.246337108071089, -8.487177283704625 ], [ 115.246335692538196, -8.487145724695381 ], [ 115.246359084803998, -8.487144685079102 ], [ 115.246355674574829, -8.48706865189672 ], [ 115.246433490213462, -8.487065192204795 ] ] ] ] } },
{ "type": "Feature", "properties": { "latitude": -8.48981087, "longitude": 115.24611125, "area_in_me": 42.1788, "confidence": 0.7366, "full_plus": "6P3QG66W+3CHG", "layer": "2dd_buildings_001", "path": "file:///C:/Users/BPN/Downloads/Compressed/2dd_buildings.csv/2dd_buildings_split/2dd_buildings_001.csv?type=csv&maxFields=10000&detectTypes=yes&wktField=geometry&crs=EPSG:4326&spatialIndex=no&subsetIndex=no&watchFile=no", "Shape_Leng": 0.00025951622, "Shape_Area": 3.45e-09 }, "geometry": { "type": "MultiPolygon", "coordinates": [ [ [ [ 115.246140994711254, -8.489775408907974 ], [ 115.246133737182276, -8.489844528102424 ], [ 115.24610530871314, -8.489841570232215 ], [ 115.246073801864554, -8.489838291304068 ], [ 115.246073893595394, -8.489837420760296 ], [ 115.246077308321219, -8.489804897677857 ], [ 115.246097765199806, -8.489807026373114 ], [ 115.246101516272006, -8.489771300804819 ], [ 115.246140994711254, -8.489775408907974 ] ] ] ] } },
{ "type": "Feature", "properties": { "latitude": -8.48737292, "longitude": 115.24467264, "area_in_me": 18.4932, "confidence": 0.7115, "full_plus": "6P3QG67V+3V34", "layer": "2dd_buildings_002", "path": "file:///C:/Users/BPN/Downloads/Compressed/2dd_buildings.csv/2dd_buildings_split/2dd_buildings_002.csv?type=csv&maxFields=10000&detectTypes=yes&wktField=geometry&crs=EPSG:4326&spatialIndex=no&subsetIndex=no&watchFile=no", "Shape_Leng": 0.00016027193, "Shape_Area": 1.51e-09 }, "geometry": { "type": "MultiPolygon", "coordinates": [ [ [ [ 115.244688808142087, -8.487397176938146 ], [ 115.244658415553545, -8.487398350553406 ], [ 115.244656480212484, -8.487348667506978 ], [ 115.244686872801026, -8.487347493891662 ], [ 115.244688808142087, -8.487397176938146 ] ] ] ] } },
{ "type": "Feature", "properties": { "latitude": -8.48649445, "longitude": 115.24509953, "area_in_me": 32.4116, "confidence": 0.8743, "full_plus": "6P3QG67W+C256", "layer": "2dd_buildings_002", "path": "file:///C:/Users/BPN/Downloads/Compressed/2dd_buildings.csv/2dd_buildings_split/2dd_buildings_002.csv?type=csv&maxFields=10000&detectTypes=yes&wktField=geometry&crs=EPSG:4326&spatialIndex=no&subsetIndex=no&watchFile=no", "Shape_Leng": 0.0002086593, "Shape_Area": 2.65e-09 }, "geometry": { "type": "MultiPolygon", "coordinates": [ [ [ [ 115.245132886173792, -8.486477577877849 ], [ 115.245126002762845, -8.486520783107608 ], [ 115.245066164571881, -8.486511334830197 ], [ 115.245073047982828, -8.486468129600439 ], [ 115.245132886173792, -8.486477577877849 ] ] ] ] } },
{ "type": "Feature", "properties": { "latitude": -8.4901605, "longitude": 115.24623004, "area_in_me": 17.8341, "confidence": 0.6743, "full_plus": "6P3QG65W+WFQF", "layer": "2dd_buildings_002", "path": "file:///C:/Users/BPN/Downloads/Compressed/2dd_buildings.csv/2dd_buildings_split/2dd_buildings_002.csv?type=csv&maxFields=10000&detectTypes=yes&wktField=geometry&crs=EPSG:4326&spatialIndex=no&subsetIndex=no&watchFile=no", "Shape_Leng": 0.00015610769, "Shape_Area": 1.46e-09 }, "geometry": { "type": "MultiPolygon", "coordinates": [ [ [ [ 115.2462421900251, -8.490182523004989 ], [ 115.246215594374235, -8.490185362164709 ], [ 115.246210943979918, -8.490142194706493 ], [ 115.246251147272687, -8.490137901343019 ], [ 115.2462421900251, -8.490182523004989 ] ] ] ] } },
{ "type": "Feature", "properties": { "latitude": -8.48696044, "longitude": 115.24548882000001, "area_in_me": 12.0041, "confidence": 0.6963, "full_plus": "6P3QG67W+659G", "layer": "2dd_buildings_002", "path": "file:///C:/Users/BPN/Downloads/Compressed/2dd_buildings.csv/2dd_buildings_split/2dd_buildings_002.csv?type=csv&maxFields=10000&detectTypes=yes&wktField=geometry&crs=EPSG:4326&spatialIndex=no&subsetIndex=no&watchFile=no", "Shape_Leng": 0.00012532679, "Shape_Area": 9.8e-10 }, "geometry": { "type": "MultiPolygon", "coordinates": [ [ [ [ 115.245502997665312, -8.486977416574462 ], [ 115.245502994068033, -8.486977459741922 ], [ 115.24550260466151, -8.486977427366355 ], [ 115.245481105468684, -8.486975619729037 ], [ 115.245471985443828, -8.486974853506638 ], [ 115.245474650135066, -8.486943421301817 ], [ 115.245480210643223, -8.48694388894927 ], [ 115.245505659658534, -8.486946027537101 ], [ 115.245502997665312, -8.486977416574462 ] ] ] ] } },
{ "type": "Feature", "properties": { "latitude": -8.48682842, "longitude": 115.24508239, "area_in_me": 17.5172, "confidence": 0.7919, "full_plus": "6P3QG67W+728W", "layer": "2dd_buildings_002", "path": "file:///C:/Users/BPN/Downloads/Compressed/2dd_buildings.csv/2dd_buildings_split/2dd_buildings_002.csv?type=csv&maxFields=10000&detectTypes=yes&wktField=geometry&crs=EPSG:4326&spatialIndex=no&subsetIndex=no&watchFile=no", "Shape_Leng": 0.00015689373, "Shape_Area": 1.43e-09 }, "geometry": { "type": "MultiPolygon", "coordinates": [ [ [ [ 115.245107215925373, -8.48681407361056 ], [ 115.245107084624351, -8.486842999404871 ], [ 115.245057564355193, -8.48684277637301 ], [ 115.245057695656214, -8.486813850578699 ], [ 115.245107215925373, -8.48681407361056 ] ] ] ] } },
{ "type": "Feature", "properties": { "latitude": -8.49108351, "longitude": 115.24547461, "area_in_me": 86.7141, "confidence": 0.8785, "full_plus": "6P3QG65W+H59J", "layer": "2dd_buildings_002", "path": "file:///C:/Users/BPN/Downloads/Compressed/2dd_buildings.csv/2dd_buildings_split/2dd_buildings_002.csv?type=csv&maxFields=10000&detectTypes=yes&wktField=geometry&crs=EPSG:4326&spatialIndex=no&subsetIndex=no&watchFile=no", "Shape_Leng": 0.00034528519, "Shape_Area": 7.09e-09 }, "geometry": { "type": "MultiPolygon", "coordinates": [ [ [ [ 115.245480970570384, -8.491029899310377 ], [ 115.245524092163237, -8.491045196778373 ], [ 115.245518394058649, -8.491061116577214 ], [ 115.245488607613197, -8.491144342537325 ], [ 115.245425144255023, -8.491121830707868 ], [ 115.245460629704326, -8.491022684049597 ], [ 115.245480970570384, -8.491029899310377 ] ] ] ] } },
{ "type": "Feature", "properties": { "latitude": -8.48855731, "longitude": 115.24646757, "area_in_me": 48.9499, "confidence": 0.8313, "full_plus": "6P3QG66W+HHGQ", "layer": "2dd_buildings_002", "path": "file:///C:/Users/BPN/Downloads/Compressed/2dd_buildings.csv/2dd_buildings_split/2dd_buildings_002.csv?type=csv&maxFields=10000&detectTypes=yes&wktField=geometry&crs=EPSG:4326&spatialIndex=no&subsetIndex=no&watchFile=no", "Shape_Leng": 0.00027160401, "Shape_Area": 4.0000000000000002e-09 }, "geometry": { "type": "MultiPolygon", "coordinates": [ [ [ [ 115.246515229594252, -8.488575715996433 ], [ 115.246422893501745, -8.488582043626366 ], [ 115.246419909551264, -8.48853889775188 ], [ 115.246442272093191, -8.488537365307138 ], [ 115.246494296074957, -8.488533800394521 ], [ 115.246512246543034, -8.488532570121947 ], [ 115.246515229594252, -8.488575715996433 ] ] ] ] } },
{ "type": "Feature", "properties": { "latitude": -8.48707964, "longitude": 115.24224611, "area_in_me": 664.9551, "confidence": 0.8467, "full_plus": "6P3QG67R+5V9X", "layer": "2dd_buildings_002", "path": "file:///C:/Users/BPN/Downloads/Compressed/2dd_buildings.csv/2dd_buildings_split/2dd_buildings_002.csv?type=csv&maxFields=10000&detectTypes=yes&wktField=geometry&crs=EPSG:4326&spatialIndex=no&subsetIndex=no&watchFile=no", "Shape_Leng": 0.00114440145, "Shape_Area": 5.438e-08 }, "geometry": { "type": "MultiPolygon", "coordinates": [ [ [ [ 115.242431681576932, -8.486969854175356 ], [ 115.242306726174547, -8.487177353851735 ], [ 115.242285763876907, -8.487164841584104 ], [ 115.242242941758377, -8.487235951877608 ], [ 115.242051834025006, -8.487121885466593 ], [ 115.242061841680766, -8.487105265995183 ], [ 115.242085781633591, -8.487119554423828 ], [ 115.242184221424736, -8.486956087353519 ], [ 115.242299155681508, -8.487024688538497 ], [ 115.242358485755631, -8.48692616511039 ], [ 115.242431681576932, -8.486969854175356 ] ] ] ] } },
{ "type": "Feature", "properties": { "latitude": -8.48614987, "longitude": 115.24631664, "area_in_me": 34.3961, "confidence": 0.829, "full_plus": "6P3QG67W+GGW2", "layer": "2dd_buildings_002", "path": "file:///C:/Users/BPN/Downloads/Compressed/2dd_buildings.csv/2dd_buildings_split/2dd_buildings_002.csv?type=csv&maxFields=10000&detectTypes=yes&wktField=geometry&crs=EPSG:4326&spatialIndex=no&subsetIndex=no&watchFile=no", "Shape_Leng": 0.00022206337, "Shape_Area": 2.81e-09 }, "geometry": { "type": "MultiPolygon", "coordinates": [ [ [ [ 115.24633763777183, -8.48618501942309 ], [ 115.246298564027597, -8.486186600431211 ], [ 115.246295631338398, -8.486114733807881 ], [ 115.246334705082631, -8.486113153699023 ], [ 115.24633763777183, -8.48618501942309 ] ] ] ] } },
{ "type": "Feature", "properties": { "latitude": -8.49153867, "longitude": 115.2457267, "area_in_me": 34.8821, "confidence": 0.8366, "full_plus": "6P3QG65W+97QF", "layer": "2dd_buildings_002", "path": "file:///C:/Users/BPN/Downloads/Compressed/2dd_buildings.csv/2dd_buildings_split/2dd_buildings_002.csv?type=csv&maxFields=10000&detectTypes=yes&wktField=geometry&crs=EPSG:4326&spatialIndex=no&subsetIndex=no&watchFile=no", "Shape_Leng": 0.00021464648, "Shape_Area": 2.85e-09 }, "geometry": { "type": "MultiPolygon", "coordinates": [ [ [ [ 115.245751242026245, -8.491538131379627 ], [ 115.245746615913617, -8.491571152686504 ], [ 115.2456986208947, -8.491564488710139 ], [ 115.245706787638255, -8.491506190158475 ], [ 115.245748829145214, -8.491512027657905 ], [ 115.245754782657173, -8.491512854134839 ], [ 115.245751242026245, -8.491538131379627 ] ] ] ] } },
{ "type": "Feature", "properties": { "latitude": -8.49103178, "longitude": 115.24562813, "area_in_me": 15.5137, "confidence": 0.7251, "full_plus": "6P3QG65W+H7JJ", "layer": "2dd_buildings_002", "path": "file:///C:/Users/BPN/Downloads/Compressed/2dd_buildings.csv/2dd_buildings_split/2dd_buildings_002.csv?type=csv&maxFields=10000&detectTypes=yes&wktField=geometry&crs=EPSG:4326&spatialIndex=no&subsetIndex=no&watchFile=no", "Shape_Leng": 0.00014366906, "Shape_Area": 1.27e-09 }, "geometry": { "type": "MultiPolygon", "coordinates": [ [ [ [ 115.245648198605522, -8.491015759269828 ], [ 115.245638512007758, -8.491055118998474 ], [ 115.245607850521992, -8.491047640236388 ], [ 115.24561804703535, -8.491008404614149 ], [ 115.245648198605522, -8.491015759269828 ] ] ] ] } },
{ "type": "Feature", "properties": { "latitude": -8.48544777, "longitude": 115.24367051, "area_in_me": 461.8597, "confidence": 0.881, "full_plus": "6P3QG67V+RFF3", "layer": "2dd_buildings_002", "path": "file:///C:/Users/BPN/Downloads/Compressed/2dd_buildings.csv/2dd_buildings_split/2dd_buildings_002.csv?type=csv&maxFields=10000&detectTypes=yes&wktField=geometry&crs=EPSG:4326&spatialIndex=no&subsetIndex=no&watchFile=no", "Shape_Leng": 0.00086862307, "Shape_Area": 3.777e-08 }, "geometry": { "type": "MultiPolygon", "coordinates": [ [ [ [ 115.24376086786981, -8.485575685569358 ], [ 115.243631139765398, -8.485602744371135 ], [ 115.243590062331577, -8.485407548319643 ], [ 115.2436087250627, -8.485403656053847 ], [ 115.243589625261052, -8.485312896472919 ], [ 115.24368129585514, -8.485293775986918 ], [ 115.243710061570141, -8.485287775710219 ], [ 115.243710531016291, -8.48529000692821 ], [ 115.243727511115821, -8.485370695900826 ], [ 115.243718140180135, -8.485372650127658 ], [ 115.24376086786981, -8.485575685569358 ] ] ] ] } },
{ "type": "Feature", "properties": { "latitude": -8.48739981, "longitude": 115.24643318, "area_in_me": 66.6386, "confidence": 0.84, "full_plus": "6P3QG67W+2HV5", "layer": "2dd_buildings_002", "path": "file:///C:/Users/BPN/Downloads/Compressed/2dd_buildings.csv/2dd_buildings_split/2dd_buildings_002.csv?type=csv&maxFields=10000&detectTypes=yes&wktField=geometry&crs=EPSG:4326&spatialIndex=no&subsetIndex=no&watchFile=no", "Shape_Leng": 0.00029929955, "Shape_Area": 5.45e-09 }, "geometry": { "type": "MultiPolygon", "coordinates": [ [ [ [ 115.246466400903728, -8.487441900223473 ], [ 115.246403863847263, -8.48744468002792 ], [ 115.246399963487534, -8.487357716485405 ], [ 115.246425219148591, -8.487356594131484 ], [ 115.246446517792606, -8.487355647145364 ], [ 115.246462500543998, -8.487354936680958 ], [ 115.246466400903728, -8.487441900223473 ] ] ] ] } },
{ "type": "Feature", "properties": { "latitude": -8.48891179, "longitude": 115.24571005, "area_in_me": 35.1017, "confidence": 0.7354, "full_plus": "6P3QG66W+C7PG", "layer": "2dd_buildings_002", "path": "file:///C:/Users/BPN/Downloads/Compressed/2dd_buildings.csv/2dd_buildings_split/2dd_buildings_002.csv?type=csv&maxFields=10000&detectTypes=yes&wktField=geometry&crs=EPSG:4326&spatialIndex=no&subsetIndex=no&watchFile=no", "Shape_Leng": 0.00021573395, "Shape_Area": 2.87e-09 }, "geometry": { "type": "MultiPolygon", "coordinates": [ [ [ [ 115.245741210088795, -8.488934219038924 ], [ 115.245681144369428, -8.488937028520979 ], [ 115.245678894265666, -8.488889345566804 ], [ 115.24573895908577, -8.488886536084749 ], [ 115.245741210088795, -8.488934219038924 ] ] ] ] } },
{ "type": "Feature", "properties": { "latitude": -8.48716626, "longitude": 115.24611738, "area_in_me": 24.0064, "confidence": 0.788, "full_plus": "6P3QG67W+4CQ9", "layer": "2dd_buildings_002", "path": "file:///C:/Users/BPN/Downloads/Compressed/2dd_buildings.csv/2dd_buildings_split/2dd_buildings_002.csv?type=csv&maxFields=10000&detectTypes=yes&wktField=geometry&crs=EPSG:4326&spatialIndex=no&subsetIndex=no&watchFile=no", "Shape_Leng": 0.00017723006, "Shape_Area": 1.96e-09 }, "geometry": { "type": "MultiPolygon", "coordinates": [ [ [ [ 115.246142000153213, -8.487185654594214 ], [ 115.246098258927532, -8.487191052325159 ], [ 115.246092755975951, -8.487146851545901 ], [ 115.246136497201633, -8.487141453815013 ], [ 115.246142000153213, -8.487185654594214 ] ] ] ] } },
{ "type": "Feature", "properties": { "latitude": -8.48625429, "longitude": 115.24468832, "area_in_me": 157.4861, "confidence": 0.8334, "full_plus": "6P3QG67V+FVWR", "layer": "2dd_buildings_002", "path": "file:///C:/Users/BPN/Downloads/Compressed/2dd_buildings.csv/2dd_buildings_split/2dd_buildings_002.csv?type=csv&maxFields=10000&detectTypes=yes&wktField=geometry&crs=EPSG:4326&spatialIndex=no&subsetIndex=no&watchFile=no", "Shape_Leng": 0.00047034032, "Shape_Area": 1.288e-08 }, "geometry": { "type": "MultiPolygon", "coordinates": [ [ [ [ 115.244668436699044, -8.486207581614565 ], [ 115.244723312431006, -8.486215492950578 ], [ 115.244767995246889, -8.486221934794401 ], [ 115.244758236703319, -8.486289025118367 ], [ 115.244755502764292, -8.48630782364711 ], [ 115.24460864347418, -8.486286651807461 ], [ 115.244621135956777, -8.486200762954809 ], [ 115.244668436699044, -8.486207581614565 ] ] ] ] } },
{ "type": "Feature", "properties": { "latitude": -8.48588707, "longitude": 115.24626421000001, "area_in_me": 20.938, "confidence": 0.7263, "full_plus": "6P3QG67W+JGRF", "layer": "2dd_buildings_002", "path": "file:///C:/Users/BPN/Downloads/Compressed/2dd_buildings.csv/2dd_buildings_split/2dd_buildings_002.csv?type=csv&maxFields=10000&detectTypes=yes&wktField=geometry&crs=EPSG:4326&spatialIndex=no&subsetIndex=no&watchFile=no", "Shape_Leng": 0.00016797955, "Shape_Area": 1.71e-09 }, "geometry": { "type": "MultiPolygon", "coordinates": [ [ [ [ 115.246282661315831, -8.485910894372239 ], [ 115.246247867445163, -8.485912371059044 ], [ 115.246245764830292, -8.485863251887508 ], [ 115.246280559600223, -8.485861775200704 ], [ 115.246282661315831, -8.485910894372239 ] ] ] ] } },
{ "type": "Feature", "properties": { "latitude": -8.48681276, "longitude": 115.24589713, "area_in_me": 42.4744, "confidence": 0.882, "full_plus": "6P3QG67W+79CG", "layer": "2dd_buildings_002", "path": "file:///C:/Users/BPN/Downloads/Compressed/2dd_buildings.csv/2dd_buildings_split/2dd_buildings_002.csv?type=csv&maxFields=10000&detectTypes=yes&wktField=geometry&crs=EPSG:4326&spatialIndex=no&subsetIndex=no&watchFile=no", "Shape_Leng": 0.00023792435, "Shape_Area": 3.47e-09 }, "geometry": { "type": "MultiPolygon", "coordinates": [ [ [ [ 115.245924057549246, -8.486845574163851 ], [ 115.245872657697078, -8.486847422270671 ], [ 115.245870208843144, -8.48677993804364 ], [ 115.245921608695312, -8.486778089037557 ], [ 115.245924057549246, -8.486845574163851 ] ] ] ] } },
{ "type": "Feature", "properties": { "latitude": -8.48732335, "longitude": 115.24648663000001, "area_in_me": 61.906, "confidence": 0.8395, "full_plus": "6P3QG67W+3HH4", "layer": "2dd_buildings_002", "path": "file:///C:/Users/BPN/Downloads/Compressed/2dd_buildings.csv/2dd_buildings_split/2dd_buildings_002.csv?type=csv&maxFields=10000&detectTypes=yes&wktField=geometry&crs=EPSG:4326&spatialIndex=no&subsetIndex=no&watchFile=no", "Shape_Leng": 0.00028800461, "Shape_Area": 5.06e-09 }, "geometry": { "type": "MultiPolygon", "coordinates": [ [ [ [ 115.246462500543998, -8.487354936680958 ], [ 115.246446517792606, -8.487355647145364 ], [ 115.246443786551595, -8.487294748653653 ], [ 115.246526747211647, -8.487291060533948 ], [ 115.246529478452771, -8.487351959025659 ], [ 115.246462500543998, -8.487354936680958 ] ] ] ] } },
{ "type": "Feature", "properties": { "latitude": -8.49160684, "longitude": 115.24575428, "area_in_me": 37.1239, "confidence": 0.814, "full_plus": "6P3QG65W+982J", "layer": "2dd_buildings_002", "path": "file:///C:/Users/BPN/Downloads/Compressed/2dd_buildings.csv/2dd_buildings_split/2dd_buildings_002.csv?type=csv&maxFields=10000&detectTypes=yes&wktField=geometry&crs=EPSG:4326&spatialIndex=no&subsetIndex=no&watchFile=no", "Shape_Leng": 0.00022286725, "Shape_Area": 3.04e-09 }, "geometry": { "type": "MultiPolygon", "coordinates": [ [ [ [ 115.245746765201147, -8.491580684600876 ], [ 115.245790936302683, -8.491591155407434 ], [ 115.245788248229132, -8.491602394235088 ], [ 115.245779901621177, -8.491637288829793 ], [ 115.245717628965508, -8.49162252735772 ], [ 115.245728663647014, -8.491576393036041 ], [ 115.245746765201147, -8.491580684600876 ] ] ] ] } },
{ "type": "Feature", "properties": { "latitude": -8.48616668, "longitude": 115.24748096, "area_in_me": 14.9604, "confidence": 0.6885, "full_plus": "6P3QG67W+GXQ7", "layer": "2dd_buildings_002", "path": "file:///C:/Users/BPN/Downloads/Compressed/2dd_buildings.csv/2dd_buildings_split/2dd_buildings_002.csv?type=csv&maxFields=10000&detectTypes=yes&wktField=geometry&crs=EPSG:4326&spatialIndex=no&subsetIndex=no&watchFile=no", "Shape_Leng": 0.00013993398, "Shape_Area": 1.22e-09 }, "geometry": { "type": "MultiPolygon", "coordinates": [ [ [ [ 115.247499104100484, -8.486183499568824 ], [ 115.247464861514231, -8.486185459191518 ], [ 115.247464224794157, -8.486174431704626 ], [ 115.247463465766373, -8.486161288112896 ], [ 115.247462805663986, -8.486149849635808 ], [ 115.247497048250239, -8.486147890912378 ], [ 115.247499104100484, -8.486183499568824 ] ] ] ] } },
{ "type": "Feature", "properties": { "latitude": -8.48740316, "longitude": 115.24541635, "area_in_me": 31.6622, "confidence": 0.838, "full_plus": "6P3QG67W+25MV", "layer": "2dd_buildings_002", "path": "file:///C:/Users/BPN/Downloads/Compressed/2dd_buildings.csv/2dd_buildings_split/2dd_buildings_002.csv?type=csv&maxFields=10000&detectTypes=yes&wktField=geometry&crs=EPSG:4326&spatialIndex=no&subsetIndex=no&watchFile=no", "Shape_Leng": 0.00020539089, "Shape_Area": 2.59e-09 }, "geometry": { "type": "MultiPolygon", "coordinates": [ [ [ [ 115.245447970847295, -8.487384617006398 ], [ 115.245442547035964, -8.487428743141948 ], [ 115.24538473771554, -8.48742170055101 ], [ 115.245390161526757, -8.487377573516142 ], [ 115.245447970847295, -8.487384617006398 ] ] ] ] } },
{ "type": "Feature", "properties": { "latitude": -8.48832144, "longitude": 115.24611825, "area_in_me": 19.9417, "confidence": 0.7328, "full_plus": "6P3QG66W+MCH5", "layer": "2dd_buildings_002", "path": "file:///C:/Users/BPN/Downloads/Compressed/2dd_buildings.csv/2dd_buildings_split/2dd_buildings_002.csv?type=csv&maxFields=10000&detectTypes=yes&wktField=geometry&crs=EPSG:4326&spatialIndex=no&subsetIndex=no&watchFile=no", "Shape_Leng": 0.00017575396, "Shape_Area": 1.63e-09 }, "geometry": { "type": "MultiPolygon", "coordinates": [ [ [ [ 115.246087074958609, -8.488309469006765 ], [ 115.246148273823792, -8.488306837590414 ], [ 115.246149427654018, -8.4883334341406 ], [ 115.246088228788835, -8.48833606555695 ], [ 115.246087074958609, -8.488309469006765 ] ] ] ] } },
{ "type": "Feature", "properties": { "latitude": -8.48658443, "longitude": 115.24522241, "area_in_me": 140.8656, "confidence": 0.8788, "full_plus": "6P3QG67W+939J", "layer": "2dd_buildings_002", "path": "file:///C:/Users/BPN/Downloads/Compressed/2dd_buildings.csv/2dd_buildings_split/2dd_buildings_002.csv?type=csv&maxFields=10000&detectTypes=yes&wktField=geometry&crs=EPSG:4326&spatialIndex=no&subsetIndex=no&watchFile=no", "Shape_Leng": 0.00053850312, "Shape_Area": 1.152e-08 }, "geometry": { "type": "MultiPolygon", "coordinates": [ [ [ [ 115.245302628713375, -8.486588297911567 ], [ 115.245298264303528, -8.486641312946176 ], [ 115.245175073371001, -8.486631260324373 ], [ 115.245179437780848, -8.486578245289763 ], [ 115.2451507188307, -8.486575901656465 ], [ 115.245154133556525, -8.486534423125079 ], [ 115.245182852506673, -8.486536765859 ], [ 115.245184659244728, -8.486514817005173 ], [ 115.245243305833924, -8.486519602297733 ], [ 115.245238084370158, -8.486583030582324 ], [ 115.245302628713375, -8.486588297911567 ] ] ] ] } },
{ "type": "Feature", "properties": { "latitude": -8.48732845, "longitude": 115.2465563, "area_in_me": 9.2102, "confidence": 0.6954, "full_plus": "6P3QG67W+3J7X", "layer": "2dd_buildings_002", "path": "file:///C:/Users/BPN/Downloads/Compressed/2dd_buildings.csv/2dd_buildings_split/2dd_buildings_002.csv?type=csv&maxFields=10000&detectTypes=yes&wktField=geometry&crs=EPSG:4326&spatialIndex=no&subsetIndex=no&watchFile=no", "Shape_Leng": 0.00012296851, "Shape_Area": 7.5e-10 }, "geometry": { "type": "MultiPolygon", "coordinates": [ [ [ [ 115.246565724728498, -8.487350347440554 ], [ 115.246548853446939, -8.487351097475141 ], [ 115.246546855153269, -8.48730654596028 ], [ 115.246563726434943, -8.487305795925693 ], [ 115.246565724728498, -8.487350347440554 ] ] ] ] } },
{ "type": "Feature", "properties": { "latitude": -8.48870791, "longitude": 115.24644532000001, "area_in_me": 133.5542, "confidence": 0.865, "full_plus": "6P3QG66W+GH8M", "layer": "2dd_buildings_002", "path": "file:///C:/Users/BPN/Downloads/Compressed/2dd_buildings.csv/2dd_buildings_split/2dd_buildings_002.csv?type=csv&maxFields=10000&detectTypes=yes&wktField=geometry&crs=EPSG:4326&spatialIndex=no&subsetIndex=no&watchFile=no", "Shape_Leng": 0.00042760655, "Shape_Area": 1.092e-08 }, "geometry": { "type": "MultiPolygon", "coordinates": [ [ [ [ 115.246491876898631, -8.488769582849898 ], [ 115.246436124327715, -8.48877340406932 ], [ 115.246407683267989, -8.488775352900177 ], [ 115.246398757496763, -8.488646248925193 ], [ 115.246427197657113, -8.488644300094336 ], [ 115.246482951127405, -8.48864047887497 ], [ 115.246491876898631, -8.488769582849898 ] ] ] ] } },
{ "type": "Feature", "properties": { "latitude": -8.48642509, "longitude": 115.24183199, "area_in_me": 79.4851, "confidence": 0.7557, "full_plus": "6P3QG67R+CPGW", "layer": "2dd_buildings_002", "path": "file:///C:/Users/BPN/Downloads/Compressed/2dd_buildings.csv/2dd_buildings_split/2dd_buildings_002.csv?type=csv&maxFields=10000&detectTypes=yes&wktField=geometry&crs=EPSG:4326&spatialIndex=no&subsetIndex=no&watchFile=no", "Shape_Leng": 0.00035516838, "Shape_Area": 6.5e-09 }, "geometry": { "type": "MultiPolygon", "coordinates": [ [ [ [ 115.241870612538833, -8.486368982042848 ], [ 115.241843771373055, -8.486492088439093 ], [ 115.241793349983141, -8.486481192253166 ], [ 115.241820190249655, -8.486358085856921 ], [ 115.241870612538833, -8.486368982042848 ] ] ] ] } },
{ "type": "Feature", "properties": { "latitude": -8.48716804, "longitude": 115.24590413, "area_in_me": 177.9918, "confidence": 0.8819, "full_plus": "6P3QG67W+49J9", "layer": "2dd_buildings_002", "path": "file:///C:/Users/BPN/Downloads/Compressed/2dd_buildings.csv/2dd_buildings_split/2dd_buildings_002.csv?type=csv&maxFields=10000&detectTypes=yes&wktField=geometry&crs=EPSG:4326&spatialIndex=no&subsetIndex=no&watchFile=no", "Shape_Leng": 0.00057303841, "Shape_Area": 1.455e-08 }, "geometry": { "type": "MultiPolygon", "coordinates": [ [ [ [ 115.246015407085451, -8.48719743211575 ], [ 115.245795009332255, -8.487204613202266 ], [ 115.24579456057063, -8.48719095609772 ], [ 115.245792879737678, -8.487139831438014 ], [ 115.245792841066873, -8.487138644332902 ], [ 115.246013238819955, -8.487131463246385 ], [ 115.246015407085451, -8.48719743211575 ] ] ] ] } },
{ "type": "Feature", "properties": { "latitude": -8.48985475, "longitude": 115.24657947, "area_in_me": 33.5591, "confidence": 0.8279, "full_plus": "6P3QG66W+3J4W", "layer": "2dd_buildings_002", "path": "file:///C:/Users/BPN/Downloads/Compressed/2dd_buildings.csv/2dd_buildings_split/2dd_buildings_002.csv?type=csv&maxFields=10000&detectTypes=yes&wktField=geometry&crs=EPSG:4326&spatialIndex=no&subsetIndex=no&watchFile=no", "Shape_Leng": 0.00021031754, "Shape_Area": 2.74e-09 }, "geometry": { "type": "MultiPolygon", "coordinates": [ [ [ [ 115.246603494455712, -8.48985414005648 ], [ 115.246604226503905, -8.489882675545005 ], [ 115.246556172129658, -8.489883897723644 ], [ 115.246554708033386, -8.489826827645913 ], [ 115.246602762407633, -8.489825605467274 ], [ 115.246603494455712, -8.48985414005648 ] ] ] ] } },
{ "type": "Feature", "properties": { "latitude": -8.48654362, "longitude": 115.24594899, "area_in_me": 28.0687, "confidence": 0.7756, "full_plus": "6P3QG67W+99P7", "layer": "2dd_buildings_002", "path": "file:///C:/Users/BPN/Downloads/Compressed/2dd_buildings.csv/2dd_buildings_split/2dd_buildings_002.csv?type=csv&maxFields=10000&detectTypes=yes&wktField=geometry&crs=EPSG:4326&spatialIndex=no&subsetIndex=no&watchFile=no", "Shape_Leng": 0.00019173202, "Shape_Area": 2.3e-09 }, "geometry": { "type": "MultiPolygon", "coordinates": [ [ [ [ 115.245972219842088, -8.486537790186844 ], [ 115.245972081346508, -8.486568449874028 ], [ 115.245969663069559, -8.486568439082134 ], [ 115.245938638257599, -8.486568298787915 ], [ 115.245925665537129, -8.486568240331962 ], [ 115.245925670933048, -8.486567069414662 ], [ 115.245925882273696, -8.486520627524897 ], [ 115.24592589036763, -8.48651879110929 ], [ 115.245972305277746, -8.486518999751979 ], [ 115.24597228189532, -8.486524059337796 ], [ 115.245972219842088, -8.486537790186844 ] ] ] ] } },
{ "type": "Feature", "properties": { "latitude": -8.49071494, "longitude": 115.24582707, "area_in_me": 63.9272, "confidence": 0.8453, "full_plus": "6P3QG65W+P88F", "layer": "2dd_buildings_002", "path": "file:///C:/Users/BPN/Downloads/Compressed/2dd_buildings.csv/2dd_buildings_split/2dd_buildings_002.csv?type=csv&maxFields=10000&detectTypes=yes&wktField=geometry&crs=EPSG:4326&spatialIndex=no&subsetIndex=no&watchFile=no", "Shape_Leng": 0.00028985599, "Shape_Area": 5.23e-09 }, "geometry": { "type": "MultiPolygon", "coordinates": [ [ [ [ 115.245872240411586, -8.49069036926511 ], [ 115.245845360575004, -8.490762850125407 ], [ 115.245781889122895, -8.490739519912893 ], [ 115.245808768959591, -8.490667039052539 ], [ 115.245872240411586, -8.49069036926511 ] ] ] ] } },
{ "type": "Feature", "properties": { "latitude": -8.48689066, "longitude": 115.24645634, "area_in_me": 64.7576, "confidence": 0.8691, "full_plus": "6P3QG67W+6HW8", "layer": "2dd_buildings_002", "path": "file:///C:/Users/BPN/Downloads/Compressed/2dd_buildings.csv/2dd_buildings_split/2dd_buildings_002.csv?type=csv&maxFields=10000&detectTypes=yes&wktField=geometry&crs=EPSG:4326&spatialIndex=no&subsetIndex=no&watchFile=no", "Shape_Leng": 0.00029233113, "Shape_Area": 5.3e-09 }, "geometry": { "type": "MultiPolygon", "coordinates": [ [ [ [ 115.246417884278003, -8.486925493316789 ], [ 115.246415025333249, -8.486859231268454 ], [ 115.246494794299338, -8.486855820139965 ], [ 115.246497653244205, -8.4869220821883 ], [ 115.246417884278003, -8.486925493316789 ] ] ] ] } },
{ "type": "Feature", "properties": { "latitude": -8.4908867, "longitude": 115.24611704, "area_in_me": 15.0913, "confidence": 0.6744, "full_plus": "6P3QG65W+JCXG", "layer": "2dd_buildings_002", "path": "file:///C:/Users/BPN/Downloads/Compressed/2dd_buildings.csv/2dd_buildings_split/2dd_buildings_002.csv?type=csv&maxFields=10000&detectTypes=yes&wktField=geometry&crs=EPSG:4326&spatialIndex=no&subsetIndex=no&watchFile=no", "Shape_Leng": 0.00014125097, "Shape_Area": 1.23e-09 }, "geometry": { "type": "MultiPolygon", "coordinates": [ [ [ [ 115.246138066518597, -8.490872964016035 ], [ 115.246134721040562, -8.490904505938147 ], [ 115.246096027709541, -8.49090043830455 ], [ 115.246099374086953, -8.490868895483118 ], [ 115.246138066518597, -8.490872964016035 ] ] ] ] } },
{ "type": "Feature", "properties": { "latitude": -8.48606823, "longitude": 115.2475038, "area_in_me": 91.1076, "confidence": 0.7616, "full_plus": "6P3QG67X+H2C6", "layer": "2dd_buildings_002", "path": "file:///C:/Users/BPN/Downloads/Compressed/2dd_buildings.csv/2dd_buildings_split/2dd_buildings_002.csv?type=csv&maxFields=10000&detectTypes=yes&wktField=geometry&crs=EPSG:4326&spatialIndex=no&subsetIndex=no&watchFile=no", "Shape_Leng": 0.00035418768, "Shape_Area": 7.45e-09 }, "geometry": { "type": "MultiPolygon", "coordinates": [ [ [ [ 115.247540999917305, -8.486015900113671 ], [ 115.247535300014192, -8.486124100246968 ], [ 115.24746662238681, -8.486120507455382 ], [ 115.24746659990376, -8.486120504757423 ], [ 115.247472300706136, -8.486012399952244 ], [ 115.247540999917305, -8.486015900113671 ] ] ] ] } },
{ "type": "Feature", "properties": { "latitude": -8.48827175, "longitude": 115.24680473, "area_in_me": 120.6049, "confidence": 0.9031, "full_plus": "6P3QG66W+MPV5", "layer": "2dd_buildings_002", "path": "file:///C:/Users/BPN/Downloads/Compressed/2dd_buildings.csv/2dd_buildings_split/2dd_buildings_002.csv?type=csv&maxFields=10000&detectTypes=yes&wktField=geometry&crs=EPSG:4326&spatialIndex=no&subsetIndex=no&watchFile=no", "Shape_Leng": 0.00040027443, "Shape_Area": 9.86e-09 }, "geometry": { "type": "MultiPolygon", "coordinates": [ [ [ [ 115.246863808617945, -8.488311686734903 ], [ 115.246751697333025, -8.488319369643136 ], [ 115.246745643996292, -8.488231816145344 ], [ 115.246857755281212, -8.488224132337791 ], [ 115.246863808617945, -8.488311686734903 ] ] ] ] } },
{ "type": "Feature", "properties": { "latitude": -8.48586577, "longitude": 115.24354622, "area_in_me": 28.625, "confidence": 0.814, "full_plus": "6P3QG67V+MC37", "layer": "2dd_buildings_002", "path": "file:///C:/Users/BPN/Downloads/Compressed/2dd_buildings.csv/2dd_buildings_split/2dd_buildings_002.csv?type=csv&maxFields=10000&detectTypes=yes&wktField=geometry&crs=EPSG:4326&spatialIndex=no&subsetIndex=no&watchFile=no", "Shape_Leng": 0.00019373299, "Shape_Area": 2.34e-09 }, "geometry": { "type": "MultiPolygon", "coordinates": [ [ [ [ 115.243575280175151, -8.4858840145356 ], [ 115.243525406472372, -8.485892978977745 ], [ 115.243517164185846, -8.485847526342241 ], [ 115.243567036989248, -8.485838561900039 ], [ 115.243575280175151, -8.4858840145356 ] ] ] ] } },
{ "type": "Feature", "properties": { "latitude": -8.48601155, "longitude": 115.24570696000001, "area_in_me": 106.6462, "confidence": 0.8276, "full_plus": "6P3QG67W+H7WG", "layer": "2dd_buildings_002", "path": "file:///C:/Users/BPN/Downloads/Compressed/2dd_buildings.csv/2dd_buildings_split/2dd_buildings_002.csv?type=csv&maxFields=10000&detectTypes=yes&wktField=geometry&crs=EPSG:4326&spatialIndex=no&subsetIndex=no&watchFile=no", "Shape_Leng": 0.00052538879, "Shape_Area": 8.72e-09 }, "geometry": { "type": "MultiPolygon", "coordinates": [ [ [ [ 115.245701116513374, -8.485987724353947 ], [ 115.245703452952057, -8.485951641754809 ], [ 115.245705127489714, -8.485925789843293 ], [ 115.245748934365906, -8.485928602023307 ], [ 115.245739774770868, -8.486070028508948 ], [ 115.245619051578046, -8.486062279050884 ], [ 115.24562010018758, -8.486046094851361 ], [ 115.245641691111246, -8.486047480706645 ], [ 115.245642256784777, -8.486038735699026 ], [ 115.245669936118702, -8.486040511860097 ], [ 115.245671717675691, -8.486013002497998 ], [ 115.245699364633992, -8.486014776860429 ], [ 115.245701116513374, -8.485987724353947 ] ] ] ] } },
{ "type": "Feature", "properties": { "latitude": -8.48508062, "longitude": 115.24285855, "area_in_me": 108.8772, "confidence": 0.8529, "full_plus": "6P3QG67V+X49M", "layer": "2dd_buildings_002", "path": "file:///C:/Users/BPN/Downloads/Compressed/2dd_buildings.csv/2dd_buildings_split/2dd_buildings_002.csv?type=csv&maxFields=10000&detectTypes=yes&wktField=geometry&crs=EPSG:4326&spatialIndex=no&subsetIndex=no&watchFile=no", "Shape_Leng": 0.00038592737, "Shape_Area": 8.9e-09 }, "geometry": { "type": "MultiPolygon", "coordinates": [ [ [ [ 115.242909199999644, -8.485032700098998 ], [ 115.24288220055314, -8.485146100112388 ], [ 115.242807900364369, -8.485128600204689 ], [ 115.242834899810873, -8.485015099467205 ], [ 115.242909199999644, -8.485032700098998 ] ] ] ] } },
{ "type": "Feature", "properties": { "latitude": -8.48689683, "longitude": 115.24570988000001, "area_in_me": 107.2655, "confidence": 0.8492, "full_plus": "6P3QG67W+67W4", "layer": "2dd_buildings_002", "path": "file:///C:/Users/BPN/Downloads/Compressed/2dd_buildings.csv/2dd_buildings_split/2dd_buildings_002.csv?type=csv&maxFields=10000&detectTypes=yes&wktField=geometry&crs=EPSG:4326&spatialIndex=no&subsetIndex=no&watchFile=no", "Shape_Leng": 0.00041883547, "Shape_Area": 8.77e-09 }, "geometry": { "type": "MultiPolygon", "coordinates": [ [ [ [ 115.245768876832244, -8.486924129944612 ], [ 115.245634960584994, -8.486927872023614 ], [ 115.245633984820643, -8.486893249024149 ], [ 115.245633329214797, -8.486870010542532 ], [ 115.245635670150136, -8.486869944892021 ], [ 115.245661985212564, -8.486869209246549 ], [ 115.245767245462048, -8.486866268463473 ], [ 115.2457848038257, -8.48686577833297 ], [ 115.245786434296519, -8.486923639814052 ], [ 115.245768876832244, -8.486924129944612 ] ] ] ] } },
{ "type": "Feature", "properties": { "latitude": -8.48628335, "longitude": 115.24172695, "area_in_me": 69.5947, "confidence": 0.8924, "full_plus": "6P3QG67R+FMQM", "layer": "2dd_buildings_002", "path": "file:///C:/Users/BPN/Downloads/Compressed/2dd_buildings.csv/2dd_buildings_split/2dd_buildings_002.csv?type=csv&maxFields=10000&detectTypes=yes&wktField=geometry&crs=EPSG:4326&spatialIndex=no&subsetIndex=no&watchFile=no", "Shape_Leng": 0.00030780222, "Shape_Area": 5.69e-09 }, "geometry": { "type": "MultiPolygon", "coordinates": [ [ [ [ 115.241777076750736, -8.486259534549845 ], [ 115.241767973813012, -8.486320630892351 ], [ 115.241676832020289, -8.486307170739281 ], [ 115.241685934958014, -8.486246074396774 ], [ 115.241777076750736, -8.486259534549845 ] ] ] ] } },
{ "type": "Feature", "properties": { "latitude": -8.4891884, "longitude": 115.24649359, "area_in_me": 123.0859, "confidence": 0.8385, "full_plus": "6P3QG66W+8HHH", "layer": "2dd_buildings_002", "path": "file:///C:/Users/BPN/Downloads/Compressed/2dd_buildings.csv/2dd_buildings_split/2dd_buildings_002.csv?type=csv&maxFields=10000&detectTypes=yes&wktField=geometry&crs=EPSG:4326&spatialIndex=no&subsetIndex=no&watchFile=no", "Shape_Leng": 0.00041759167, "Shape_Area": 1.007e-08 }, "geometry": { "type": "MultiPolygon", "coordinates": [ [ [ [ 115.246473844592288, -8.489226808070669 ], [ 115.246428190508595, -8.489228255079865 ], [ 115.246425776728302, -8.48915277048394 ], [ 115.246558982511146, -8.489148549066215 ], [ 115.24656139629144, -8.489224033662197 ], [ 115.246530180823243, -8.489225022916401 ], [ 115.246473844592288, -8.489226808070669 ] ] ] ] } },
{ "type": "Feature", "properties": { "latitude": -8.48687172, "longitude": 115.24487538, "area_in_me": 21.0855, "confidence": 0.7788, "full_plus": "6P3QG67V+7X22", "layer": "2dd_buildings_002", "path": "file:///C:/Users/BPN/Downloads/Compressed/2dd_buildings.csv/2dd_buildings_split/2dd_buildings_002.csv?type=csv&maxFields=10000&detectTypes=yes&wktField=geometry&crs=EPSG:4326&spatialIndex=no&subsetIndex=no&watchFile=no", "Shape_Leng": 0.00017226778, "Shape_Area": 1.72e-09 }, "geometry": { "type": "MultiPolygon", "coordinates": [ [ [ [ 115.244902692105597, -8.486856020688776 ], [ 115.244902549113363, -8.486887664234246 ], [ 115.24485390928055, -8.486887444799663 ], [ 115.244848060989284, -8.486887422316613 ], [ 115.244848204880782, -8.486855775173865 ], [ 115.244856811392765, -8.48685581384467 ], [ 115.244902692105597, -8.486856020688776 ] ] ] ] } },
{ "type": "Feature", "properties": { "latitude": -8.48925446, "longitude": 115.24502458000001, "area_in_me": 86.1476, "confidence": 0.8377, "full_plus": "6P3QG66W+72RX", "layer": "2dd_buildings_002", "path": "file:///C:/Users/BPN/Downloads/Compressed/2dd_buildings.csv/2dd_buildings_split/2dd_buildings_002.csv?type=csv&maxFields=10000&detectTypes=yes&wktField=geometry&crs=EPSG:4326&spatialIndex=no&subsetIndex=no&watchFile=no", "Shape_Leng": 0.00033693992, "Shape_Area": 7.04e-09 }, "geometry": { "type": "MultiPolygon", "coordinates": [ [ [ [ 115.245080298317134, -8.489232585315506 ], [ 115.245055435659879, -8.48930556350092 ], [ 115.244968865121109, -8.489276331937106 ], [ 115.244993726879102, -8.489203353751748 ], [ 115.245080298317134, -8.489232585315506 ] ] ] ] } },
{ "type": "Feature", "properties": { "latitude": -8.48663018, "longitude": 115.24577512, "area_in_me": 122.2762, "confidence": 0.8906, "full_plus": "6P3QG67W+88RQ", "layer": "2dd_buildings_002", "path": "file:///C:/Users/BPN/Downloads/Compressed/2dd_buildings.csv/2dd_buildings_split/2dd_buildings_002.csv?type=csv&maxFields=10000&detectTypes=yes&wktField=geometry&crs=EPSG:4326&spatialIndex=no&subsetIndex=no&watchFile=no", "Shape_Leng": 0.00047039922, "Shape_Area": 1e-08 }, "geometry": { "type": "MultiPolygon", "coordinates": [ [ [ [ 115.245863824555954, -8.48665706367251 ], [ 115.24568568414702, -8.486659027791859 ], [ 115.245685064514191, -8.486603324683642 ], [ 115.245863555658616, -8.486601356967014 ], [ 115.245864721180055, -8.486601344376481 ], [ 115.245864990976656, -8.486657051081977 ], [ 115.245863824555954, -8.48665706367251 ] ] ] ] } },
{ "type": "Feature", "properties": { "latitude": -8.49095081, "longitude": 115.24557344, "area_in_me": 95.4446, "confidence": 0.9064, "full_plus": "6P3QG65W+J68V", "layer": "2dd_buildings_002", "path": "file:///C:/Users/BPN/Downloads/Compressed/2dd_buildings.csv/2dd_buildings_split/2dd_buildings_002.csv?type=csv&maxFields=10000&detectTypes=yes&wktField=geometry&crs=EPSG:4326&spatialIndex=no&subsetIndex=no&watchFile=no", "Shape_Leng": 0.00037083763, "Shape_Area": 7.8e-09 }, "geometry": { "type": "MultiPolygon", "coordinates": [ [ [ [ 115.245641257637999, -8.490940590335924 ], [ 115.245619489547835, -8.491001412385231 ], [ 115.245548744379107, -8.49097631680354 ], [ 115.245505622786368, -8.490961020234863 ], [ 115.245527390876418, -8.490900198185557 ], [ 115.245641257637999, -8.490940590335924 ] ] ] ] } },
{ "type": "Feature", "properties": { "latitude": -8.48593504, "longitude": 115.24506628, "area_in_me": 36.9183, "confidence": 0.8039, "full_plus": "6P3QG67W+J2GC", "layer": "2dd_buildings_002", "path": "file:///C:/Users/BPN/Downloads/Compressed/2dd_buildings.csv/2dd_buildings_split/2dd_buildings_002.csv?type=csv&maxFields=10000&detectTypes=yes&wktField=geometry&crs=EPSG:4326&spatialIndex=no&subsetIndex=no&watchFile=no", "Shape_Leng": 0.00022117632, "Shape_Area": 3.02e-09 }, "geometry": { "type": "MultiPolygon", "coordinates": [ [ [ [ 115.245100949449352, -8.485916362250293 ], [ 115.245092150482378, -8.485964653146198 ], [ 115.245031627008075, -8.485953722786007 ], [ 115.245040426874311, -8.485905431890103 ], [ 115.245100949449352, -8.485916362250293 ] ] ] ] } },
{ "type": "Feature", "properties": { "latitude": -8.492083, "longitude": 115.24573013, "area_in_me": 24.7284, "confidence": 0.7576, "full_plus": "6P3QG65W+579M", "layer": "2dd_buildings_002", "path": "file:///C:/Users/BPN/Downloads/Compressed/2dd_buildings.csv/2dd_buildings_split/2dd_buildings_002.csv?type=csv&maxFields=10000&detectTypes=yes&wktField=geometry&crs=EPSG:4326&spatialIndex=no&subsetIndex=no&watchFile=no", "Shape_Leng": 0.00018004088, "Shape_Area": 2.02e-09 }, "geometry": { "type": "MultiPolygon", "coordinates": [ [ [ [ 115.24574914840457, -8.492108529085328 ], [ 115.245703017680171, -8.492099775084512 ], [ 115.245706908147326, -8.492079454902864 ], [ 115.245711115175936, -8.492057477270691 ], [ 115.245757246799599, -8.492066231271508 ], [ 115.24574914840457, -8.492108529085328 ] ] ] ] } },
{ "type": "Feature", "properties": { "latitude": -8.48959446, "longitude": 115.24520433000001, "area_in_me": 105.7342, "confidence": 0.8246, "full_plus": "6P3QG66W+5388", "layer": "2dd_buildings_002", "path": "file:///C:/Users/BPN/Downloads/Compressed/2dd_buildings.csv/2dd_buildings_split/2dd_buildings_002.csv?type=csv&maxFields=10000&detectTypes=yes&wktField=geometry&crs=EPSG:4326&spatialIndex=no&subsetIndex=no&watchFile=no", "Shape_Leng": 0.00039299355, "Shape_Area": 8.65e-09 }, "geometry": { "type": "MultiPolygon", "coordinates": [ [ [ [ 115.245221803043819, -8.489535669435554 ], [ 115.245230453622639, -8.489578526627668 ], [ 115.245252748715416, -8.489574066889645 ], [ 115.2452642339573, -8.489630967894811 ], [ 115.245171347479754, -8.489649549686931 ], [ 115.245151212558426, -8.489549790590331 ], [ 115.245221803043819, -8.489535669435554 ] ] ] ] } },
{ "type": "Feature", "properties": { "latitude": -8.48584072, "longitude": 115.24306829, "area_in_me": 26.0026, "confidence": 0.809, "full_plus": "6P3QG67V+M686", "layer": "2dd_buildings_002", "path": "file:///C:/Users/BPN/Downloads/Compressed/2dd_buildings.csv/2dd_buildings_split/2dd_buildings_002.csv?type=csv&maxFields=10000&detectTypes=yes&wktField=geometry&crs=EPSG:4326&spatialIndex=no&subsetIndex=no&watchFile=no", "Shape_Leng": 0.00018448294, "Shape_Area": 2.13e-09 }, "geometry": { "type": "MultiPolygon", "coordinates": [ [ [ [ 115.243080175509704, -8.485862761757005 ], [ 115.243049277502223, -8.485867196314018 ], [ 115.24304924332796, -8.485866962490263 ], [ 115.24304253888215, -8.485820663592676 ], [ 115.243087303536299, -8.485814238835985 ], [ 115.243094042156372, -8.485860771557327 ], [ 115.243080175509704, -8.485862761757005 ] ] ] ] } },
{ "type": "Feature", "properties": { "latitude": -8.48733648, "longitude": 115.24579345, "area_in_me": 20.3937, "confidence": 0.7901, "full_plus": "6P3QG67W+387F", "layer": "2dd_buildings_002", "path": "file:///C:/Users/BPN/Downloads/Compressed/2dd_buildings.csv/2dd_buildings_split/2dd_buildings_002.csv?type=csv&maxFields=10000&detectTypes=yes&wktField=geometry&crs=EPSG:4326&spatialIndex=no&subsetIndex=no&watchFile=no", "Shape_Leng": 0.00016789211, "Shape_Area": 1.67e-09 }, "geometry": { "type": "MultiPolygon", "coordinates": [ [ [ [ 115.245810793333476, -8.487361518819 ], [ 115.245778557134713, -8.487363045867824 ], [ 115.245776090294385, -8.487311431077615 ], [ 115.245808326493147, -8.487309904028791 ], [ 115.245810793333476, -8.487361518819 ] ] ] ] } },
{ "type": "Feature", "properties": { "latitude": -8.48571052, "longitude": 115.24353399, "area_in_me": 39.9765, "confidence": 0.768, "full_plus": "6P3QG67V+PC7C", "layer": "2dd_buildings_002", "path": "file:///C:/Users/BPN/Downloads/Compressed/2dd_buildings.csv/2dd_buildings_split/2dd_buildings_002.csv?type=csv&maxFields=10000&detectTypes=yes&wktField=geometry&crs=EPSG:4326&spatialIndex=no&subsetIndex=no&watchFile=no", "Shape_Leng": 0.00022970995, "Shape_Area": 3.27e-09 }, "geometry": { "type": "MultiPolygon", "coordinates": [ [ [ [ 115.243563438801743, -8.485738752441421 ], [ 115.2435117259854, -8.485744661886599 ], [ 115.243504532308407, -8.485682269621009 ], [ 115.243556245124637, -8.48567636017583 ], [ 115.243563438801743, -8.485738752441421 ] ] ] ] } },
{ "type": "Feature", "properties": { "latitude": -8.48703983, "longitude": 115.24638564, "area_in_me": 49.5323, "confidence": 0.8171, "full_plus": "6P3QG67W+5HJF", "layer": "2dd_buildings_002", "path": "file:///C:/Users/BPN/Downloads/Compressed/2dd_buildings.csv/2dd_buildings_split/2dd_buildings_002.csv?type=csv&maxFields=10000&detectTypes=yes&wktField=geometry&crs=EPSG:4326&spatialIndex=no&subsetIndex=no&watchFile=no", "Shape_Leng": 0.00025761849, "Shape_Area": 4.05e-09 }, "geometry": { "type": "MultiPolygon", "coordinates": [ [ [ [ 115.246423924124883, -8.487065486283143 ], [ 115.246349711170296, -8.487068659091278 ], [ 115.246347360342497, -8.487014181759037 ], [ 115.246421573297084, -8.487011008051525 ], [ 115.246423924124883, -8.487065486283143 ] ] ] ] } },
{ "type": "Feature", "properties": { "latitude": -8.49237768, "longitude": 115.24590413, "area_in_me": 51.2093, "confidence": 0.8423, "full_plus": "6P3QG65W+29RX", "layer": "2dd_buildings_002", "path": "file:///C:/Users/BPN/Downloads/Compressed/2dd_buildings.csv/2dd_buildings_split/2dd_buildings_002.csv?type=csv&maxFields=10000&detectTypes=yes&wktField=geometry&crs=EPSG:4326&spatialIndex=no&subsetIndex=no&watchFile=no", "Shape_Leng": 0.00026211543, "Shape_Area": 4.19e-09 }, "geometry": { "type": "MultiPolygon", "coordinates": [ [ [ [ 115.245947277145206, -8.492359166542258 ], [ 115.245934951936533, -8.492412987369448 ], [ 115.245905848076518, -8.49240638184898 ], [ 115.245860988993513, -8.492396199724794 ], [ 115.245873314202186, -8.492342379796924 ], [ 115.245947277145206, -8.492359166542258 ] ] ] ] } },
{ "type": "Feature", "properties": { "latitude": -8.48954823, "longitude": 115.24660281, "area_in_me": 38.7416, "confidence": 0.7022, "full_plus": "6P3QG66W+5JQ3", "layer": "2dd_buildings_002", "path": "file:///C:/Users/BPN/Downloads/Compressed/2dd_buildings.csv/2dd_buildings_split/2dd_buildings_002.csv?type=csv&maxFields=10000&detectTypes=yes&wktField=geometry&crs=EPSG:4326&spatialIndex=no&subsetIndex=no&watchFile=no", "Shape_Leng": 0.00022874088, "Shape_Area": 3.17e-09 }, "geometry": { "type": "MultiPolygon", "coordinates": [ [ [ [ 115.246627561213018, -8.489580997065332 ], [ 115.246580510482204, -8.489582694086039 ], [ 115.246578062527647, -8.489515449978001 ], [ 115.24662511325846, -8.489513752057974 ], [ 115.246627561213018, -8.489580997065332 ] ] ] ] } },
{ "type": "Feature", "properties": { "latitude": -8.48796516, "longitude": 115.24609667, "area_in_me": 47.9984, "confidence": 0.8679, "full_plus": "6P3QG66W+RC96", "layer": "2dd_buildings_002", "path": "file:///C:/Users/BPN/Downloads/Compressed/2dd_buildings.csv/2dd_buildings_split/2dd_buildings_002.csv?type=csv&maxFields=10000&detectTypes=yes&wktField=geometry&crs=EPSG:4326&spatialIndex=no&subsetIndex=no&watchFile=no", "Shape_Leng": 0.00025089816, "Shape_Area": 3.92e-09 }, "geometry": { "type": "MultiPolygon", "coordinates": [ [ [ [ 115.246065224130803, -8.487996498639461 ], [ 115.246064089186461, -8.487972587464867 ], [ 115.246062395763033, -8.487936905963409 ], [ 115.246128111922872, -8.48793381409422 ], [ 115.246130941190017, -8.487993406770272 ], [ 115.246065224130803, -8.487996498639461 ] ] ] ] } },
{ "type": "Feature", "properties": { "latitude": -8.48455965, "longitude": 115.24296217, "area_in_me": 82.5775, "confidence": 0.7957, "full_plus": "6P3QG68V+55GQ", "layer": "2dd_buildings_002", "path": "file:///C:/Users/BPN/Downloads/Compressed/2dd_buildings.csv/2dd_buildings_split/2dd_buildings_002.csv?type=csv&maxFields=10000&detectTypes=yes&wktField=geometry&crs=EPSG:4326&spatialIndex=no&subsetIndex=no&watchFile=no", "Shape_Leng": 0.00035778536, "Shape_Area": 6.75e-09 }, "geometry": { "type": "MultiPolygon", "coordinates": [ [ [ [ 115.243017554816333, -8.484599270939555 ], [ 115.242971060765854, -8.484626969159251 ], [ 115.242906784420597, -8.484520025378799 ], [ 115.242953278471077, -8.484492327159103 ], [ 115.243017554816333, -8.484599270939555 ] ] ] ] } },
{ "type": "Feature", "properties": { "latitude": -8.48931213, "longitude": 115.2460815, "area_in_me": 114.9071, "confidence": 0.8668, "full_plus": "6P3QG66W+7CGG", "layer": "2dd_buildings_002", "path": "file:///C:/Users/BPN/Downloads/Compressed/2dd_buildings.csv/2dd_buildings_split/2dd_buildings_002.csv?type=csv&maxFields=10000&detectTypes=yes&wktField=geometry&crs=EPSG:4326&spatialIndex=no&subsetIndex=no&watchFile=no", "Shape_Leng": 0.00044986483, "Shape_Area": 9.4e-09 }, "geometry": { "type": "MultiPolygon", "coordinates": [ [ [ [ 115.246167078647773, -8.489337194455914 ], [ 115.24599766526012, -8.489342461785157 ], [ 115.245995927769968, -8.489287050956591 ], [ 115.246165340258358, -8.489281784526668 ], [ 115.246167078647773, -8.489337194455914 ] ] ] ] } },
{ "type": "Feature", "properties": { "latitude": -8.48966347, "longitude": 115.24608544, "area_in_me": 61.298, "confidence": 0.8775, "full_plus": "6P3QG66W+4CPG", "layer": "2dd_buildings_002", "path": "file:///C:/Users/BPN/Downloads/Compressed/2dd_buildings.csv/2dd_buildings_split/2dd_buildings_002.csv?type=csv&maxFields=10000&detectTypes=yes&wktField=geometry&crs=EPSG:4326&spatialIndex=no&subsetIndex=no&watchFile=no", "Shape_Leng": 0.00029295523, "Shape_Area": 5.01e-09 }, "geometry": { "type": "MultiPolygon", "coordinates": [ [ [ [ 115.246096887461476, -8.489618422352237 ], [ 115.246117344340064, -8.489620551047551 ], [ 115.246107739580566, -8.489712030985402 ], [ 115.246053537440844, -8.489706390437505 ], [ 115.246063142200342, -8.489614910499654 ], [ 115.246096887461476, -8.489618422352237 ] ] ] ] } },
{ "type": "Feature", "properties": { "latitude": -8.48862622, "longitude": 115.24663186, "area_in_me": 13.9599, "confidence": 0.6911, "full_plus": "6P3QG66W+GMRR", "layer": "2dd_buildings_002", "path": "file:///C:/Users/BPN/Downloads/Compressed/2dd_buildings.csv/2dd_buildings_split/2dd_buildings_002.csv?type=csv&maxFields=10000&detectTypes=yes&wktField=geometry&crs=EPSG:4326&spatialIndex=no&subsetIndex=no&watchFile=no", "Shape_Leng": 0.00013673134, "Shape_Area": 1.14e-09 }, "geometry": { "type": "MultiPolygon", "coordinates": [ [ [ [ 115.246652230516133, -8.488639744128818 ], [ 115.246612905860957, -8.488641637201738 ], [ 115.246612418428413, -8.488631606163665 ], [ 115.246611499321261, -8.488612675434581 ], [ 115.246619735312606, -8.488612278833557 ], [ 115.246650823077061, -8.488610782361661 ], [ 115.246652230516133, -8.488639744128818 ] ] ] ] } },
{ "type": "Feature", "properties": { "latitude": -8.49097956, "longitude": 115.24544848, "area_in_me": 85.0816, "confidence": 0.819, "full_plus": "6P3QG65W+J54V", "layer": "2dd_buildings_002", "path": "file:///C:/Users/BPN/Downloads/Compressed/2dd_buildings.csv/2dd_buildings_split/2dd_buildings_002.csv?type=csv&maxFields=10000&detectTypes=yes&wktField=geometry&crs=EPSG:4326&spatialIndex=no&subsetIndex=no&watchFile=no", "Shape_Leng": 0.00033652061, "Shape_Area": 6.96e-09 }, "geometry": { "type": "MultiPolygon", "coordinates": [ [ [ [ 115.245442124354668, -8.490938494915554 ], [ 115.245505622786368, -8.490961020234863 ], [ 115.245480970570384, -8.491029899310377 ], [ 115.245460629704326, -8.491022684049597 ], [ 115.245417472138683, -8.491007374890387 ], [ 115.245391340538049, -8.490998105578058 ], [ 115.245397008065538, -8.490982271214818 ], [ 115.245415992753919, -8.490929225603224 ], [ 115.245442124354668, -8.490938494915554 ] ] ] ] } },
{ "type": "Feature", "properties": { "latitude": -8.49002732, "longitude": 115.24595015, "area_in_me": 47.2078, "confidence": 0.7202, "full_plus": "6P3QG65W+X9PV", "layer": "2dd_buildings_002", "path": "file:///C:/Users/BPN/Downloads/Compressed/2dd_buildings.csv/2dd_buildings_split/2dd_buildings_002.csv?type=csv&maxFields=10000&detectTypes=yes&wktField=geometry&crs=EPSG:4326&spatialIndex=no&subsetIndex=no&watchFile=no", "Shape_Leng": 0.00028221004, "Shape_Area": 3.86e-09 }, "geometry": { "type": "MultiPolygon", "coordinates": [ [ [ [ 115.245977720995143, -8.489979456086985 ], [ 115.24595912751181, -8.490081758466317 ], [ 115.245922588956432, -8.490075176328276 ], [ 115.245941182439651, -8.489972873948943 ], [ 115.245977720995143, -8.489979456086985 ] ] ] ] } },
{ "type": "Feature", "properties": { "latitude": -8.48819024, "longitude": 115.24556318, "area_in_me": 10.6154, "confidence": 0.6757, "full_plus": "6P3QG66W+P6G6", "layer": "2dd_buildings_002", "path": "file:///C:/Users/BPN/Downloads/Compressed/2dd_buildings.csv/2dd_buildings_split/2dd_buildings_002.csv?type=csv&maxFields=10000&detectTypes=yes&wktField=geometry&crs=EPSG:4326&spatialIndex=no&subsetIndex=no&watchFile=no", "Shape_Leng": 0.00011797117, "Shape_Area": 8.7e-10 }, "geometry": { "type": "MultiPolygon", "coordinates": [ [ [ [ 115.245578926526264, -8.488203959644977 ], [ 115.245550953114048, -8.488207145043646 ], [ 115.24554743496617, -8.48817651503407 ], [ 115.2455754083785, -8.488173329635401 ], [ 115.245578926526264, -8.488203959644977 ] ] ] ] } },
{ "type": "Feature", "properties": { "latitude": -8.48606432, "longitude": 115.24742869000001, "area_in_me": 108.1588, "confidence": 0.8876, "full_plus": "6P3QG67W+HXFG", "layer": "2dd_buildings_002", "path": "file:///C:/Users/BPN/Downloads/Compressed/2dd_buildings.csv/2dd_buildings_split/2dd_buildings_002.csv?type=csv&maxFields=10000&detectTypes=yes&wktField=geometry&crs=EPSG:4326&spatialIndex=no&subsetIndex=no&watchFile=no", "Shape_Leng": 0.00037992722, "Shape_Area": 8.84e-09 }, "geometry": { "type": "MultiPolygon", "coordinates": [ [ [ [ 115.247472300706136, -8.486012399952244 ], [ 115.24746662238681, -8.486120507455382 ], [ 115.24746659990376, -8.486120504757423 ], [ 115.247385074561635, -8.486116273447237 ], [ 115.247390756478239, -8.486008111085425 ], [ 115.247472303404152, -8.486012355885464 ], [ 115.247472300706136, -8.486012399952244 ] ] ] ] } },
{ "type": "Feature", "properties": { "latitude": -8.48735179, "longitude": 115.24594519, "area_in_me": 86.7815, "confidence": 0.8617, "full_plus": "6P3QG67W+394R", "layer": "2dd_buildings_002", "path": "file:///C:/Users/BPN/Downloads/Compressed/2dd_buildings.csv/2dd_buildings_split/2dd_buildings_002.csv?type=csv&maxFields=10000&detectTypes=yes&wktField=geometry&crs=EPSG:4326&spatialIndex=no&subsetIndex=no&watchFile=no", "Shape_Leng": 0.00034003631, "Shape_Area": 7.1e-09 }, "geometry": { "type": "MultiPolygon", "coordinates": [ [ [ [ 115.245983332764695, -8.487376495229 ], [ 115.245984459615215, -8.487398024099491 ], [ 115.245910956225657, -8.487401837224979 ], [ 115.245908415640884, -8.487353291820909 ], [ 115.245905916424931, -8.48730555310874 ], [ 115.245979419814489, -8.487301739983252 ], [ 115.245983332764695, -8.487376495229 ] ] ] ] } },
{ "type": "Feature", "properties": { "latitude": -8.48750837, "longitude": 115.24599429, "area_in_me": 176.2624, "confidence": 0.8276, "full_plus": "6P3QG66W+X9XQ", "layer": "2dd_buildings_002", "path": "file:///C:/Users/BPN/Downloads/Compressed/2dd_buildings.csv/2dd_buildings_split/2dd_buildings_002.csv?type=csv&maxFields=10000&detectTypes=yes&wktField=geometry&crs=EPSG:4326&spatialIndex=no&subsetIndex=no&watchFile=no", "Shape_Leng": 0.00051713942, "Shape_Area": 1.441e-08 }, "geometry": { "type": "MultiPolygon", "coordinates": [ [ [ [ 115.245917573437282, -8.487528246831062 ], [ 115.245914006726139, -8.487460106098979 ], [ 115.246056025864959, -8.487452737953447 ], [ 115.246062107979924, -8.487568938455695 ], [ 115.245993592230548, -8.487572493475739 ], [ 115.245992767552252, -8.487556745447421 ], [ 115.245949302418467, -8.487559000047781 ], [ 115.245947611692941, -8.487526688305991 ], [ 115.245917573437282, -8.487528246831062 ] ] ] ] } },
{ "type": "Feature", "properties": { "latitude": -8.48658111, "longitude": 115.24660813, "area_in_me": 21.8278, "confidence": 0.8105, "full_plus": "6P3QG67W+9J9M", "layer": "2dd_buildings_003", "path": "file:///C:/Users/BPN/Downloads/Compressed/2dd_buildings.csv/2dd_buildings_split/2dd_buildings_003.csv?type=csv&maxFields=10000&detectTypes=yes&wktField=geometry&crs=EPSG:4326&spatialIndex=no&subsetIndex=no&watchFile=no", "Shape_Leng": 0.00016899294, "Shape_Area": 1.78e-09 }, "geometry": { "type": "MultiPolygon", "coordinates": [ [ [ [ 115.246630217810321, -8.486601231961231 ], [ 115.246588038707046, -8.486603206872473 ], [ 115.246586044010769, -8.486560982803041 ], [ 115.246612047907774, -8.486559765121001 ], [ 115.246628223114044, -8.486559007891856 ], [ 115.246628319341539, -8.486561037661716 ], [ 115.246630217810321, -8.486601231961231 ] ] ] ] } },
{ "type": "Feature", "properties": { "latitude": -8.48810295, "longitude": 115.24528297000001, "area_in_me": 179.5626, "confidence": 0.8759, "full_plus": "6P3QG66W+Q43R", "layer": "2dd_buildings_003", "path": "file:///C:/Users/BPN/Downloads/Compressed/2dd_buildings.csv/2dd_buildings_split/2dd_buildings_003.csv?type=csv&maxFields=10000&detectTypes=yes&wktField=geometry&crs=EPSG:4326&spatialIndex=no&subsetIndex=no&watchFile=no", "Shape_Leng": 0.00052162997, "Shape_Area": 1.468e-08 }, "geometry": { "type": "MultiPolygon", "coordinates": [ [ [ [ 115.245359322874492, -8.488081132937907 ], [ 115.24535328842353, -8.488163882257311 ], [ 115.245228487704594, -8.488154862956492 ], [ 115.245217155347518, -8.488154043674115 ], [ 115.245217721920426, -8.488146271733001 ], [ 115.245226164755763, -8.488030495710746 ], [ 115.245226197131387, -8.488030046049744 ], [ 115.245230432938229, -8.488030351819248 ], [ 115.245307206262623, -8.488035900636248 ], [ 115.245304198929716, -8.488077148941215 ], [ 115.245359322874492, -8.488081132937907 ] ] ] ] } },
{ "type": "Feature", "properties": { "latitude": -8.48657291, "longitude": 115.24486994, "area_in_me": 129.455, "confidence": 0.8668, "full_plus": "6P3QG67V+9WH5", "layer": "2dd_buildings_003", "path": "file:///C:/Users/BPN/Downloads/Compressed/2dd_buildings.csv/2dd_buildings_split/2dd_buildings_003.csv?type=csv&maxFields=10000&detectTypes=yes&wktField=geometry&crs=EPSG:4326&spatialIndex=no&subsetIndex=no&watchFile=no", "Shape_Leng": 0.00042180572, "Shape_Area": 1.059e-08 }, "geometry": { "type": "MultiPolygon", "coordinates": [ [ [ [ 115.244905070812479, -8.486640653743109 ], [ 115.24482306793027, -8.486633196564696 ], [ 115.244834813975558, -8.48650517267555 ], [ 115.244916816857653, -8.486512629853962 ], [ 115.244905070812479, -8.486640653743109 ] ] ] ] } },
{ "type": "Feature", "properties": { "latitude": -8.48724394, "longitude": 115.24584023, "area_in_me": 82.4101, "confidence": 0.8687, "full_plus": "6P3QG67W+4849", "layer": "2dd_buildings_003", "path": "file:///C:/Users/BPN/Downloads/Compressed/2dd_buildings.csv/2dd_buildings_split/2dd_buildings_003.csv?type=csv&maxFields=10000&detectTypes=yes&wktField=geometry&crs=EPSG:4326&spatialIndex=no&subsetIndex=no&watchFile=no", "Shape_Leng": 0.00032896857, "Shape_Area": 6.74e-09 }, "geometry": { "type": "MultiPolygon", "coordinates": [ [ [ [ 115.245885158273495, -8.487281042086352 ], [ 115.245797984289652, -8.487284042224701 ], [ 115.245795303410546, -8.487206830031141 ], [ 115.245881076250726, -8.487203879355491 ], [ 115.245882478293765, -8.487203830792112 ], [ 115.2458851519782, -8.487280867617926 ], [ 115.245885158273495, -8.487281042086352 ] ] ] ] } },
{ "type": "Feature", "properties": { "latitude": -8.49090368, "longitude": 115.2463685, "area_in_me": 29.2353, "confidence": 0.7213, "full_plus": "6P3QG65W+JGQX", "layer": "2dd_buildings_003", "path": "file:///C:/Users/BPN/Downloads/Compressed/2dd_buildings.csv/2dd_buildings_split/2dd_buildings_003.csv?type=csv&maxFields=10000&detectTypes=yes&wktField=geometry&crs=EPSG:4326&spatialIndex=no&subsetIndex=no&watchFile=no", "Shape_Leng": 0.00020912185, "Shape_Area": 2.39e-09 }, "geometry": { "type": "MultiPolygon", "coordinates": [ [ [ [ 115.246392587248124, -8.490872702313311 ], [ 115.246377394101501, -8.490941841292909 ], [ 115.246344396177051, -8.490934654810417 ], [ 115.246359588424298, -8.4908655149315 ], [ 115.246392587248124, -8.490872702313311 ] ] ] ] } },
{ "type": "Feature", "properties": { "latitude": -8.48745197, "longitude": 115.24654553000001, "area_in_me": 66.7235, "confidence": 0.8354, "full_plus": "6P3QG67W+2J7V", "layer": "2dd_buildings_003", "path": "file:///C:/Users/BPN/Downloads/Compressed/2dd_buildings.csv/2dd_buildings_split/2dd_buildings_003.csv?type=csv&maxFields=10000&detectTypes=yes&wktField=geometry&crs=EPSG:4326&spatialIndex=no&subsetIndex=no&watchFile=no", "Shape_Leng": 0.00031416082, "Shape_Area": 5.46e-09 }, "geometry": { "type": "MultiPolygon", "coordinates": [ [ [ [ 115.246599249655674, -8.4874755258748 ], [ 115.246494122505851, -8.487480199651429 ], [ 115.246492353539338, -8.487440746393304 ], [ 115.24649179955702, -8.48742840229886 ], [ 115.246552199824237, -8.487425716923269 ], [ 115.246596926706843, -8.487423728522231 ], [ 115.246599249655674, -8.4874755258748 ] ] ] ] } },
{ "type": "Feature", "properties": { "latitude": -8.49232446, "longitude": 115.24565472, "area_in_me": 73.7841, "confidence": 0.8693, "full_plus": "6P3QG65W+37C5", "layer": "2dd_buildings_003", "path": "file:///C:/Users/BPN/Downloads/Compressed/2dd_buildings.csv/2dd_buildings_split/2dd_buildings_003.csv?type=csv&maxFields=10000&detectTypes=yes&wktField=geometry&crs=EPSG:4326&spatialIndex=no&subsetIndex=no&watchFile=no", "Shape_Leng": 0.00031959733, "Shape_Area": 6.03e-09 }, "geometry": { "type": "MultiPolygon", "coordinates": [ [ [ [ 115.245709452329379, -8.492305188333717 ], [ 115.245696310536346, -8.492364856552854 ], [ 115.245599966165514, -8.492343824108161 ], [ 115.245613126844432, -8.492284071352742 ], [ 115.245685560939933, -8.492299883232988 ], [ 115.24569913530695, -8.492302846499115 ], [ 115.24570947121515, -8.492305102898115 ], [ 115.245709452329379, -8.492305188333717 ] ] ] ] } },
{ "type": "Feature", "properties": { "latitude": -8.48832269, "longitude": 115.24455008, "area_in_me": 45.9179, "confidence": 0.6884, "full_plus": "6P3QG66V+MRF4", "layer": "2dd_buildings_003", "path": "file:///C:/Users/BPN/Downloads/Compressed/2dd_buildings.csv/2dd_buildings_split/2dd_buildings_003.csv?type=csv&maxFields=10000&detectTypes=yes&wktField=geometry&crs=EPSG:4326&spatialIndex=no&subsetIndex=no&watchFile=no", "Shape_Leng": 0.00024740559, "Shape_Area": 3.75e-09 }, "geometry": { "type": "MultiPolygon", "coordinates": [ [ [ [ 115.244538191484367, -8.488349803600499 ], [ 115.244515834338358, -8.488350523058159 ], [ 115.244515778580421, -8.488348794561148 ], [ 115.244514100445485, -8.488297109623886 ], [ 115.244582918367087, -8.48829489549297 ], [ 115.244584325806045, -8.48829485052687 ], [ 115.244586058799655, -8.488348263961143 ], [ 115.244580500090024, -8.488348442926281 ], [ 115.244538191484367, -8.488349803600499 ] ] ] ] } },
{ "type": "Feature", "properties": { "latitude": -8.48593753, "longitude": 115.24306642000001, "area_in_me": 196.3328, "confidence": 0.8959, "full_plus": "6P3QG67V+J6GC", "layer": "2dd_buildings_003", "path": "file:///C:/Users/BPN/Downloads/Compressed/2dd_buildings.csv/2dd_buildings_split/2dd_buildings_003.csv?type=csv&maxFields=10000&detectTypes=yes&wktField=geometry&crs=EPSG:4326&spatialIndex=no&subsetIndex=no&watchFile=no", "Shape_Leng": 0.00051651682, "Shape_Area": 1.605e-08 }, "geometry": { "type": "MultiPolygon", "coordinates": [ [ [ [ 115.243132132941696, -8.485998581869012 ], [ 115.243016512502095, -8.48601428313259 ], [ 115.243002868887402, -8.485914702101752 ], [ 115.243014081634669, -8.485913179549527 ], [ 115.243008507636546, -8.485872494220189 ], [ 115.24304924332796, -8.485866962490263 ], [ 115.243080175509704, -8.485862761757005 ], [ 115.243112915328879, -8.485858315508835 ], [ 115.243132132941696, -8.485998581869012 ] ] ] ] } },
{ "type": "Feature", "properties": { "latitude": -8.48887899, "longitude": 115.24642915, "area_in_me": 17.9065, "confidence": 0.7002, "full_plus": "6P3QG66W+CHVW", "layer": "2dd_buildings_003", "path": "file:///C:/Users/BPN/Downloads/Compressed/2dd_buildings.csv/2dd_buildings_split/2dd_buildings_003.csv?type=csv&maxFields=10000&detectTypes=yes&wktField=geometry&crs=EPSG:4326&spatialIndex=no&subsetIndex=no&watchFile=no", "Shape_Leng": 0.00015974433, "Shape_Area": 1.46e-09 }, "geometry": { "type": "MultiPolygon", "coordinates": [ [ [ [ 115.246445128340042, -8.488903631297489 ], [ 115.246416688179693, -8.488905581027723 ], [ 115.246413144850862, -8.488854337657529 ], [ 115.246441585011212, -8.488852388826615 ], [ 115.246445128340042, -8.488903631297489 ] ] ] ] } },
{ "type": "Feature", "properties": { "latitude": -8.48962972, "longitude": 115.24547329000001, "area_in_me": 101.6897, "confidence": 0.8651, "full_plus": "6P3QG66W+45XR", "layer": "2dd_buildings_003", "path": "file:///C:/Users/BPN/Downloads/Compressed/2dd_buildings.csv/2dd_buildings_split/2dd_buildings_003.csv?type=csv&maxFields=10000&detectTypes=yes&wktField=geometry&crs=EPSG:4326&spatialIndex=no&subsetIndex=no&watchFile=no", "Shape_Leng": 0.00038880826, "Shape_Area": 8.32e-09 }, "geometry": { "type": "MultiPolygon", "coordinates": [ [ [ [ 115.245530250720549, -8.48959110364649 ], [ 115.245524083169926, -8.489657001469368 ], [ 115.245486825156945, -8.489653545374779 ], [ 115.245484005782259, -8.489683669066039 ], [ 115.245423719728933, -8.489678076182201 ], [ 115.245432707553505, -8.489582053768743 ], [ 115.245530250720549, -8.48959110364649 ] ] ] ] } },
{ "type": "Feature", "properties": { "latitude": -8.49243759, "longitude": 115.24512304, "area_in_me": 16.5193, "confidence": 0.7396, "full_plus": "6P3QG65W+22HH", "layer": "2dd_buildings_003", "path": "file:///C:/Users/BPN/Downloads/Compressed/2dd_buildings.csv/2dd_buildings_split/2dd_buildings_003.csv?type=csv&maxFields=10000&detectTypes=yes&wktField=geometry&crs=EPSG:4326&spatialIndex=no&subsetIndex=no&watchFile=no", "Shape_Leng": 0.00015772969, "Shape_Area": 1.35e-09 }, "geometry": { "type": "MultiPolygon", "coordinates": [ [ [ [ 115.245141610496944, -8.492414434378588 ], [ 115.245128947143257, -8.492466637325379 ], [ 115.245104496375461, -8.492460759356504 ], [ 115.245117159729148, -8.492408555510394 ], [ 115.245141610496944, -8.492414434378588 ] ] ] ] } },
{ "type": "Feature", "properties": { "latitude": -8.48598814, "longitude": 115.24488744, "area_in_me": 36.6717, "confidence": 0.7599, "full_plus": "6P3QG67V+JX2F", "layer": "2dd_buildings_003", "path": "file:///C:/Users/BPN/Downloads/Compressed/2dd_buildings.csv/2dd_buildings_split/2dd_buildings_003.csv?type=csv&maxFields=10000&detectTypes=yes&wktField=geometry&crs=EPSG:4326&spatialIndex=no&subsetIndex=no&watchFile=no", "Shape_Leng": 0.00026198395, "Shape_Area": 3e-09 }, "geometry": { "type": "MultiPolygon", "coordinates": [ [ [ [ 115.244926408127299, -8.485988996894662 ], [ 115.244920672251283, -8.486020477662862 ], [ 115.244856345544008, -8.486008859321373 ], [ 115.244867107730897, -8.485949794547309 ], [ 115.244868109575691, -8.485944297890967 ], [ 115.244891503640019, -8.485948522905971 ], [ 115.244894654864538, -8.485949092176838 ], [ 115.244889776941704, -8.485975858698851 ], [ 115.244889605171238, -8.485976802087691 ], [ 115.244888626708871, -8.485982172838931 ], [ 115.244926408127299, -8.485988996894662 ] ] ] ] } },
{ "type": "Feature", "properties": { "latitude": -8.48881293, "longitude": 115.24542979, "area_in_me": 27.7017, "confidence": 0.8418, "full_plus": "6P3QG66W+F5FH", "layer": "2dd_buildings_003", "path": "file:///C:/Users/BPN/Downloads/Compressed/2dd_buildings.csv/2dd_buildings_split/2dd_buildings_003.csv?type=csv&maxFields=10000&detectTypes=yes&wktField=geometry&crs=EPSG:4326&spatialIndex=no&subsetIndex=no&watchFile=no", "Shape_Leng": 0.00019194351, "Shape_Area": 2.27e-09 }, "geometry": { "type": "MultiPolygon", "coordinates": [ [ [ [ 115.245455425327691, -8.488832093826034 ], [ 115.245455132148663, -8.488835875475218 ], [ 115.245414855111562, -8.48883277731079 ], [ 115.245401192610984, -8.488831726902617 ], [ 115.245404431969064, -8.48878997947395 ], [ 115.245458371506743, -8.48879412804655 ], [ 115.245455425327691, -8.488832093826034 ] ] ] ] } },
{ "type": "Feature", "properties": { "latitude": -8.48643641, "longitude": 115.24171736, "area_in_me": 29.4978, "confidence": 0.7681, "full_plus": "6P3QG67R+CMGH", "layer": "2dd_buildings_003", "path": "file:///C:/Users/BPN/Downloads/Compressed/2dd_buildings.csv/2dd_buildings_split/2dd_buildings_003.csv?type=csv&maxFields=10000&detectTypes=yes&wktField=geometry&crs=EPSG:4326&spatialIndex=no&subsetIndex=no&watchFile=no", "Shape_Leng": 0.00022241023, "Shape_Area": 2.41e-09 }, "geometry": { "type": "MultiPolygon", "coordinates": [ [ [ [ 115.241759646090827, -8.486426464909357 ], [ 115.241756200788132, -8.486455798096586 ], [ 115.241675078342269, -8.486446354315774 ], [ 115.241678523644964, -8.486417021128602 ], [ 115.241759646090827, -8.486426464909357 ] ] ] ] } },
{ "type": "Feature", "properties": { "latitude": -8.48945945, "longitude": 115.24564909, "area_in_me": 111.5844, "confidence": 0.8359, "full_plus": "6P3QG66W+676Q", "layer": "2dd_buildings_003", "path": "file:///C:/Users/BPN/Downloads/Compressed/2dd_buildings.csv/2dd_buildings_split/2dd_buildings_003.csv?type=csv&maxFields=10000&detectTypes=yes&wktField=geometry&crs=EPSG:4326&spatialIndex=no&subsetIndex=no&watchFile=no", "Shape_Leng": 0.00045124878, "Shape_Area": 9.12e-09 }, "geometry": { "type": "MultiPolygon", "coordinates": [ [ [ [ 115.245707418062921, -8.489491135907144 ], [ 115.245707376694099, -8.489519983460411 ], [ 115.245612983852197, -8.48951985036075 ], [ 115.245613171810533, -8.489388618589828 ], [ 115.245675697175784, -8.489388706723389 ], [ 115.245675551485533, -8.489491090941044 ], [ 115.245707418062921, -8.489491135907144 ] ] ] ] } },
{ "type": "Feature", "properties": { "latitude": -8.48692954, "longitude": 115.24637263, "area_in_me": 142.1358, "confidence": 0.8746, "full_plus": "6P3QG67W+6GHX", "layer": "2dd_buildings_003", "path": "file:///C:/Users/BPN/Downloads/Compressed/2dd_buildings.csv/2dd_buildings_split/2dd_buildings_003.csv?type=csv&maxFields=10000&detectTypes=yes&wktField=geometry&crs=EPSG:4326&spatialIndex=no&subsetIndex=no&watchFile=no", "Shape_Leng": 0.00045298816, "Shape_Area": 1.162e-08 }, "geometry": { "type": "MultiPolygon", "coordinates": [ [ [ [ 115.246329632007019, -8.486992802176019 ], [ 115.246324015740811, -8.486993042295012 ], [ 115.246322646073281, -8.486961298025449 ], [ 115.246320205313282, -8.48690472527278 ], [ 115.24634259753293, -8.486903768394143 ], [ 115.246340812378662, -8.486862404975966 ], [ 115.246415025333249, -8.486859231268454 ], [ 115.246417884278003, -8.486925493316789 ], [ 115.24642062001567, -8.486988911708863 ], [ 115.246329632007019, -8.486992802176019 ] ] ] ] } },
{ "type": "Feature", "properties": { "latitude": -8.48627187, "longitude": 115.24704684, "area_in_me": 43.9569, "confidence": 0.7063, "full_plus": "6P3QG67W+FRV3", "layer": "2dd_buildings_003", "path": "file:///C:/Users/BPN/Downloads/Compressed/2dd_buildings.csv/2dd_buildings_split/2dd_buildings_003.csv?type=csv&maxFields=10000&detectTypes=yes&wktField=geometry&crs=EPSG:4326&spatialIndex=no&subsetIndex=no&watchFile=no", "Shape_Leng": 0.00028930927, "Shape_Area": 3.59e-09 }, "geometry": { "type": "MultiPolygon", "coordinates": [ [ [ [ 115.247061349201999, -8.486315620769233 ], [ 115.24702410737666, -8.486317324085178 ], [ 115.247020491202761, -8.486238933779703 ], [ 115.247086594071106, -8.486235911158303 ], [ 115.247087657969132, -8.486258973372856 ], [ 115.247087658868395, -8.486258996755225 ], [ 115.247058810415865, -8.486260307067482 ], [ 115.247061371685049, -8.486315619869913 ], [ 115.247061349201999, -8.486315620769233 ] ] ] ] } },
{ "type": "Feature", "properties": { "latitude": -8.48548277, "longitude": 115.24208283, "area_in_me": 61.44, "confidence": 0.8573, "full_plus": "6P3QG67R+RR4P", "layer": "2dd_buildings_003", "path": "file:///C:/Users/BPN/Downloads/Compressed/2dd_buildings.csv/2dd_buildings_split/2dd_buildings_003.csv?type=csv&maxFields=10000&detectTypes=yes&wktField=geometry&crs=EPSG:4326&spatialIndex=no&subsetIndex=no&watchFile=no", "Shape_Leng": 0.00028831706, "Shape_Area": 5.02e-09 }, "geometry": { "type": "MultiPolygon", "coordinates": [ [ [ [ 115.242133752370819, -8.485472850791382 ], [ 115.242109934725818, -8.485526820006669 ], [ 115.242031905947783, -8.485492688037084 ], [ 115.242055723592784, -8.485438718821797 ], [ 115.242133752370819, -8.485472850791382 ] ] ] ] } },
{ "type": "Feature", "properties": { "latitude": -8.49099054, "longitude": 115.24568545, "area_in_me": 92.3286, "confidence": 0.8994, "full_plus": "6P3QG65W+J739", "layer": "2dd_buildings_003", "path": "file:///C:/Users/BPN/Downloads/Compressed/2dd_buildings.csv/2dd_buildings_split/2dd_buildings_003.csv?type=csv&maxFields=10000&detectTypes=yes&wktField=geometry&crs=EPSG:4326&spatialIndex=no&subsetIndex=no&watchFile=no", "Shape_Leng": 0.00036294835, "Shape_Area": 7.55e-09 }, "geometry": { "type": "MultiPolygon", "coordinates": [ [ [ [ 115.245619489547835, -8.491001412385231 ], [ 115.245641257637999, -8.490940590335924 ], [ 115.24575140750153, -8.490979664080214 ], [ 115.245729638512103, -8.491040485230144 ], [ 115.245619489547835, -8.491001412385231 ] ] ] ] } },
{ "type": "Feature", "properties": { "latitude": -8.48846871, "longitude": 115.24470035, "area_in_me": 19.65, "confidence": 0.6638, "full_plus": "6P3QG66V+JV87", "layer": "2dd_buildings_003", "path": "file:///C:/Users/BPN/Downloads/Compressed/2dd_buildings.csv/2dd_buildings_split/2dd_buildings_003.csv?type=csv&maxFields=10000&detectTypes=yes&wktField=geometry&crs=EPSG:4326&spatialIndex=no&subsetIndex=no&watchFile=no", "Shape_Leng": 0.00016128828, "Shape_Area": 1.61e-09 }, "geometry": { "type": "MultiPolygon", "coordinates": [ [ [ [ 115.244718889565206, -8.488490593366123 ], [ 115.244682938267033, -8.488491498084102 ], [ 115.244681804221955, -8.488446831456088 ], [ 115.244717756419391, -8.488445926738109 ], [ 115.244718889565206, -8.488490593366123 ] ] ] ] } },
{ "type": "Feature", "properties": { "latitude": -8.48775132, "longitude": 115.24458264, "area_in_me": 12.3505, "confidence": 0.7151, "full_plus": "6P3QG66V+VRWW", "layer": "2dd_buildings_003", "path": "file:///C:/Users/BPN/Downloads/Compressed/2dd_buildings.csv/2dd_buildings_split/2dd_buildings_003.csv?type=csv&maxFields=10000&detectTypes=yes&wktField=geometry&crs=EPSG:4326&spatialIndex=no&subsetIndex=no&watchFile=no", "Shape_Leng": 0.00012717412, "Shape_Area": 1.01e-09 }, "geometry": { "type": "MultiPolygon", "coordinates": [ [ [ [ 115.244599500066897, -8.487736500139306 ], [ 115.244598500020857, -8.487767300120765 ], [ 115.244565799771863, -8.487766200249894 ], [ 115.244566799818017, -8.487735299544397 ], [ 115.244599500066897, -8.487736500139306 ] ] ] ] } },
{ "type": "Feature", "properties": { "latitude": -8.48948935, "longitude": 115.24484402, "area_in_me": 84.7134, "confidence": 0.8122, "full_plus": "6P3QG66V+6W5C", "layer": "2dd_buildings_003", "path": "file:///C:/Users/BPN/Downloads/Compressed/2dd_buildings.csv/2dd_buildings_split/2dd_buildings_003.csv?type=csv&maxFields=10000&detectTypes=yes&wktField=geometry&crs=EPSG:4326&spatialIndex=no&subsetIndex=no&watchFile=no", "Shape_Leng": 0.00033416321, "Shape_Area": 6.93e-09 }, "geometry": { "type": "MultiPolygon", "coordinates": [ [ [ [ 115.244887680622014, -8.489529510878185 ], [ 115.244811946014579, -8.48953917139562 ], [ 115.244800363645936, -8.489449180735051 ], [ 115.244876099152748, -8.489439520217616 ], [ 115.244887680622014, -8.489529510878185 ] ] ] ] } },
{ "type": "Feature", "properties": { "latitude": -8.48902518, "longitude": 115.24663963, "area_in_me": 11.4627, "confidence": 0.6879, "full_plus": "6P3QG66W+9MJV", "layer": "2dd_buildings_003", "path": "file:///C:/Users/BPN/Downloads/Compressed/2dd_buildings.csv/2dd_buildings_split/2dd_buildings_003.csv?type=csv&maxFields=10000&detectTypes=yes&wktField=geometry&crs=EPSG:4326&spatialIndex=no&subsetIndex=no&watchFile=no", "Shape_Leng": 0.00012269071, "Shape_Area": 9.4e-10 }, "geometry": { "type": "MultiPolygon", "coordinates": [ [ [ [ 115.246654328634463, -8.489041186201746 ], [ 115.246625527845936, -8.489041710506513 ], [ 115.246624930696044, -8.489009175732804 ], [ 115.246650493925245, -8.48900871078331 ], [ 115.246653731484571, -8.489008652327414 ], [ 115.246653798933721, -8.489012318863388 ], [ 115.246654328634463, -8.489041186201746 ] ] ] ] } },
{ "type": "Feature", "properties": { "latitude": -8.48779123, "longitude": 115.2453325, "area_in_me": 44.3279, "confidence": 0.8063, "full_plus": "6P3QG66W+V4P8", "layer": "2dd_buildings_003", "path": "file:///C:/Users/BPN/Downloads/Compressed/2dd_buildings.csv/2dd_buildings_split/2dd_buildings_003.csv?type=csv&maxFields=10000&detectTypes=yes&wktField=geometry&crs=EPSG:4326&spatialIndex=no&subsetIndex=no&watchFile=no", "Shape_Leng": 0.0002522076, "Shape_Area": 3.62e-09 }, "geometry": { "type": "MultiPolygon", "coordinates": [ [ [ [ 115.245324400400818, -8.4878136304946 ], [ 115.245292269422748, -8.487814555896989 ], [ 115.245290982492861, -8.487770250796416 ], [ 115.245372728168945, -8.487767897270601 ], [ 115.245374015998095, -8.487812202371174 ], [ 115.245324400400818, -8.4878136304946 ] ] ] ] } },
{ "type": "Feature", "properties": { "latitude": -8.48597743, "longitude": 115.2468803, "area_in_me": 212.4609, "confidence": 0.8845, "full_plus": "6P3QG67W+JQ2R", "layer": "2dd_buildings_003", "path": "file:///C:/Users/BPN/Downloads/Compressed/2dd_buildings.csv/2dd_buildings_split/2dd_buildings_003.csv?type=csv&maxFields=10000&detectTypes=yes&wktField=geometry&crs=EPSG:4326&spatialIndex=no&subsetIndex=no&watchFile=no", "Shape_Leng": 0.00055517799, "Shape_Area": 1.737e-08 }, "geometry": { "type": "MultiPolygon", "coordinates": [ [ [ [ 115.246973925206589, -8.48602005138423 ], [ 115.246791924008107, -8.486029981698266 ], [ 115.246786684557947, -8.485934809144055 ], [ 115.246962065846674, -8.485925240357517 ], [ 115.246968686655578, -8.485924878830019 ], [ 115.24696872442712, -8.485925558717497 ], [ 115.246973925206589, -8.48602005138423 ] ] ] ] } },
{ "type": "Feature", "properties": { "latitude": -8.48719883, "longitude": 115.2467141, "area_in_me": 45.1501, "confidence": 0.8376, "full_plus": "6P3QG67W+4MG5", "layer": "2dd_buildings_003", "path": "file:///C:/Users/BPN/Downloads/Compressed/2dd_buildings.csv/2dd_buildings_split/2dd_buildings_003.csv?type=csv&maxFields=10000&detectTypes=yes&wktField=geometry&crs=EPSG:4326&spatialIndex=no&subsetIndex=no&watchFile=no", "Shape_Leng": 0.00024824738, "Shape_Area": 3.69e-09 }, "geometry": { "type": "MultiPolygon", "coordinates": [ [ [ [ 115.246752521112057, -8.487221865796414 ], [ 115.246677898965913, -8.487225183395424 ], [ 115.246675683935678, -8.487175805219181 ], [ 115.246750306081822, -8.487172487620171 ], [ 115.246752521112057, -8.487221865796414 ] ] ] ] } },
{ "type": "Feature", "properties": { "latitude": -8.48937295, "longitude": 115.24534934, "area_in_me": 91.623, "confidence": 0.8498, "full_plus": "6P3QG66W+7452", "layer": "2dd_buildings_003", "path": "file:///C:/Users/BPN/Downloads/Compressed/2dd_buildings.csv/2dd_buildings_split/2dd_buildings_003.csv?type=csv&maxFields=10000&detectTypes=yes&wktField=geometry&crs=EPSG:4326&spatialIndex=no&subsetIndex=no&watchFile=no", "Shape_Leng": 0.00034754806, "Shape_Area": 7.49e-09 }, "geometry": { "type": "MultiPolygon", "coordinates": [ [ [ [ 115.245406084023671, -8.489348605953353 ], [ 115.245383023607701, -8.489424519525926 ], [ 115.245292598574679, -8.489397294349601 ], [ 115.245315658990535, -8.489321379877708 ], [ 115.245406084023671, -8.489348605953353 ] ] ] ] } },
{ "type": "Feature", "properties": { "latitude": -8.48936597, "longitude": 115.24617003, "area_in_me": 25.4359, "confidence": 0.8315, "full_plus": "6P3QG66W+7F37", "layer": "2dd_buildings_003", "path": "file:///C:/Users/BPN/Downloads/Compressed/2dd_buildings.csv/2dd_buildings_split/2dd_buildings_003.csv?type=csv&maxFields=10000&detectTypes=yes&wktField=geometry&crs=EPSG:4326&spatialIndex=no&subsetIndex=no&watchFile=no", "Shape_Leng": 0.00018766052, "Shape_Area": 2.08e-09 }, "geometry": { "type": "MultiPolygon", "coordinates": [ [ [ [ 115.24620001901576, -8.489349745394406 ], [ 115.24619787593133, -8.489385595069109 ], [ 115.246140060315611, -8.489382169551448 ], [ 115.246142204299304, -8.489346319876688 ], [ 115.24620001901576, -8.489349745394406 ] ] ] ] } },
{ "type": "Feature", "properties": { "latitude": -8.48622165, "longitude": 115.24607811, "area_in_me": 15.3732, "confidence": 0.7576, "full_plus": "6P3QG67W+GC83", "layer": "2dd_buildings_003", "path": "file:///C:/Users/BPN/Downloads/Compressed/2dd_buildings.csv/2dd_buildings_split/2dd_buildings_003.csv?type=csv&maxFields=10000&detectTypes=yes&wktField=geometry&crs=EPSG:4326&spatialIndex=no&subsetIndex=no&watchFile=no", "Shape_Leng": 0.00014316723, "Shape_Area": 1.26e-09 }, "geometry": { "type": "MultiPolygon", "coordinates": [ [ [ [ 115.246093643606855, -8.486201369097842 ], [ 115.246093459245799, -8.486242053527917 ], [ 115.246062561238318, -8.486241915032281 ], [ 115.246062745599261, -8.486201229702942 ], [ 115.246093643606855, -8.486201369097842 ] ] ] ] } },
{ "type": "Feature", "properties": { "latitude": -8.48621283, "longitude": 115.24740265, "area_in_me": 154.7125, "confidence": 0.8653, "full_plus": "6P3QG67W+GX6H", "layer": "2dd_buildings_003", "path": "file:///C:/Users/BPN/Downloads/Compressed/2dd_buildings.csv/2dd_buildings_split/2dd_buildings_003.csv?type=csv&maxFields=10000&detectTypes=yes&wktField=geometry&crs=EPSG:4326&spatialIndex=no&subsetIndex=no&watchFile=no", "Shape_Leng": 0.00045764692, "Shape_Area": 1.265e-08 }, "geometry": { "type": "MultiPolygon", "coordinates": [ [ [ [ 115.247464224794157, -8.486174431704626 ], [ 115.247426273403903, -8.486291509945204 ], [ 115.247337287286086, -8.486262919598005 ], [ 115.247379025721557, -8.486134158264747 ], [ 115.247463465766373, -8.486161288112896 ], [ 115.247468011839374, -8.486162748611889 ], [ 115.247464224794157, -8.486174431704626 ] ] ] ] } },
{ "type": "Feature", "properties": { "latitude": -8.48819399, "longitude": 115.24520489, "area_in_me": 57.0422, "confidence": 0.8143, "full_plus": "6P3QG66W+P3G8", "layer": "2dd_buildings_003", "path": "file:///C:/Users/BPN/Downloads/Compressed/2dd_buildings.csv/2dd_buildings_split/2dd_buildings_003.csv?type=csv&maxFields=10000&detectTypes=yes&wktField=geometry&crs=EPSG:4326&spatialIndex=no&subsetIndex=no&watchFile=no", "Shape_Leng": 0.00028795106, "Shape_Area": 4.66e-09 }, "geometry": { "type": "MultiPolygon", "coordinates": [ [ [ [ 115.245230743204274, -8.488240704145142 ], [ 115.245181524208078, -8.488241986578373 ], [ 115.245179188668658, -8.48815310208397 ], [ 115.245179035783963, -8.488147278973713 ], [ 115.245195162426853, -8.488146858990319 ], [ 115.245217721920426, -8.488146271733001 ], [ 115.245228254780159, -8.488145997439801 ], [ 115.245228487704594, -8.488154862956492 ], [ 115.245229389724614, -8.488189182884412 ], [ 115.245230743204274, -8.488240704145142 ] ] ] ] } },
{ "type": "Feature", "properties": { "latitude": -8.49067374, "longitude": 115.24551118, "area_in_me": 37.614, "confidence": 0.8017, "full_plus": "6P3QG65W+P6J3", "layer": "2dd_buildings_003", "path": "file:///C:/Users/BPN/Downloads/Compressed/2dd_buildings.csv/2dd_buildings_split/2dd_buildings_003.csv?type=csv&maxFields=10000&detectTypes=yes&wktField=geometry&crs=EPSG:4326&spatialIndex=no&subsetIndex=no&watchFile=no", "Shape_Leng": 0.00022197392, "Shape_Area": 3.08e-09 }, "geometry": { "type": "MultiPolygon", "coordinates": [ [ [ [ 115.245530515121231, -8.490706339425969 ], [ 115.24552989189101, -8.490708196525986 ], [ 115.245521188252269, -8.490705302507649 ], [ 115.245475416357408, -8.490690083280697 ], [ 115.245492458510171, -8.490639285974225 ], [ 115.24554693314451, -8.490657400118891 ], [ 115.245530515121231, -8.490706339425969 ] ] ] ] } },
{ "type": "Feature", "properties": { "latitude": -8.48759968, "longitude": 115.24584431, "area_in_me": 26.201, "confidence": 0.7, "full_plus": "6P3QG66W+X892", "layer": "2dd_buildings_003", "path": "file:///C:/Users/BPN/Downloads/Compressed/2dd_buildings.csv/2dd_buildings_split/2dd_buildings_003.csv?type=csv&maxFields=10000&detectTypes=yes&wktField=geometry&crs=EPSG:4326&spatialIndex=no&subsetIndex=no&watchFile=no", "Shape_Leng": 0.00019402078, "Shape_Area": 2.14e-09 }, "geometry": { "type": "MultiPolygon", "coordinates": [ [ [ [ 115.245876741518487, -8.487614858738709 ], [ 115.245813841135941, -8.487618461422812 ], [ 115.245811878815175, -8.487584511116268 ], [ 115.245851592876761, -8.487582236730816 ], [ 115.245874780097097, -8.487580909331427 ], [ 115.245875051692337, -8.487585615483738 ], [ 115.245876741518487, -8.487614858738709 ] ] ] ] } },
{ "type": "Feature", "properties": { "latitude": -8.4865173, "longitude": 115.24659633, "area_in_me": 39.6821, "confidence": 0.8123, "full_plus": "6P3QG67W+9JX6", "layer": "2dd_buildings_003", "path": "file:///C:/Users/BPN/Downloads/Compressed/2dd_buildings.csv/2dd_buildings_split/2dd_buildings_003.csv?type=csv&maxFields=10000&detectTypes=yes&wktField=geometry&crs=EPSG:4326&spatialIndex=no&subsetIndex=no&watchFile=no", "Shape_Leng": 0.00023798093, "Shape_Area": 3.24e-09 }, "geometry": { "type": "MultiPolygon", "coordinates": [ [ [ [ 115.246608248272082, -8.486537890011562 ], [ 115.246559138093858, -8.486540391026153 ], [ 115.246556966231083, -8.486498118393399 ], [ 115.246586750877896, -8.486496602136413 ], [ 115.246633529114092, -8.486494219832309 ], [ 115.246635420388429, -8.486531024587066 ], [ 115.246635700976867, -8.48653649246512 ], [ 115.246608248272082, -8.486537890011562 ] ] ] ] } },
{ "type": "Feature", "properties": { "latitude": -8.48614028, "longitude": 115.24649292, "area_in_me": 46.2711, "confidence": 0.6759, "full_plus": "6P3QG67W+GHX9", "layer": "2dd_buildings_003", "path": "file:///C:/Users/BPN/Downloads/Compressed/2dd_buildings.csv/2dd_buildings_split/2dd_buildings_003.csv?type=csv&maxFields=10000&detectTypes=yes&wktField=geometry&crs=EPSG:4326&spatialIndex=no&subsetIndex=no&watchFile=no", "Shape_Leng": 0.00025635016, "Shape_Area": 3.78e-09 }, "geometry": { "type": "MultiPolygon", "coordinates": [ [ [ [ 115.246535342931793, -8.486160688265102 ], [ 115.246453433579177, -8.486165878252621 ], [ 115.24645049189678, -8.486119871634742 ], [ 115.246532402148659, -8.486114680747846 ], [ 115.246535342931793, -8.486160688265102 ] ] ] ] } },
{ "type": "Feature", "properties": { "latitude": -8.4871203, "longitude": 115.24544421, "area_in_me": 18.7818, "confidence": 0.6908, "full_plus": "6P3QG67W+5542", "layer": "2dd_buildings_003", "path": "file:///C:/Users/BPN/Downloads/Compressed/2dd_buildings.csv/2dd_buildings_split/2dd_buildings_003.csv?type=csv&maxFields=10000&detectTypes=yes&wktField=geometry&crs=EPSG:4326&spatialIndex=no&subsetIndex=no&watchFile=no", "Shape_Leng": 0.00016101735, "Shape_Area": 1.54e-09 }, "geometry": { "type": "MultiPolygon", "coordinates": [ [ [ [ 115.245460590134144, -8.487144476436413 ], [ 115.245429550933068, -8.487145543931661 ], [ 115.245427835026589, -8.487096122587957 ], [ 115.245458874227779, -8.487095055092652 ], [ 115.245460590134144, -8.487144476436413 ] ] ] ] } },
{ "type": "Feature", "properties": { "latitude": -8.48646729, "longitude": 115.24600504, "area_in_me": 26.4519, "confidence": 0.7618, "full_plus": "6P3QG67W+CC66", "layer": "2dd_buildings_003", "path": "file:///C:/Users/BPN/Downloads/Compressed/2dd_buildings.csv/2dd_buildings_split/2dd_buildings_003.csv?type=csv&maxFields=10000&detectTypes=yes&wktField=geometry&crs=EPSG:4326&spatialIndex=no&subsetIndex=no&watchFile=no", "Shape_Leng": 0.00018795689, "Shape_Area": 2.16e-09 }, "geometry": { "type": "MultiPolygon", "coordinates": [ [ [ [ 115.246033469968779, -8.486449430896471 ], [ 115.246030119994089, -8.486489579330566 ], [ 115.245977027617755, -8.486485187941014 ], [ 115.245976612131017, -8.486485153766807 ], [ 115.245976722747628, -8.486483825468099 ], [ 115.245979688711714, -8.486448277066302 ], [ 115.245979961206331, -8.486445006232032 ], [ 115.246016625666812, -8.486448037846628 ], [ 115.246033469968779, -8.486449430896471 ] ] ] ] } },
{ "type": "Feature", "properties": { "latitude": -8.48895111, "longitude": 115.24617053, "area_in_me": 44.0936, "confidence": 0.8648, "full_plus": "6P3QG66W+CF7V", "layer": "2dd_buildings_003", "path": "file:///C:/Users/BPN/Downloads/Compressed/2dd_buildings.csv/2dd_buildings_split/2dd_buildings_003.csv?type=csv&maxFields=10000&detectTypes=yes&wktField=geometry&crs=EPSG:4326&spatialIndex=no&subsetIndex=no&watchFile=no", "Shape_Leng": 0.00024030226, "Shape_Area": 3.61e-09 }, "geometry": { "type": "MultiPolygon", "coordinates": [ [ [ [ 115.246199619716776, -8.488949690076083 ], [ 115.246201217811972, -8.488980535023643 ], [ 115.246143049662123, -8.488983521672139 ], [ 115.246139847176323, -8.488921697778096 ], [ 115.246198014426909, -8.488918711129543 ], [ 115.246199619716776, -8.488949690076083 ] ] ] ] } },
{ "type": "Feature", "properties": { "latitude": -8.48802214, "longitude": 115.24603208000001, "area_in_me": 80.5675, "confidence": 0.8587, "full_plus": "6P3QG66W+QCV2", "layer": "2dd_buildings_003", "path": "file:///C:/Users/BPN/Downloads/Compressed/2dd_buildings.csv/2dd_buildings_split/2dd_buildings_003.csv?type=csv&maxFields=10000&detectTypes=yes&wktField=geometry&crs=EPSG:4326&spatialIndex=no&subsetIndex=no&watchFile=no", "Shape_Leng": 0.00032924509, "Shape_Area": 6.59e-09 }, "geometry": { "type": "MultiPolygon", "coordinates": [ [ [ [ 115.246065224130803, -8.487996498639461 ], [ 115.246068639756004, -8.488068462389606 ], [ 115.246000075443135, -8.488071687358456 ], [ 115.245995524873592, -8.487975813333094 ], [ 115.246040567418277, -8.487973694530353 ], [ 115.246064089186461, -8.487972587464867 ], [ 115.246065224130803, -8.487996498639461 ] ] ] ] } },
{ "type": "Feature", "properties": { "latitude": -8.48709252, "longitude": 115.24570192, "area_in_me": 154.44, "confidence": 0.8368, "full_plus": "6P3QG67W+5787", "layer": "2dd_buildings_003", "path": "file:///C:/Users/BPN/Downloads/Compressed/2dd_buildings.csv/2dd_buildings_split/2dd_buildings_003.csv?type=csv&maxFields=10000&detectTypes=yes&wktField=geometry&crs=EPSG:4326&spatialIndex=no&subsetIndex=no&watchFile=no", "Shape_Leng": 0.00046398473, "Shape_Area": 1.263e-08 }, "geometry": { "type": "MultiPolygon", "coordinates": [ [ [ [ 115.245629393781542, -8.487089187915615 ], [ 115.245628082569965, -8.487051406497187 ], [ 115.245649011592718, -8.487050686140208 ], [ 115.245739885387479, -8.487047559197435 ], [ 115.245772734024513, -8.487046428749636 ], [ 115.245775762041831, -8.487133631511824 ], [ 115.24563110968802, -8.487138608360056 ], [ 115.245629393781542, -8.487089187915615 ] ] ] ] } },
{ "type": "Feature", "properties": { "latitude": -8.48922959, "longitude": 115.24623378, "area_in_me": 13.9513, "confidence": 0.7479, "full_plus": "6P3QG66W+8F5V", "layer": "2dd_buildings_003", "path": "file:///C:/Users/BPN/Downloads/Compressed/2dd_buildings.csv/2dd_buildings_split/2dd_buildings_003.csv?type=csv&maxFields=10000&detectTypes=yes&wktField=geometry&crs=EPSG:4326&spatialIndex=no&subsetIndex=no&watchFile=no", "Shape_Leng": 0.00013675503, "Shape_Area": 1.14e-09 }, "geometry": { "type": "MultiPolygon", "coordinates": [ [ [ [ 115.246254863271361, -8.489217174532939 ], [ 115.246251973749622, -8.489245924060128 ], [ 115.246214775091858, -8.489242217953972 ], [ 115.246212685067462, -8.489242010210546 ], [ 115.246214056533518, -8.489228360300558 ], [ 115.246215522428429, -8.489213781390845 ], [ 115.246215574589201, -8.489213260683414 ], [ 115.246219009100059, -8.489213602425764 ], [ 115.246254863271361, -8.489217174532939 ] ] ] ] } },
{ "type": "Feature", "properties": { "latitude": -8.4911375, "longitude": 115.24556215, "area_in_me": 25.8965, "confidence": 0.8042, "full_plus": "6P3QG65W+G6VH", "layer": "2dd_buildings_003", "path": "file:///C:/Users/BPN/Downloads/Compressed/2dd_buildings.csv/2dd_buildings_split/2dd_buildings_003.csv?type=csv&maxFields=10000&detectTypes=yes&wktField=geometry&crs=EPSG:4326&spatialIndex=no&subsetIndex=no&watchFile=no", "Shape_Leng": 0.00018620168, "Shape_Area": 2.12e-09 }, "geometry": { "type": "MultiPolygon", "coordinates": [ [ [ [ 115.245593880453271, -8.491127292290685 ], [ 115.245581215300945, -8.49116473916132 ], [ 115.245530423390392, -8.491147713196369 ], [ 115.245543088542718, -8.491110265426357 ], [ 115.245593880453271, -8.491127292290685 ] ] ] ] } },
{ "type": "Feature", "properties": { "latitude": -8.48583212, "longitude": 115.24398209, "area_in_me": 53.4833, "confidence": 0.8394, "full_plus": "6P3QG67V+MH9M", "layer": "2dd_buildings_003", "path": "file:///C:/Users/BPN/Downloads/Compressed/2dd_buildings.csv/2dd_buildings_split/2dd_buildings_003.csv?type=csv&maxFields=10000&detectTypes=yes&wktField=geometry&crs=EPSG:4326&spatialIndex=no&subsetIndex=no&watchFile=no", "Shape_Leng": 0.00026466235, "Shape_Area": 4.37e-09 }, "geometry": { "type": "MultiPolygon", "coordinates": [ [ [ [ 115.244020199972283, -8.485859367715591 ], [ 115.243957353549035, -8.485871811634752 ], [ 115.243948736245216, -8.48582867565284 ], [ 115.24394398063032, -8.485804869698939 ], [ 115.243946551791964, -8.485804360682664 ], [ 115.24397628247948, -8.485798473720536 ], [ 115.244006827053454, -8.485792425779778 ], [ 115.244007297398866, -8.485794782003552 ], [ 115.244020199972283, -8.485859367715591 ] ] ] ] } },
{ "type": "Feature", "properties": { "latitude": -8.48857296, "longitude": 115.24458316, "area_in_me": 621.6142, "confidence": 0.9075, "full_plus": "6P3QG66V+HRG4", "layer": "2dd_buildings_003", "path": "file:///C:/Users/BPN/Downloads/Compressed/2dd_buildings.csv/2dd_buildings_split/2dd_buildings_003.csv?type=csv&maxFields=10000&detectTypes=yes&wktField=geometry&crs=EPSG:4326&spatialIndex=no&subsetIndex=no&watchFile=no", "Shape_Leng": 0.00101906951, "Shape_Area": 5.083e-08 }, "geometry": { "type": "MultiPolygon", "coordinates": [ [ [ [ 115.24456545623093, -8.488501592074783 ], [ 115.244619777980461, -8.488504035532742 ], [ 115.24477406746928, -8.488510973802363 ], [ 115.244768651751883, -8.488630338119549 ], [ 115.244681392332495, -8.48862641347813 ], [ 115.244680165657201, -8.48865345069612 ], [ 115.244404808535137, -8.488641067031551 ], [ 115.244411450927828, -8.488494666395695 ], [ 115.24456545623093, -8.488501592074783 ] ] ] ] } },
{ "type": "Feature", "properties": { "latitude": -8.49085673, "longitude": 115.24595184, "area_in_me": 34.7376, "confidence": 0.8264, "full_plus": "6P3QG65W+M94M", "layer": "2dd_buildings_003", "path": "file:///C:/Users/BPN/Downloads/Compressed/2dd_buildings.csv/2dd_buildings_split/2dd_buildings_003.csv?type=csv&maxFields=10000&detectTypes=yes&wktField=geometry&crs=EPSG:4326&spatialIndex=no&subsetIndex=no&watchFile=no", "Shape_Leng": 0.00021356369, "Shape_Area": 2.84e-09 }, "geometry": { "type": "MultiPolygon", "coordinates": [ [ [ [ 115.245986686336551, -8.490841883446137 ], [ 115.245970643330566, -8.490889489957965 ], [ 115.245951731487253, -8.490883174019245 ], [ 115.24591701136103, -8.49087157726143 ], [ 115.245933054367015, -8.490823969850283 ], [ 115.245986686336551, -8.490841883446137 ] ] ] ] } },
{ "type": "Feature", "properties": { "latitude": -8.49109849, "longitude": 115.24493131, "area_in_me": 62.3643, "confidence": 0.8366, "full_plus": "6P3QG65V+HX75", "layer": "2dd_buildings_003", "path": "file:///C:/Users/BPN/Downloads/Compressed/2dd_buildings.csv/2dd_buildings_split/2dd_buildings_003.csv?type=csv&maxFields=10000&detectTypes=yes&wktField=geometry&crs=EPSG:4326&spatialIndex=no&subsetIndex=no&watchFile=no", "Shape_Leng": 0.00029176883, "Shape_Area": 5.1e-09 }, "geometry": { "type": "MultiPolygon", "coordinates": [ [ [ [ 115.244970091796404, -8.491062834282332 ], [ 115.244948924453411, -8.491148045945522 ], [ 115.244892526169224, -8.491134160413139 ], [ 115.244913693512217, -8.491048947850629 ], [ 115.244970091796404, -8.491062834282332 ] ] ] ] } },
{ "type": "Feature", "properties": { "latitude": -8.48766157, "longitude": 115.24548324, "area_in_me": 22.5162, "confidence": 0.7775, "full_plus": "6P3QG66W+W5QF", "layer": "2dd_buildings_003", "path": "file:///C:/Users/BPN/Downloads/Compressed/2dd_buildings.csv/2dd_buildings_split/2dd_buildings_003.csv?type=csv&maxFields=10000&detectTypes=yes&wktField=geometry&crs=EPSG:4326&spatialIndex=no&subsetIndex=no&watchFile=no", "Shape_Leng": 0.00017238479, "Shape_Area": 1.84e-09 }, "geometry": { "type": "MultiPolygon", "coordinates": [ [ [ [ 115.245460262780966, -8.487681776392833 ], [ 115.245459863481983, -8.487668044644522 ], [ 115.245459127836511, -8.487642707145199 ], [ 115.245506214540228, -8.487641350967522 ], [ 115.245507349484683, -8.487680421114476 ], [ 115.245460262780966, -8.487681776392833 ] ] ] ] } },
{ "type": "Feature", "properties": { "latitude": -8.4917526, "longitude": 115.24570978, "area_in_me": 68.4106, "confidence": 0.7135, "full_plus": "6P3QG65W+77WW", "layer": "2dd_buildings_003", "path": "file:///C:/Users/BPN/Downloads/Compressed/2dd_buildings.csv/2dd_buildings_split/2dd_buildings_003.csv?type=csv&maxFields=10000&detectTypes=yes&wktField=geometry&crs=EPSG:4326&spatialIndex=no&subsetIndex=no&watchFile=no", "Shape_Leng": 0.00034567952, "Shape_Area": 5.59e-09 }, "geometry": { "type": "MultiPolygon", "coordinates": [ [ [ [ 115.245775406809685, -8.491748661771283 ], [ 115.245769822919101, -8.491773840989936 ], [ 115.245768716752991, -8.491773598172983 ], [ 115.245753671095144, -8.491770290466491 ], [ 115.245748589925597, -8.491769173508487 ], [ 115.245724662563134, -8.491763914273179 ], [ 115.245722540163115, -8.491773483059774 ], [ 115.245721524828582, -8.491778063306924 ], [ 115.245718986042448, -8.491789512575906 ], [ 115.245654617066975, -8.49177536354216 ], [ 115.245667758860009, -8.49171610721254 ], [ 115.245777287292071, -8.491740182963042 ], [ 115.245775406809685, -8.491748661771283 ] ] ] ] } },
{ "type": "Feature", "properties": { "latitude": -8.48790908, "longitude": 115.24640286, "area_in_me": 69.9129, "confidence": 0.706, "full_plus": "6P3QG66W+RHJQ", "layer": "2dd_buildings_003", "path": "file:///C:/Users/BPN/Downloads/Compressed/2dd_buildings.csv/2dd_buildings_split/2dd_buildings_003.csv?type=csv&maxFields=10000&detectTypes=yes&wktField=geometry&crs=EPSG:4326&spatialIndex=no&subsetIndex=no&watchFile=no", "Shape_Leng": 0.00034001986, "Shape_Area": 5.72e-09 }, "geometry": { "type": "MultiPolygon", "coordinates": [ [ [ [ 115.246450336314069, -8.48791659027836 ], [ 115.246451740155749, -8.487947892980856 ], [ 115.24639522316113, -8.487950405686604 ], [ 115.246371831794704, -8.48795144530294 ], [ 115.246367797435937, -8.487861513997643 ], [ 115.246422451035301, -8.487859084029481 ], [ 115.246425080653012, -8.487917713531601 ], [ 115.246450336314069, -8.48791659027836 ] ] ] ] } },
{ "type": "Feature", "properties": { "latitude": -8.48604301, "longitude": 115.24256542000001, "area_in_me": 13.0681, "confidence": 0.7215, "full_plus": "6P3QG67V+H2P6", "layer": "2dd_buildings_003", "path": "file:///C:/Users/BPN/Downloads/Compressed/2dd_buildings.csv/2dd_buildings_split/2dd_buildings_003.csv?type=csv&maxFields=10000&detectTypes=yes&wktField=geometry&crs=EPSG:4326&spatialIndex=no&subsetIndex=no&watchFile=no", "Shape_Leng": 0.00013398441, "Shape_Area": 1.07e-09 }, "geometry": { "type": "MultiPolygon", "coordinates": [ [ [ [ 115.24258833448414, -8.486050996156507 ], [ 115.242548648301522, -8.486060464219008 ], [ 115.242542518522441, -8.486034999915262 ], [ 115.242582204705059, -8.486025530953441 ], [ 115.24258833448414, -8.486050996156507 ] ] ] ] } },
{ "type": "Feature", "properties": { "latitude": -8.4878856, "longitude": 115.24608111000001, "area_in_me": 47.7849, "confidence": 0.7891, "full_plus": "6P3QG66W+RCWG", "layer": "2dd_buildings_003", "path": "file:///C:/Users/BPN/Downloads/Compressed/2dd_buildings.csv/2dd_buildings_split/2dd_buildings_003.csv?type=csv&maxFields=10000&detectTypes=yes&wktField=geometry&crs=EPSG:4326&spatialIndex=no&subsetIndex=no&watchFile=no", "Shape_Leng": 0.0002661524, "Shape_Area": 3.91e-09 }, "geometry": { "type": "MultiPolygon", "coordinates": [ [ [ [ 115.24612676024185, -8.48790533886023 ], [ 115.246061044082012, -8.487908430729476 ], [ 115.246037521414564, -8.487909536895586 ], [ 115.246035448477187, -8.487865847830562 ], [ 115.246124687304587, -8.487861648895944 ], [ 115.24612676024185, -8.48790533886023 ] ] ] ] } },
{ "type": "Feature", "properties": { "latitude": -8.48715391, "longitude": 115.24554068, "area_in_me": 77.2716, "confidence": 0.8256, "full_plus": "6P3QG67W+46MV", "layer": "2dd_buildings_003", "path": "file:///C:/Users/BPN/Downloads/Compressed/2dd_buildings.csv/2dd_buildings_split/2dd_buildings_003.csv?type=csv&maxFields=10000&detectTypes=yes&wktField=geometry&crs=EPSG:4326&spatialIndex=no&subsetIndex=no&watchFile=no", "Shape_Leng": 0.00034906689, "Shape_Area": 6.32e-09 }, "geometry": { "type": "MultiPolygon", "coordinates": [ [ [ [ 115.245520599196311, -8.48721628190583 ], [ 115.245517206054274, -8.487216398817679 ], [ 115.245512928878611, -8.487093195294676 ], [ 115.245564154262411, -8.487091432623458 ], [ 115.245568431438073, -8.487214636146518 ], [ 115.245546611187251, -8.487215387080425 ], [ 115.245520599196311, -8.48721628190583 ] ] ] ] } },
{ "type": "Feature", "properties": { "latitude": -8.49082801, "longitude": 115.24611492, "area_in_me": 12.3684, "confidence": 0.6985, "full_plus": "6P3QG65W+MC9W", "layer": "2dd_buildings_003", "path": "file:///C:/Users/BPN/Downloads/Compressed/2dd_buildings.csv/2dd_buildings_split/2dd_buildings_003.csv?type=csv&maxFields=10000&detectTypes=yes&wktField=geometry&crs=EPSG:4326&spatialIndex=no&subsetIndex=no&watchFile=no", "Shape_Leng": 0.0001276854, "Shape_Area": 1.01e-09 }, "geometry": { "type": "MultiPolygon", "coordinates": [ [ [ [ 115.246134354117203, -8.490816324713592 ], [ 115.246129722608657, -8.490845128200078 ], [ 115.246095485418323, -8.49083967201318 ], [ 115.246100116926868, -8.490810868526694 ], [ 115.246134354117203, -8.490816324713592 ] ] ] ] } },
{ "type": "Feature", "properties": { "latitude": -8.49235882, "longitude": 115.2430444, "area_in_me": 19.5756, "confidence": 0.7497, "full_plus": "6P3QG65V+363M", "layer": "2dd_buildings_003", "path": "file:///C:/Users/BPN/Downloads/Compressed/2dd_buildings.csv/2dd_buildings_split/2dd_buildings_003.csv?type=csv&maxFields=10000&detectTypes=yes&wktField=geometry&crs=EPSG:4326&spatialIndex=no&subsetIndex=no&watchFile=no", "Shape_Leng": 0.00016011768, "Shape_Area": 1.6e-09 }, "geometry": { "type": "MultiPolygon", "coordinates": [ [ [ [ 115.243070202927584, -8.49234705357361 ], [ 115.243057723035577, -8.492383765698207 ], [ 115.243018600727851, -8.492370585234255 ], [ 115.243031080619971, -8.492333872210395 ], [ 115.243070202927584, -8.49234705357361 ] ] ] ] } },
{ "type": "Feature", "properties": { "latitude": -8.49243357, "longitude": 115.24501785, "area_in_me": 18.6829, "confidence": 0.7407, "full_plus": "6P3QG65W+22CP", "layer": "2dd_buildings_003", "path": "file:///C:/Users/BPN/Downloads/Compressed/2dd_buildings.csv/2dd_buildings_split/2dd_buildings_003.csv?type=csv&maxFields=10000&detectTypes=yes&wktField=geometry&crs=EPSG:4326&spatialIndex=no&subsetIndex=no&watchFile=no", "Shape_Leng": 0.0001676974, "Shape_Area": 1.53e-09 }, "geometry": { "type": "MultiPolygon", "coordinates": [ [ [ [ 115.245031384191066, -8.492405088623912 ], [ 115.245031125186301, -8.492462173090757 ], [ 115.245014890624816, -8.492462100245689 ], [ 115.245004362261625, -8.492462052581629 ], [ 115.245004377550003, -8.492458761962268 ], [ 115.245004621266276, -8.492404967215407 ], [ 115.245031384191066, -8.492405088623912 ] ] ] ] } },
{ "type": "Feature", "properties": { "latitude": -8.48653986, "longitude": 115.24579625, "area_in_me": 91.6006, "confidence": 0.8524, "full_plus": "6P3QG67W+98MF", "layer": "2dd_buildings_003", "path": "file:///C:/Users/BPN/Downloads/Compressed/2dd_buildings.csv/2dd_buildings_split/2dd_buildings_003.csv?type=csv&maxFields=10000&detectTypes=yes&wktField=geometry&crs=EPSG:4326&spatialIndex=no&subsetIndex=no&watchFile=no", "Shape_Leng": 0.00038060479, "Shape_Area": 7.49e-09 }, "geometry": { "type": "MultiPolygon", "coordinates": [ [ [ [ 115.245863391082707, -8.486567367989608 ], [ 115.245729056650703, -8.486568011904183 ], [ 115.245728103369288, -8.486513242292233 ], [ 115.245807526096542, -8.48651187172544 ], [ 115.24586311858809, -8.486510913048164 ], [ 115.24586314286978, -8.486515986123834 ], [ 115.245863391082707, -8.486567367989608 ] ] ] ] } },
{ "type": "Feature", "properties": { "latitude": -8.48874572, "longitude": 115.2460486, "area_in_me": 92.6375, "confidence": 0.887, "full_plus": "6P3QG66W+GC34", "layer": "2dd_buildings_003", "path": "file:///C:/Users/BPN/Downloads/Compressed/2dd_buildings.csv/2dd_buildings_split/2dd_buildings_003.csv?type=csv&maxFields=10000&detectTypes=yes&wktField=geometry&crs=EPSG:4326&spatialIndex=no&subsetIndex=no&watchFile=no", "Shape_Leng": 0.00042485426, "Shape_Area": 7.58e-09 }, "geometry": { "type": "MultiPolygon", "coordinates": [ [ [ [ 115.246132452051029, -8.488767223028901 ], [ 115.245965376900699, -8.48876952799128 ], [ 115.245964745576657, -8.488724196764224 ], [ 115.246131820726987, -8.488721890902468 ], [ 115.246132452051029, -8.488767223028901 ] ] ] ] } },
{ "type": "Feature", "properties": { "latitude": -8.48759409, "longitude": 115.2451919, "area_in_me": 20.8307, "confidence": 0.7743, "full_plus": "6P3QG66W+X386", "layer": "2dd_buildings_003", "path": "file:///C:/Users/BPN/Downloads/Compressed/2dd_buildings.csv/2dd_buildings_split/2dd_buildings_003.csv?type=csv&maxFields=10000&detectTypes=yes&wktField=geometry&crs=EPSG:4326&spatialIndex=no&subsetIndex=no&watchFile=no", "Shape_Leng": 0.00016510808, "Shape_Area": 1.7e-09 }, "geometry": { "type": "MultiPolygon", "coordinates": [ [ [ [ 115.245213451039945, -8.48761379574006 ], [ 115.245171541733271, -8.487615002630207 ], [ 115.245170362722092, -8.487574391944577 ], [ 115.245212271129503, -8.487573185054373 ], [ 115.245213451039945, -8.48761379574006 ] ] ] ] } },
{ "type": "Feature", "properties": { "latitude": -8.48718294, "longitude": 115.24540767000001, "area_in_me": 41.7383, "confidence": 0.799, "full_plus": "6P3QG67W+45FJ", "layer": "2dd_buildings_003", "path": "file:///C:/Users/BPN/Downloads/Compressed/2dd_buildings.csv/2dd_buildings_split/2dd_buildings_003.csv?type=csv&maxFields=10000&detectTypes=yes&wktField=geometry&crs=EPSG:4326&spatialIndex=no&subsetIndex=no&watchFile=no", "Shape_Leng": 0.00023381543, "Shape_Area": 3.41e-09 }, "geometry": { "type": "MultiPolygon", "coordinates": [ [ [ [ 115.245438670957924, -8.487155398702669 ], [ 115.245432890115808, -8.487215699145167 ], [ 115.24537682637947, -8.487210372460652 ], [ 115.245382174647716, -8.487150404767306 ], [ 115.245438670957924, -8.487155398702669 ] ] ] ] } },
{ "type": "Feature", "properties": { "latitude": -8.48617245, "longitude": 115.24681502, "area_in_me": 148.0018, "confidence": 0.824, "full_plus": "6P3QG67W+GPP2", "layer": "2dd_buildings_003", "path": "file:///C:/Users/BPN/Downloads/Compressed/2dd_buildings.csv/2dd_buildings_split/2dd_buildings_003.csv?type=csv&maxFields=10000&detectTypes=yes&wktField=geometry&crs=EPSG:4326&spatialIndex=no&subsetIndex=no&watchFile=no", "Shape_Leng": 0.00050624374, "Shape_Area": 1.21e-08 }, "geometry": { "type": "MultiPolygon", "coordinates": [ [ [ [ 115.246867601958343, -8.48610120710498 ], [ 115.246873710153636, -8.486220098378794 ], [ 115.246747903992627, -8.486226505149034 ], [ 115.246743885821729, -8.486148306399173 ], [ 115.246819765220039, -8.486144442012346 ], [ 115.246817258809529, -8.486095655589963 ], [ 115.246842133157998, -8.486094389344544 ], [ 115.246842549544112, -8.486102483242973 ], [ 115.246867601958343, -8.48610120710498 ] ] ] ] } },
{ "type": "Feature", "properties": { "latitude": -8.48610275, "longitude": 115.24488274, "area_in_me": 116.1705, "confidence": 0.8482, "full_plus": "6P3QG67V+HX2R", "layer": "2dd_buildings_003", "path": "file:///C:/Users/BPN/Downloads/Compressed/2dd_buildings.csv/2dd_buildings_split/2dd_buildings_003.csv?type=csv&maxFields=10000&detectTypes=yes&wktField=geometry&crs=EPSG:4326&spatialIndex=no&subsetIndex=no&watchFile=no", "Shape_Leng": 0.00040517568, "Shape_Area": 9.5e-09 }, "geometry": { "type": "MultiPolygon", "coordinates": [ [ [ [ 115.244915566800046, -8.486048498739194 ], [ 115.244910955975911, -8.486073800265615 ], [ 115.244935131551188, -8.486078166474158 ], [ 115.244919547199402, -8.486163693799369 ], [ 115.24483104491685, -8.486147709249337 ], [ 115.244843423185443, -8.486079776260624 ], [ 115.244851239193395, -8.486036881296968 ], [ 115.244915566800046, -8.486048498739194 ] ] ] ] } },
{ "type": "Feature", "properties": { "latitude": -8.48745941, "longitude": 115.24672579, "area_in_me": 52.9958, "confidence": 0.8307, "full_plus": "6P3QG67W+2M9J", "layer": "2dd_buildings_003", "path": "file:///C:/Users/BPN/Downloads/Compressed/2dd_buildings.csv/2dd_buildings_split/2dd_buildings_003.csv?type=csv&maxFields=10000&detectTypes=yes&wktField=geometry&crs=EPSG:4326&spatialIndex=no&subsetIndex=no&watchFile=no", "Shape_Leng": 0.0002654255, "Shape_Area": 4.33e-09 }, "geometry": { "type": "MultiPolygon", "coordinates": [ [ [ [ 115.24676440115627, -8.487486726031534 ], [ 115.246709725073856, -8.487489156899017 ], [ 115.246689779010126, -8.487490043630544 ], [ 115.246687179070136, -8.487432085022647 ], [ 115.246761801216167, -8.487428767423637 ], [ 115.24676440115627, -8.487486726031534 ] ] ] ] } },
{ "type": "Feature", "properties": { "latitude": -8.48787716, "longitude": 115.24591579, "area_in_me": 46.6482, "confidence": 0.7661, "full_plus": "6P3QG66W+R9VV", "layer": "2dd_buildings_003", "path": "file:///C:/Users/BPN/Downloads/Compressed/2dd_buildings.csv/2dd_buildings_split/2dd_buildings_003.csv?type=csv&maxFields=10000&detectTypes=yes&wktField=geometry&crs=EPSG:4326&spatialIndex=no&subsetIndex=no&watchFile=no", "Shape_Leng": 0.00025246617, "Shape_Area": 3.81e-09 }, "geometry": { "type": "MultiPolygon", "coordinates": [ [ [ [ 115.245940553813625, -8.487870312065183 ], [ 115.245942627650152, -8.487914002029527 ], [ 115.245892570485807, -8.487916356454662 ], [ 115.245890496649167, -8.487872666490318 ], [ 115.245888961506466, -8.487840321473584 ], [ 115.245939018670811, -8.487837967048506 ], [ 115.245940553813625, -8.487870312065183 ] ] ] ] } },
{ "type": "Feature", "properties": { "latitude": -8.48664016, "longitude": 115.24477508, "area_in_me": 18.9055, "confidence": 0.6574, "full_plus": "6P3QG67V+8WR9", "layer": "2dd_buildings_003", "path": "file:///C:/Users/BPN/Downloads/Compressed/2dd_buildings.csv/2dd_buildings_split/2dd_buildings_003.csv?type=csv&maxFields=10000&detectTypes=yes&wktField=geometry&crs=EPSG:4326&spatialIndex=no&subsetIndex=no&watchFile=no", "Shape_Leng": 0.00015922671, "Shape_Area": 1.55e-09 }, "geometry": { "type": "MultiPolygon", "coordinates": [ [ [ [ 115.244793366021099, -8.486618304690978 ], [ 115.244790310124813, -8.486664224074616 ], [ 115.244756790593442, -8.486662012641716 ], [ 115.244759846489728, -8.486616093258078 ], [ 115.244793366021099, -8.486618304690978 ] ] ] ] } },
{ "type": "Feature", "properties": { "latitude": -8.48696589, "longitude": 115.24542429, "area_in_me": 88.7922, "confidence": 0.886, "full_plus": "6P3QG67W+6578", "layer": "2dd_buildings_003", "path": "file:///C:/Users/BPN/Downloads/Compressed/2dd_buildings.csv/2dd_buildings_split/2dd_buildings_003.csv?type=csv&maxFields=10000&detectTypes=yes&wktField=geometry&crs=EPSG:4326&spatialIndex=no&subsetIndex=no&watchFile=no", "Shape_Leng": 0.00035454136, "Shape_Area": 7.26e-09 }, "geometry": { "type": "MultiPolygon", "coordinates": [ [ [ [ 115.245400442576397, -8.486998685540868 ], [ 115.245368700105473, -8.486999572272396 ], [ 115.245366889770253, -8.48693536247697 ], [ 115.245479881491406, -8.48693220495727 ], [ 115.245480210643223, -8.48694388894927 ], [ 115.245481105468684, -8.486975619729037 ], [ 115.245481172917835, -8.48697802541551 ], [ 115.245481690927363, -8.486996414752696 ], [ 115.245400442576397, -8.486998685540868 ] ] ] ] } },
{ "type": "Feature", "properties": { "latitude": -8.49061049, "longitude": 115.24657314, "area_in_me": 38.194, "confidence": 0.8307, "full_plus": "6P3QG65W+QJ4F", "layer": "2dd_buildings_003", "path": "file:///C:/Users/BPN/Downloads/Compressed/2dd_buildings.csv/2dd_buildings_split/2dd_buildings_003.csv?type=csv&maxFields=10000&detectTypes=yes&wktField=geometry&crs=EPSG:4326&spatialIndex=no&subsetIndex=no&watchFile=no", "Shape_Leng": 0.00023481198, "Shape_Area": 3.12e-09 }, "geometry": { "type": "MultiPolygon", "coordinates": [ [ [ [ 115.246614161314596, -8.490596194059037 ], [ 115.246607902932396, -8.490636446814506 ], [ 115.246532127855517, -8.490624769117744 ], [ 115.246538386237603, -8.490584516362276 ], [ 115.246614161314596, -8.490596194059037 ] ] ] ] } },
{ "type": "Feature", "properties": { "latitude": -8.48645637, "longitude": 115.24206623000001, "area_in_me": 21.936, "confidence": 0.7454, "full_plus": "6P3QG67R+CR8J", "layer": "2dd_buildings_003", "path": "file:///C:/Users/BPN/Downloads/Compressed/2dd_buildings.csv/2dd_buildings_split/2dd_buildings_003.csv?type=csv&maxFields=10000&detectTypes=yes&wktField=geometry&crs=EPSG:4326&spatialIndex=no&subsetIndex=no&watchFile=no", "Shape_Leng": 0.00017776511, "Shape_Area": 1.79e-09 }, "geometry": { "type": "MultiPolygon", "coordinates": [ [ [ [ 115.242084117887771, -8.486428816636533 ], [ 115.242079203992148, -8.486486512642387 ], [ 115.242048335662275, -8.486483906407102 ], [ 115.242053249557898, -8.486426211300568 ], [ 115.242084117887771, -8.486428816636533 ] ] ] ] } },
{ "type": "Feature", "properties": { "latitude": -8.48694454, "longitude": 115.24678254, "area_in_me": 295.0751, "confidence": 0.8868, "full_plus": "6P3QG67W+6PF6", "layer": "2dd_buildings_003", "path": "file:///C:/Users/BPN/Downloads/Compressed/2dd_buildings.csv/2dd_buildings_split/2dd_buildings_003.csv?type=csv&maxFields=10000&detectTypes=yes&wktField=geometry&crs=EPSG:4326&spatialIndex=no&subsetIndex=no&watchFile=no", "Shape_Leng": 0.00074443617, "Shape_Area": 2.413e-08 }, "geometry": { "type": "MultiPolygon", "coordinates": [ [ [ [ 115.246759401824988, -8.486844504869964 ], [ 115.246761240039291, -8.486885504062741 ], [ 115.246873908004545, -8.486880495738262 ], [ 115.246879133964967, -8.486997002010014 ], [ 115.246766465999713, -8.487002010334436 ], [ 115.246768631567193, -8.487050293136463 ], [ 115.246715453755201, -8.487052657454115 ], [ 115.246706219516454, -8.486846779255416 ], [ 115.246706214120536, -8.486846656048272 ], [ 115.246706269878473, -8.486846653350312 ], [ 115.246759391932414, -8.48684429173062 ], [ 115.246759401824988, -8.486844504869964 ] ] ] ] } },
{ "type": "Feature", "properties": { "latitude": -8.48480664, "longitude": 115.24239974, "area_in_me": 63.7418, "confidence": 0.8866, "full_plus": "6P3QG68R+3XCQ", "layer": "2dd_buildings_003", "path": "file:///C:/Users/BPN/Downloads/Compressed/2dd_buildings.csv/2dd_buildings_split/2dd_buildings_003.csv?type=csv&maxFields=10000&detectTypes=yes&wktField=geometry&crs=EPSG:4326&spatialIndex=no&subsetIndex=no&watchFile=no", "Shape_Leng": 0.00020272417, "Shape_Area": 1.85e-09 }, "geometry": { "type": "MultiPolygon", "coordinates": [ [ [ [ 115.242425144404933, -8.48483174209116 ], [ 115.242410783131163, -8.48485647704473 ], [ 115.242408704797981, -8.484855280946419 ], [ 115.242380454394493, -8.48483902390177 ], [ 115.24243646327227, -8.484784286665445 ], [ 115.242448631099478, -8.48479128878688 ], [ 115.242425144404933, -8.48483174209116 ] ] ] ] } },
{ "type": "Feature", "properties": { "latitude": -8.48589169, "longitude": 115.24594369, "area_in_me": 27.6618, "confidence": 0.8363, "full_plus": "6P3QG67W+J9W6", "layer": "2dd_buildings_003", "path": "file:///C:/Users/BPN/Downloads/Compressed/2dd_buildings.csv/2dd_buildings_split/2dd_buildings_003.csv?type=csv&maxFields=10000&detectTypes=yes&wktField=geometry&crs=EPSG:4326&spatialIndex=no&subsetIndex=no&watchFile=no", "Shape_Leng": 0.0001930027, "Shape_Area": 2.26e-09 }, "geometry": { "type": "MultiPolygon", "coordinates": [ [ [ [ 115.245973237874637, -8.485909709065766 ], [ 115.245916996072538, -8.485913687666482 ], [ 115.245914138926423, -8.485873671432728 ], [ 115.245970381627899, -8.485869691932692 ], [ 115.245973237874637, -8.485909709065766 ] ] ] ] } },
{ "type": "Feature", "properties": { "latitude": -8.4867126, "longitude": 115.24179861, "area_in_me": 141.1019, "confidence": 0.8754, "full_plus": "6P3QG67R+8P7G", "layer": "2dd_buildings_003", "path": "file:///C:/Users/BPN/Downloads/Compressed/2dd_buildings.csv/2dd_buildings_split/2dd_buildings_003.csv?type=csv&maxFields=10000&detectTypes=yes&wktField=geometry&crs=EPSG:4326&spatialIndex=no&subsetIndex=no&watchFile=no", "Shape_Leng": 0.0004317198, "Shape_Area": 1.154e-08 }, "geometry": { "type": "MultiPolygon", "coordinates": [ [ [ [ 115.241854826738972, -8.486660393862053 ], [ 115.241838939315699, -8.486777768878881 ], [ 115.241742389000137, -8.486764815044125 ], [ 115.241758277322674, -8.486647440926617 ], [ 115.241854826738972, -8.486660393862053 ] ] ] ] } },
{ "type": "Feature", "properties": { "latitude": -8.489446, "longitude": 115.24783886, "area_in_me": 185.1811, "confidence": 0.7405, "full_plus": "6P3QG66X+64G5", "layer": "2dd_buildings_003", "path": "file:///C:/Users/BPN/Downloads/Compressed/2dd_buildings.csv/2dd_buildings_split/2dd_buildings_003.csv?type=csv&maxFields=10000&detectTypes=yes&wktField=geometry&crs=EPSG:4326&spatialIndex=no&subsetIndex=no&watchFile=no", "Shape_Leng": 0.00065284616, "Shape_Area": 1.514e-08 }, "geometry": { "type": "MultiPolygon", "coordinates": [ [ [ [ 115.247976799689582, -8.489453500178854 ], [ 115.247962399745006, -8.489507599795843 ], [ 115.247700900276413, -8.489438499487107 ], [ 115.247715400045763, -8.489384399870119 ], [ 115.247976799689582, -8.489453500178854 ] ] ] ] } },
{ "type": "Feature", "properties": { "latitude": -8.48843429, "longitude": 115.24550206000001, "area_in_me": 43.8447, "confidence": 0.7889, "full_plus": "6P3QG66W+J6CJ", "layer": "2dd_buildings_003", "path": "file:///C:/Users/BPN/Downloads/Compressed/2dd_buildings.csv/2dd_buildings_split/2dd_buildings_003.csv?type=csv&maxFields=10000&detectTypes=yes&wktField=geometry&crs=EPSG:4326&spatialIndex=no&subsetIndex=no&watchFile=no", "Shape_Leng": 0.00026111315, "Shape_Area": 3.59e-09 }, "geometry": { "type": "MultiPolygon", "coordinates": [ [ [ [ 115.245457382252425, -8.488456012634856 ], [ 115.245455558427352, -8.488416775213977 ], [ 115.245546737991617, -8.488412573581343 ], [ 115.245548562716067, -8.488451811002221 ], [ 115.245457382252425, -8.488456012634856 ] ] ] ] } },
{ "type": "Feature", "properties": { "latitude": -8.48455524, "longitude": 115.24275212000001, "area_in_me": 43.1222, "confidence": 0.8648, "full_plus": "6P3QG68V+54CJ", "layer": "2dd_buildings_004", "path": "file:///C:/Users/BPN/Downloads/Compressed/2dd_buildings.csv/2dd_buildings_split/2dd_buildings_004.csv?type=csv&maxFields=10000&detectTypes=yes&wktField=geometry&crs=EPSG:4326&spatialIndex=no&subsetIndex=no&watchFile=no", "Shape_Leng": 0.00023769925, "Shape_Area": 3.53e-09 }, "geometry": { "type": "MultiPolygon", "coordinates": [ [ [ [ 115.242783070082623, -8.484583724359368 ], [ 115.242726070152116, -8.48458822996281 ], [ 115.242721167947593, -8.484526753207035 ], [ 115.242778167878214, -8.484522247603593 ], [ 115.242783070082623, -8.484583724359368 ] ] ] ] } },
{ "type": "Feature", "properties": { "latitude": -8.4856557, "longitude": 115.24424574, "area_in_me": 47.1782, "confidence": 0.6753, "full_plus": "6P3QG67V+PMQQ", "layer": "2dd_buildings_004", "path": "file:///C:/Users/BPN/Downloads/Compressed/2dd_buildings.csv/2dd_buildings_split/2dd_buildings_004.csv?type=csv&maxFields=10000&detectTypes=yes&wktField=geometry&crs=EPSG:4326&spatialIndex=no&subsetIndex=no&watchFile=no", "Shape_Leng": 0.00025816028, "Shape_Area": 3.86e-09 }, "geometry": { "type": "MultiPolygon", "coordinates": [ [ [ [ 115.244227290457161, -8.485699220042932 ], [ 115.244217504034623, -8.485617727975693 ], [ 115.244264177050241, -8.485612171964135 ], [ 115.244273963472665, -8.485693664031317 ], [ 115.244227290457161, -8.485699220042932 ] ] ] ] } },
{ "type": "Feature", "properties": { "latitude": -8.48753507, "longitude": 115.24685567, "area_in_me": 46.5653, "confidence": 0.7963, "full_plus": "6P3QG66W+XPQF", "layer": "2dd_buildings_004", "path": "file:///C:/Users/BPN/Downloads/Compressed/2dd_buildings.csv/2dd_buildings_split/2dd_buildings_004.csv?type=csv&maxFields=10000&detectTypes=yes&wktField=geometry&crs=EPSG:4326&spatialIndex=no&subsetIndex=no&watchFile=no", "Shape_Leng": 0.00027027709, "Shape_Area": 3.81e-09 }, "geometry": { "type": "MultiPolygon", "coordinates": [ [ [ [ 115.246904070366668, -8.487552950308384 ], [ 115.246809069582923, -8.487557176222651 ], [ 115.246807275435458, -8.487517171680111 ], [ 115.246902276219089, -8.487512947564426 ], [ 115.246904070366668, -8.487552950308384 ] ] ] ] } },
{ "type": "Feature", "properties": { "latitude": -8.48965598, "longitude": 115.24486883, "area_in_me": 127.4217, "confidence": 0.8383, "full_plus": "6P3QG66V+4WQQ", "layer": "2dd_buildings_004", "path": "file:///C:/Users/BPN/Downloads/Compressed/2dd_buildings.csv/2dd_buildings_split/2dd_buildings_004.csv?type=csv&maxFields=10000&detectTypes=yes&wktField=geometry&crs=EPSG:4326&spatialIndex=no&subsetIndex=no&watchFile=no", "Shape_Leng": 0.00040843992, "Shape_Area": 1.042e-08 }, "geometry": { "type": "MultiPolygon", "coordinates": [ [ [ [ 115.244932011802916, -8.489691128942411 ], [ 115.24483061234298, -8.489717170610902 ], [ 115.244805647162934, -8.489620822642792 ], [ 115.244907046622984, -8.489594780974301 ], [ 115.244932011802916, -8.489691128942411 ] ] ] ] } },
{ "type": "Feature", "properties": { "latitude": -8.4884484, "longitude": 115.24678414, "area_in_me": 29.3341, "confidence": 0.8104, "full_plus": "6P3QG66W+JPF2", "layer": "2dd_buildings_004", "path": "file:///C:/Users/BPN/Downloads/Compressed/2dd_buildings.csv/2dd_buildings_split/2dd_buildings_004.csv?type=csv&maxFields=10000&detectTypes=yes&wktField=geometry&crs=EPSG:4326&spatialIndex=no&subsetIndex=no&watchFile=no", "Shape_Leng": 0.00019608351, "Shape_Area": 2.4e-09 }, "geometry": { "type": "MultiPolygon", "coordinates": [ [ [ [ 115.24680932139313, -8.488472282269981 ], [ 115.246762491895538, -8.48847549105102 ], [ 115.246758967452479, -8.488424510282869 ], [ 115.246805796950071, -8.48842130150183 ], [ 115.24680932139313, -8.488472282269981 ] ] ] ] } },
{ "type": "Feature", "properties": { "latitude": -8.48627362, "longitude": 115.24594144, "area_in_me": 49.221, "confidence": 0.8301, "full_plus": "6P3QG67W+F9W2", "layer": "2dd_buildings_004", "path": "file:///C:/Users/BPN/Downloads/Compressed/2dd_buildings.csv/2dd_buildings_split/2dd_buildings_004.csv?type=csv&maxFields=10000&detectTypes=yes&wktField=geometry&crs=EPSG:4326&spatialIndex=no&subsetIndex=no&watchFile=no", "Shape_Leng": 0.00026665886, "Shape_Area": 4.02e-09 }, "geometry": { "type": "MultiPolygon", "coordinates": [ [ [ [ 115.245983646628019, -8.486295621645581 ], [ 115.245983387623255, -8.486299530099188 ], [ 115.245899377454407, -8.486294009161156 ], [ 115.245899303709962, -8.486294004664558 ], [ 115.245896434872634, -8.486293815806903 ], [ 115.245896834171617, -8.486287797543753 ], [ 115.245899356769996, -8.48624973643615 ], [ 115.245899489869657, -8.486247728250021 ], [ 115.24595664358435, -8.486251483818876 ], [ 115.245979048394474, -8.486252956009082 ], [ 115.245986442620278, -8.486253441642987 ], [ 115.245984796860967, -8.486278262931421 ], [ 115.245983646628019, -8.486295621645581 ] ] ] ] } },
{ "type": "Feature", "properties": { "latitude": -8.48911357, "longitude": 115.24450806, "area_in_me": 107.7014, "confidence": 0.9129, "full_plus": "6P3QG66V+9R2F", "layer": "2dd_buildings_004", "path": "file:///C:/Users/BPN/Downloads/Compressed/2dd_buildings.csv/2dd_buildings_split/2dd_buildings_004.csv?type=csv&maxFields=10000&detectTypes=yes&wktField=geometry&crs=EPSG:4326&spatialIndex=no&subsetIndex=no&watchFile=no", "Shape_Leng": 0.00037539462, "Shape_Area": 8.81e-09 }, "geometry": { "type": "MultiPolygon", "coordinates": [ [ [ [ 115.244568473456297, -8.489085879809465 ], [ 115.244534888274529, -8.489174159060155 ], [ 115.244447639646864, -8.489141259161727 ], [ 115.244481225728009, -8.489052979911037 ], [ 115.244568473456297, -8.489085879809465 ] ] ] ] } },
{ "type": "Feature", "properties": { "latitude": -8.48734171, "longitude": 115.24603325, "area_in_me": 87.1046, "confidence": 0.8312, "full_plus": "6P3QG67W+3C76", "layer": "2dd_buildings_004", "path": "file:///C:/Users/BPN/Downloads/Compressed/2dd_buildings.csv/2dd_buildings_split/2dd_buildings_004.csv?type=csv&maxFields=10000&detectTypes=yes&wktField=geometry&crs=EPSG:4326&spatialIndex=no&subsetIndex=no&watchFile=no", "Shape_Leng": 0.00041417702, "Shape_Area": 7.12e-09 }, "geometry": { "type": "MultiPolygon", "coordinates": [ [ [ [ 115.245983332764695, -8.487376495229 ], [ 115.245979419814489, -8.487301739983252 ], [ 115.246053487978202, -8.487297897180156 ], [ 115.246055987194154, -8.487345635892325 ], [ 115.246113971882323, -8.487342627660098 ], [ 115.246115386515953, -8.487369644193677 ], [ 115.245983332764695, -8.487376495229 ] ] ] ] } },
{ "type": "Feature", "properties": { "latitude": -8.48958137, "longitude": 115.24647503, "area_in_me": 34.7651, "confidence": 0.7897, "full_plus": "6P3QG66W+5H9J", "layer": "2dd_buildings_004", "path": "file:///C:/Users/BPN/Downloads/Compressed/2dd_buildings.csv/2dd_buildings_split/2dd_buildings_004.csv?type=csv&maxFields=10000&detectTypes=yes&wktField=geometry&crs=EPSG:4326&spatialIndex=no&subsetIndex=no&watchFile=no", "Shape_Leng": 0.00021648973, "Shape_Area": 2.84e-09 }, "geometry": { "type": "MultiPolygon", "coordinates": [ [ [ [ 115.246499160507938, -8.489611801543333 ], [ 115.246454398551691, -8.489614264786439 ], [ 115.246450883101829, -8.48955094711846 ], [ 115.246495645058076, -8.48954848387541 ], [ 115.246499160507938, -8.489611801543333 ] ] ] ] } },
{ "type": "Feature", "properties": { "latitude": -8.48814494, "longitude": 115.24602212000001, "area_in_me": 15.1216, "confidence": 0.7039, "full_plus": "6P3QG66W+PCR8", "layer": "2dd_buildings_004", "path": "file:///C:/Users/BPN/Downloads/Compressed/2dd_buildings.csv/2dd_buildings_split/2dd_buildings_004.csv?type=csv&maxFields=10000&detectTypes=yes&wktField=geometry&crs=EPSG:4326&spatialIndex=no&subsetIndex=no&watchFile=no", "Shape_Leng": 0.0001407152, "Shape_Area": 1.24e-09 }, "geometry": { "type": "MultiPolygon", "coordinates": [ [ [ [ 115.246041081830526, -8.488161061084043 ], [ 115.246004946171411, -8.488162936170511 ], [ 115.246003159218503, -8.488128809596844 ], [ 115.246039294877619, -8.488126934510376 ], [ 115.246041081830526, -8.488161061084043 ] ] ] ] } },
{ "type": "Feature", "properties": { "latitude": -8.48739819, "longitude": 115.24673495, "area_in_me": 76.4433, "confidence": 0.8768, "full_plus": "6P3QG67W+2MX4", "layer": "2dd_buildings_004", "path": "file:///C:/Users/BPN/Downloads/Compressed/2dd_buildings.csv/2dd_buildings_split/2dd_buildings_004.csv?type=csv&maxFields=10000&detectTypes=yes&wktField=geometry&crs=EPSG:4326&spatialIndex=no&subsetIndex=no&watchFile=no", "Shape_Leng": 0.00032390872, "Shape_Area": 6.25e-09 }, "geometry": { "type": "MultiPolygon", "coordinates": [ [ [ [ 115.246761801216167, -8.487428767423637 ], [ 115.246687179070136, -8.487432085022647 ], [ 115.246684335413761, -8.487368672925868 ], [ 115.24678271584969, -8.487364298623447 ], [ 115.246785560405328, -8.487427711619546 ], [ 115.246761801216167, -8.487428767423637 ] ] ] ] } },
{ "type": "Feature", "properties": { "latitude": -8.48694373, "longitude": 115.24488782, "area_in_me": 17.7774, "confidence": 0.7433, "full_plus": "6P3QG67V+6XC7", "layer": "2dd_buildings_004", "path": "file:///C:/Users/BPN/Downloads/Compressed/2dd_buildings.csv/2dd_buildings_split/2dd_buildings_004.csv?type=csv&maxFields=10000&detectTypes=yes&wktField=geometry&crs=EPSG:4326&spatialIndex=no&subsetIndex=no&watchFile=no", "Shape_Leng": 0.00015300924, "Shape_Area": 1.45e-09 }, "geometry": { "type": "MultiPolygon", "coordinates": [ [ [ [ 115.244885180506685, -8.486963910555971 ], [ 115.244875632404614, -8.486967923330951 ], [ 115.244873563064516, -8.486963042710215 ], [ 115.244861903354263, -8.48693554593865 ], [ 115.244900011226605, -8.486919529912313 ], [ 115.244913740276957, -8.486951907304615 ], [ 115.244885180506685, -8.486963910555971 ] ] ] ] } },
{ "type": "Feature", "properties": { "latitude": -8.4904226, "longitude": 115.243858, "area_in_me": 13.4985, "confidence": 0.6737, "full_plus": "6P3QG65V+RGQ3", "layer": "2dd_buildings_004", "path": "file:///C:/Users/BPN/Downloads/Compressed/2dd_buildings.csv/2dd_buildings_split/2dd_buildings_004.csv?type=csv&maxFields=10000&detectTypes=yes&wktField=geometry&crs=EPSG:4326&spatialIndex=no&subsetIndex=no&watchFile=no", "Shape_Leng": 0.00013381008, "Shape_Area": 1.1e-09 }, "geometry": { "type": "MultiPolygon", "coordinates": [ [ [ [ 115.243880968731787, -8.490429043365623 ], [ 115.243846486026541, -8.490443410035311 ], [ 115.24383503495892, -8.490416170469871 ], [ 115.243869517664166, -8.490401802900863 ], [ 115.243880968731787, -8.490429043365623 ] ] ] ] } },
{ "type": "Feature", "properties": { "latitude": -8.48608501, "longitude": 115.24197801, "area_in_me": 102.0898, "confidence": 0.8714, "full_plus": "6P3QG67R+HQ9F", "layer": "2dd_buildings_004", "path": "file:///C:/Users/BPN/Downloads/Compressed/2dd_buildings.csv/2dd_buildings_split/2dd_buildings_004.csv?type=csv&maxFields=10000&detectTypes=yes&wktField=geometry&crs=EPSG:4326&spatialIndex=no&subsetIndex=no&watchFile=no", "Shape_Leng": 0.00037582427, "Shape_Area": 8.35e-09 }, "geometry": { "type": "MultiPolygon", "coordinates": [ [ [ [ 115.242030029062676, -8.486040756475688 ], [ 115.2419946686191, -8.486151081707021 ], [ 115.241925991891094, -8.486129264154158 ], [ 115.241961353233933, -8.486018938922825 ], [ 115.242030029062676, -8.486040756475688 ] ] ] ] } },
{ "type": "Feature", "properties": { "latitude": -8.48653445, "longitude": 115.24498252, "area_in_me": 52.8722, "confidence": 0.8706, "full_plus": "6P3QG67V+9XQM", "layer": "2dd_buildings_004", "path": "file:///C:/Users/BPN/Downloads/Compressed/2dd_buildings.csv/2dd_buildings_split/2dd_buildings_004.csv?type=csv&maxFields=10000&detectTypes=yes&wktField=geometry&crs=EPSG:4326&spatialIndex=no&subsetIndex=no&watchFile=no", "Shape_Leng": 0.00026303515, "Shape_Area": 4.32e-09 }, "geometry": { "type": "MultiPolygon", "coordinates": [ [ [ [ 115.245017753166849, -8.486504090791129 ], [ 115.245013738593229, -8.486568900434349 ], [ 115.244947279593362, -8.4865648193109 ], [ 115.244951294166981, -8.486500010566999 ], [ 115.245017753166849, -8.486504090791129 ] ] ] ] } },
{ "type": "Feature", "properties": { "latitude": -8.49198769, "longitude": 115.24498835, "area_in_me": 31.5161, "confidence": 0.8254, "full_plus": "6P3QG65V+6X5G", "layer": "2dd_buildings_004", "path": "file:///C:/Users/BPN/Downloads/Compressed/2dd_buildings.csv/2dd_buildings_split/2dd_buildings_004.csv?type=csv&maxFields=10000&detectTypes=yes&wktField=geometry&crs=EPSG:4326&spatialIndex=no&subsetIndex=no&watchFile=no", "Shape_Leng": 0.00021192496, "Shape_Area": 2.58e-09 }, "geometry": { "type": "MultiPolygon", "coordinates": [ [ [ [ 115.245024423438508, -8.491973294431943 ], [ 115.245019840493342, -8.492010839328714 ], [ 115.24495226543479, -8.492002091623192 ], [ 115.244956848379957, -8.491964546726422 ], [ 115.245024423438508, -8.491973294431943 ] ] ] ] } },
{ "type": "Feature", "properties": { "latitude": -8.48644365, "longitude": 115.24200003, "area_in_me": 26.1548, "confidence": 0.7285, "full_plus": "6P3QG67R+CRC6", "layer": "2dd_buildings_004", "path": "file:///C:/Users/BPN/Downloads/Compressed/2dd_buildings.csv/2dd_buildings_split/2dd_buildings_004.csv?type=csv&maxFields=10000&detectTypes=yes&wktField=geometry&crs=EPSG:4326&spatialIndex=no&subsetIndex=no&watchFile=no", "Shape_Leng": 0.00019557668, "Shape_Area": 2.14e-09 }, "geometry": { "type": "MultiPolygon", "coordinates": [ [ [ [ 115.24201914996388, -8.486412716973291 ], [ 115.242013842165193, -8.486477263115148 ], [ 115.241980926978272, -8.486474580437516 ], [ 115.241986234776959, -8.486410034295602 ], [ 115.24201914996388, -8.486412716973291 ] ] ] ] } },
{ "type": "Feature", "properties": { "latitude": -8.48983225, "longitude": 115.24641899, "area_in_me": 49.2915, "confidence": 0.8911, "full_plus": "6P3QG66W+3H7M", "layer": "2dd_buildings_004", "path": "file:///C:/Users/BPN/Downloads/Compressed/2dd_buildings.csv/2dd_buildings_split/2dd_buildings_004.csv?type=csv&maxFields=10000&detectTypes=yes&wktField=geometry&crs=EPSG:4326&spatialIndex=no&subsetIndex=no&watchFile=no", "Shape_Leng": 0.00025509131, "Shape_Area": 4.03e-09 }, "geometry": { "type": "MultiPolygon", "coordinates": [ [ [ [ 115.246450740109594, -8.48979992802424 ], [ 115.246444796490209, -8.489869461806165 ], [ 115.24638724437591, -8.489864585682028 ], [ 115.246393187995295, -8.489795051900103 ], [ 115.246450740109594, -8.48979992802424 ] ] ] ] } },
{ "type": "Feature", "properties": { "latitude": -8.49213662, "longitude": 115.24608359, "area_in_me": 22.2327, "confidence": 0.7388, "full_plus": "6P3QG65W+4CWG", "layer": "2dd_buildings_004", "path": "file:///C:/Users/BPN/Downloads/Compressed/2dd_buildings.csv/2dd_buildings_split/2dd_buildings_004.csv?type=csv&maxFields=10000&detectTypes=yes&wktField=geometry&crs=EPSG:4326&spatialIndex=no&subsetIndex=no&watchFile=no", "Shape_Leng": 0.00017063858, "Shape_Area": 1.82e-09 }, "geometry": { "type": "MultiPolygon", "coordinates": [ [ [ [ 115.246109132630409, -8.492120484672569 ], [ 115.246101256367979, -8.492161057586713 ], [ 115.246058060131418, -8.49215274695166 ], [ 115.246065936393961, -8.492112173138253 ], [ 115.246109132630409, -8.492120484672569 ] ] ] ] } },
{ "type": "Feature", "properties": { "latitude": -8.48930705, "longitude": 115.2462448, "area_in_me": 106.615, "confidence": 0.8748, "full_plus": "6P3QG66W+7FHQ", "layer": "2dd_buildings_004", "path": "file:///C:/Users/BPN/Downloads/Compressed/2dd_buildings.csv/2dd_buildings_split/2dd_buildings_004.csv?type=csv&maxFields=10000&detectTypes=yes&wktField=geometry&crs=EPSG:4326&spatialIndex=no&subsetIndex=no&watchFile=no", "Shape_Leng": 0.00042540316, "Shape_Area": 8.72e-09 }, "geometry": { "type": "MultiPolygon", "coordinates": [ [ [ [ 115.246167078647773, -8.489337194455914 ], [ 115.246165340258358, -8.489281784526668 ], [ 115.246322528262112, -8.489276897610694 ], [ 115.246324266651641, -8.489332308439259 ], [ 115.246167078647773, -8.489337194455914 ] ] ] ] } },
{ "type": "Feature", "properties": { "latitude": -8.48903427, "longitude": 115.24617484, "area_in_me": 35.108, "confidence": 0.7979, "full_plus": "6P3QG66W+9FMP", "layer": "2dd_buildings_004", "path": "file:///C:/Users/BPN/Downloads/Compressed/2dd_buildings.csv/2dd_buildings_split/2dd_buildings_004.csv?type=csv&maxFields=10000&detectTypes=yes&wktField=geometry&crs=EPSG:4326&spatialIndex=no&subsetIndex=no&watchFile=no", "Shape_Leng": 0.00021506954, "Shape_Area": 2.87e-09 }, "geometry": { "type": "MultiPolygon", "coordinates": [ [ [ [ 115.246205199110705, -8.48905739108568 ], [ 115.246147031860119, -8.489060378633496 ], [ 115.246144481382771, -8.489011153342005 ], [ 115.246202648633357, -8.489008166693509 ], [ 115.246205199110705, -8.48905739108568 ] ] ] ] } },
{ "type": "Feature", "properties": { "latitude": -8.48853058, "longitude": 115.24486686, "area_in_me": 76.2932, "confidence": 0.7028, "full_plus": "6P3QG66V+HWQP", "layer": "2dd_buildings_004", "path": "file:///C:/Users/BPN/Downloads/Compressed/2dd_buildings.csv/2dd_buildings_split/2dd_buildings_004.csv?type=csv&maxFields=10000&detectTypes=yes&wktField=geometry&crs=EPSG:4326&spatialIndex=no&subsetIndex=no&watchFile=no", "Shape_Leng": 0.00037654942, "Shape_Area": 6.24e-09 }, "geometry": { "type": "MultiPolygon", "coordinates": [ [ [ [ 115.244890195126459, -8.488471335283862 ], [ 115.244893806803816, -8.488604261377532 ], [ 115.244863478966408, -8.48860507796195 ], [ 115.244862265780966, -8.488560434716248 ], [ 115.244837314090887, -8.488561106509792 ], [ 115.244834915598972, -8.488472823661823 ], [ 115.244890195126459, -8.488471335283862 ] ] ] ] } },
{ "type": "Feature", "properties": { "latitude": -8.49246776, "longitude": 115.24557052, "area_in_me": 46.4616, "confidence": 0.8649, "full_plus": "6P3QG65W+2687", "layer": "2dd_buildings_004", "path": "file:///C:/Users/BPN/Downloads/Compressed/2dd_buildings.csv/2dd_buildings_split/2dd_buildings_004.csv?type=csv&maxFields=10000&detectTypes=yes&wktField=geometry&crs=EPSG:4326&spatialIndex=no&subsetIndex=no&watchFile=no", "Shape_Leng": 0.0002468059, "Shape_Area": 3.8e-09 }, "geometry": { "type": "MultiPolygon", "coordinates": [ [ [ [ 115.245532683386728, -8.492489650976552 ], [ 115.245545356632988, -8.49243210785545 ], [ 115.245608354142291, -8.492445860288171 ], [ 115.245595679996654, -8.492503403409273 ], [ 115.245532683386728, -8.492489650976552 ] ] ] ] } },
{ "type": "Feature", "properties": { "latitude": -8.49211686, "longitude": 115.24572365, "area_in_me": 14.8631, "confidence": 0.7584, "full_plus": "6P3QG65W+5756", "layer": "2dd_buildings_004", "path": "file:///C:/Users/BPN/Downloads/Compressed/2dd_buildings.csv/2dd_buildings_split/2dd_buildings_004.csv?type=csv&maxFields=10000&detectTypes=yes&wktField=geometry&crs=EPSG:4326&spatialIndex=no&subsetIndex=no&watchFile=no", "Shape_Leng": 0.00014567724, "Shape_Area": 1.22e-09 }, "geometry": { "type": "MultiPolygon", "coordinates": [ [ [ [ 115.24574914840457, -8.492108529085328 ], [ 115.245744281273574, -8.492133952020197 ], [ 115.245698150549288, -8.492125198019437 ], [ 115.245703017680171, -8.492099775084512 ], [ 115.24574914840457, -8.492108529085328 ] ] ] ] } },
{ "type": "Feature", "properties": { "latitude": -8.48644937, "longitude": 115.24485402000001, "area_in_me": 29.9909, "confidence": 0.7753, "full_plus": "6P3QG67V+CWH3", "layer": "2dd_buildings_004", "path": "file:///C:/Users/BPN/Downloads/Compressed/2dd_buildings.csv/2dd_buildings_split/2dd_buildings_004.csv?type=csv&maxFields=10000&detectTypes=yes&wktField=geometry&crs=EPSG:4326&spatialIndex=no&subsetIndex=no&watchFile=no", "Shape_Leng": 0.00019879329, "Shape_Area": 2.45e-09 }, "geometry": { "type": "MultiPolygon", "coordinates": [ [ [ [ 115.244883963723964, -8.4864306962196 ], [ 115.244877413062227, -8.486475737864964 ], [ 115.244824083264916, -8.486468049560813 ], [ 115.244829725611453, -8.486429251009099 ], [ 115.244830633926654, -8.486423007915448 ], [ 115.244868868603476, -8.486428519860283 ], [ 115.244883963723964, -8.4864306962196 ] ] ] ] } },
{ "type": "Feature", "properties": { "latitude": -8.49188055, "longitude": 115.24514313, "area_in_me": 16.7083, "confidence": 0.6885, "full_plus": "6P3QG65W+63RP", "layer": "2dd_buildings_004", "path": "file:///C:/Users/BPN/Downloads/Compressed/2dd_buildings.csv/2dd_buildings_split/2dd_buildings_004.csv?type=csv&maxFields=10000&detectTypes=yes&wktField=geometry&crs=EPSG:4326&spatialIndex=no&subsetIndex=no&watchFile=no", "Shape_Leng": 0.00016310874, "Shape_Area": 1.37e-09 }, "geometry": { "type": "MultiPolygon", "coordinates": [ [ [ [ 115.245173945621104, -8.491874934680425 ], [ 115.245169088382795, -8.49189798790178 ], [ 115.245112317779331, -8.491886132139257 ], [ 115.245116988858058, -8.49186396475011 ], [ 115.245117175917017, -8.491863078917902 ], [ 115.245124211313396, -8.491864548410149 ], [ 115.245173945621104, -8.491874934680425 ] ] ] ] } },
{ "type": "Feature", "properties": { "latitude": -8.48969729, "longitude": 115.24676933000001, "area_in_me": 39.7418, "confidence": 0.8238, "full_plus": "6P3QG66W+4PC4", "layer": "2dd_buildings_004", "path": "file:///C:/Users/BPN/Downloads/Compressed/2dd_buildings.csv/2dd_buildings_split/2dd_buildings_004.csv?type=csv&maxFields=10000&detectTypes=yes&wktField=geometry&crs=EPSG:4326&spatialIndex=no&subsetIndex=no&watchFile=no", "Shape_Leng": 0.00022863255, "Shape_Area": 3.25e-09 }, "geometry": { "type": "MultiPolygon", "coordinates": [ [ [ [ 115.246800243636358, -8.489671051577716 ], [ 115.24679078636575, -8.489731633508029 ], [ 115.246738408950478, -8.489723529717082 ], [ 115.246747866221085, -8.489662947786769 ], [ 115.246800243636358, -8.489671051577716 ] ] ] ] } },
{ "type": "Feature", "properties": { "latitude": -8.49088852, "longitude": 115.24539785, "area_in_me": 48.6567, "confidence": 0.849, "full_plus": "6P3QG65W+J5RG", "layer": "2dd_buildings_004", "path": "file:///C:/Users/BPN/Downloads/Compressed/2dd_buildings.csv/2dd_buildings_split/2dd_buildings_004.csv?type=csv&maxFields=10000&detectTypes=yes&wktField=geometry&crs=EPSG:4326&spatialIndex=no&subsetIndex=no&watchFile=no", "Shape_Leng": 0.00025238493, "Shape_Area": 3.98e-09 }, "geometry": { "type": "MultiPolygon", "coordinates": [ [ [ [ 115.245415992753919, -8.490929225603224 ], [ 115.245357945113142, -8.490908633826336 ], [ 115.245379713203306, -8.49084781177703 ], [ 115.245437761743347, -8.490868403553918 ], [ 115.245415992753919, -8.490929225603224 ] ] ] ] } },
{ "type": "Feature", "properties": { "latitude": -8.4862766, "longitude": 115.24630368, "area_in_me": 50.1452, "confidence": 0.8851, "full_plus": "6P3QG67W+FGMW", "layer": "2dd_buildings_004", "path": "file:///C:/Users/BPN/Downloads/Compressed/2dd_buildings.csv/2dd_buildings_split/2dd_buildings_004.csv?type=csv&maxFields=10000&detectTypes=yes&wktField=geometry&crs=EPSG:4326&spatialIndex=no&subsetIndex=no&watchFile=no", "Shape_Leng": 0.00025631761, "Shape_Area": 4.1e-09 }, "geometry": { "type": "MultiPolygon", "coordinates": [ [ [ [ 115.246334936208427, -8.486309451420027 ], [ 115.246273248111947, -8.48631021494441 ], [ 115.246272418037734, -8.486243754145903 ], [ 115.2463341061341, -8.486242990621463 ], [ 115.246334936208427, -8.486309451420027 ] ] ] ] } },
{ "type": "Feature", "properties": { "latitude": -8.49162593, "longitude": 115.24388629000001, "area_in_me": 68.86, "confidence": 0.6917, "full_plus": "6P3QG65V+8HRV", "layer": "2dd_buildings_004", "path": "file:///C:/Users/BPN/Downloads/Compressed/2dd_buildings.csv/2dd_buildings_split/2dd_buildings_004.csv?type=csv&maxFields=10000&detectTypes=yes&wktField=geometry&crs=EPSG:4326&spatialIndex=no&subsetIndex=no&watchFile=no", "Shape_Leng": 0.00030100266, "Shape_Area": 5.63e-09 }, "geometry": { "type": "MultiPolygon", "coordinates": [ [ [ [ 115.243932409952777, -8.491599023576043 ], [ 115.243919715122843, -8.491667474574228 ], [ 115.24384016469196, -8.491652852497111 ], [ 115.243852859521894, -8.491584401498869 ], [ 115.243932409952777, -8.491599023576043 ] ] ] ] } },
{ "type": "Feature", "properties": { "latitude": -8.48770702, "longitude": 115.24525465000001, "area_in_me": 13.5562, "confidence": 0.6891, "full_plus": "6P3QG66W+W46J", "layer": "2dd_buildings_004", "path": "file:///C:/Users/BPN/Downloads/Compressed/2dd_buildings.csv/2dd_buildings_split/2dd_buildings_004.csv?type=csv&maxFields=10000&detectTypes=yes&wktField=geometry&crs=EPSG:4326&spatialIndex=no&subsetIndex=no&watchFile=no", "Shape_Leng": 0.00013465066, "Shape_Area": 1.11e-09 }, "geometry": { "type": "MultiPolygon", "coordinates": [ [ [ [ 115.245260807540262, -8.487726166029688 ], [ 115.245240863275285, -8.487726739797154 ], [ 115.245240808416611, -8.487724857516127 ], [ 115.245239741820683, -8.487688126505759 ], [ 115.245268425697304, -8.487687300928144 ], [ 115.245269547151906, -8.487725914219538 ], [ 115.245260807540262, -8.487726166029688 ] ] ] ] } },
{ "type": "Feature", "properties": { "latitude": -8.49216029, "longitude": 115.24532822, "area_in_me": 32.1538, "confidence": 0.8519, "full_plus": "6P3QG65W+44PG", "layer": "2dd_buildings_004", "path": "file:///C:/Users/BPN/Downloads/Compressed/2dd_buildings.csv/2dd_buildings_split/2dd_buildings_004.csv?type=csv&maxFields=10000&detectTypes=yes&wktField=geometry&crs=EPSG:4326&spatialIndex=no&subsetIndex=no&watchFile=no", "Shape_Leng": 0.00020748816, "Shape_Area": 2.63e-09 }, "geometry": { "type": "MultiPolygon", "coordinates": [ [ [ [ 115.245362486689487, -8.492146017324785 ], [ 115.245351925950672, -8.492188772893485 ], [ 115.245293934967208, -8.492174577095 ], [ 115.24530448401481, -8.4921318664924 ], [ 115.245304494806646, -8.4921318215263 ], [ 115.24535246824189, -8.492143564873572 ], [ 115.245362486689487, -8.492146017324785 ] ] ] ] } },
{ "type": "Feature", "properties": { "latitude": -8.48606937, "longitude": 115.24416448, "area_in_me": 134.1703, "confidence": 0.8492, "full_plus": "6P3QG67V+HMF7", "layer": "2dd_buildings_004", "path": "file:///C:/Users/BPN/Downloads/Compressed/2dd_buildings.csv/2dd_buildings_split/2dd_buildings_004.csv?type=csv&maxFields=10000&detectTypes=yes&wktField=geometry&crs=EPSG:4326&spatialIndex=no&subsetIndex=no&watchFile=no", "Shape_Leng": 0.0004310543, "Shape_Area": 1.097e-08 }, "geometry": { "type": "MultiPolygon", "coordinates": [ [ [ [ 115.24410329373211, -8.486118124251959 ], [ 115.244098430198505, -8.486077452412474 ], [ 115.244093506410309, -8.486036270657337 ], [ 115.244225672576817, -8.486020608064564 ], [ 115.244235458999242, -8.486102461659243 ], [ 115.24410329373211, -8.486118124251959 ] ] ] ] } },
{ "type": "Feature", "properties": { "latitude": -8.48549517, "longitude": 115.24332105000001, "area_in_me": 227.527, "confidence": 0.8739, "full_plus": "6P3QG67V+R843", "layer": "2dd_buildings_004", "path": "file:///C:/Users/BPN/Downloads/Compressed/2dd_buildings.csv/2dd_buildings_split/2dd_buildings_004.csv?type=csv&maxFields=10000&detectTypes=yes&wktField=geometry&crs=EPSG:4326&spatialIndex=no&subsetIndex=no&watchFile=no", "Shape_Leng": 0.00056115996, "Shape_Area": 1.861e-08 }, "geometry": { "type": "MultiPolygon", "coordinates": [ [ [ [ 115.243368800329904, -8.485412699636356 ], [ 115.243398298093098, -8.485559593100675 ], [ 115.243313619727815, -8.485576457187676 ], [ 115.243312400247191, -8.485576700004628 ], [ 115.243307999864328, -8.485554399515877 ], [ 115.243265600427208, -8.48556280008313 ], [ 115.243240600173635, -8.485438199912949 ], [ 115.243368800329904, -8.485412699636356 ] ] ] ] } },
{ "type": "Feature", "properties": { "latitude": -8.49170413, "longitude": 115.24541514000001, "area_in_me": 28.8787, "confidence": 0.8357, "full_plus": "6P3QG65W+857V", "layer": "2dd_buildings_004", "path": "file:///C:/Users/BPN/Downloads/Compressed/2dd_buildings.csv/2dd_buildings_split/2dd_buildings_004.csv?type=csv&maxFields=10000&detectTypes=yes&wktField=geometry&crs=EPSG:4326&spatialIndex=no&subsetIndex=no&watchFile=no", "Shape_Leng": 0.00019707035, "Shape_Area": 2.36e-09 }, "geometry": { "type": "MultiPolygon", "coordinates": [ [ [ [ 115.245445912299033, -8.491686772226728 ], [ 115.24544142108482, -8.491727683285887 ], [ 115.245384379785378, -8.491721477064459 ], [ 115.245388870100328, -8.491680566005243 ], [ 115.245445912299033, -8.491686772226728 ] ] ] ] } },
{ "type": "Feature", "properties": { "latitude": -8.48832003, "longitude": 115.24644394000001, "area_in_me": 45.4251, "confidence": 0.7492, "full_plus": "6P3QG66W+MHG2", "layer": "2dd_buildings_004", "path": "file:///C:/Users/BPN/Downloads/Compressed/2dd_buildings.csv/2dd_buildings_split/2dd_buildings_004.csv?type=csv&maxFields=10000&detectTypes=yes&wktField=geometry&crs=EPSG:4326&spatialIndex=no&subsetIndex=no&watchFile=no", "Shape_Leng": 0.00024484904, "Shape_Area": 3.71e-09 }, "geometry": { "type": "MultiPolygon", "coordinates": [ [ [ [ 115.246471142129622, -8.488309288242988 ], [ 115.246473546916718, -8.488351880135099 ], [ 115.246418108209241, -8.488354982796182 ], [ 115.246414336452517, -8.488288190147784 ], [ 115.246469775160108, -8.488285087486759 ], [ 115.246471142129622, -8.488309288242988 ] ] ] ] } },
{ "type": "Feature", "properties": { "latitude": -8.48789617, "longitude": 115.24585638000001, "area_in_me": 37.6506, "confidence": 0.7692, "full_plus": "6P3QG66W+R8X3", "layer": "2dd_buildings_004", "path": "file:///C:/Users/BPN/Downloads/Compressed/2dd_buildings.csv/2dd_buildings_split/2dd_buildings_004.csv?type=csv&maxFields=10000&detectTypes=yes&wktField=geometry&crs=EPSG:4326&spatialIndex=no&subsetIndex=no&watchFile=no", "Shape_Leng": 0.0002282591, "Shape_Area": 3.08e-09 }, "geometry": { "type": "MultiPolygon", "coordinates": [ [ [ [ 115.245823370352355, -8.487919612899759 ], [ 115.24582225789095, -8.487919665060474 ], [ 115.24582018405431, -8.487875975096131 ], [ 115.245821014128524, -8.487875936425269 ], [ 115.245890496649167, -8.487872666490318 ], [ 115.245892570485807, -8.487916356454662 ], [ 115.245823370352355, -8.487919612899759 ] ] ] ] } },
{ "type": "Feature", "properties": { "latitude": -8.48779542, "longitude": 115.2458499, "area_in_me": 44.4356, "confidence": 0.8161, "full_plus": "6P3QG66W+V8Q2", "layer": "2dd_buildings_004", "path": "file:///C:/Users/BPN/Downloads/Compressed/2dd_buildings.csv/2dd_buildings_split/2dd_buildings_004.csv?type=csv&maxFields=10000&detectTypes=yes&wktField=geometry&crs=EPSG:4326&spatialIndex=no&subsetIndex=no&watchFile=no", "Shape_Leng": 0.00024217623, "Shape_Area": 3.63e-09 }, "geometry": { "type": "MultiPolygon", "coordinates": [ [ [ [ 115.245886617873225, -8.487817850113629 ], [ 115.245821104060724, -8.487827310981572 ], [ 115.245820131893652, -8.487820635313994 ], [ 115.245813190026752, -8.487772989232042 ], [ 115.245878703839139, -8.487763529263418 ], [ 115.245886568410469, -8.487817509270599 ], [ 115.245886617873225, -8.487817850113629 ] ] ] ] } },
{ "type": "Feature", "properties": { "latitude": -8.48597038, "longitude": 115.24423946, "area_in_me": 46.386, "confidence": 0.828, "full_plus": "6P3QG67V+JM94", "layer": "2dd_buildings_004", "path": "file:///C:/Users/BPN/Downloads/Compressed/2dd_buildings.csv/2dd_buildings_split/2dd_buildings_004.csv?type=csv&maxFields=10000&detectTypes=yes&wktField=geometry&crs=EPSG:4326&spatialIndex=no&subsetIndex=no&watchFile=no", "Shape_Leng": 0.00027163066, "Shape_Area": 3.79e-09 }, "geometry": { "type": "MultiPolygon", "coordinates": [ [ [ [ 115.244225672576817, -8.486020608064564 ], [ 115.244214214314638, -8.485924776307343 ], [ 115.244253242193395, -8.485920151094035 ], [ 115.244264700455574, -8.486015982851256 ], [ 115.244225672576817, -8.486020608064564 ] ] ] ] } },
{ "type": "Feature", "properties": { "latitude": -8.48808884, "longitude": 115.24644042, "area_in_me": 63.0261, "confidence": 0.7699, "full_plus": "6P3QG66W+QH8C", "layer": "2dd_buildings_004", "path": "file:///C:/Users/BPN/Downloads/Compressed/2dd_buildings.csv/2dd_buildings_split/2dd_buildings_004.csv?type=csv&maxFields=10000&detectTypes=yes&wktField=geometry&crs=EPSG:4326&spatialIndex=no&subsetIndex=no&watchFile=no", "Shape_Leng": 0.00028811728, "Shape_Area": 5.15e-09 }, "geometry": { "type": "MultiPolygon", "coordinates": [ [ [ [ 115.246480808042975, -8.48812016081672 ], [ 115.246402992404228, -8.488123619609325 ], [ 115.246400028238781, -8.488057520338259 ], [ 115.246477843877415, -8.488054060646334 ], [ 115.246480808042975, -8.48812016081672 ] ] ] ] } },
{ "type": "Feature", "properties": { "latitude": -8.48680453, "longitude": 115.24476281, "area_in_me": 64.4043, "confidence": 0.7537, "full_plus": "6P3QG67V+7WCV", "layer": "2dd_buildings_004", "path": "file:///C:/Users/BPN/Downloads/Compressed/2dd_buildings.csv/2dd_buildings_split/2dd_buildings_004.csv?type=csv&maxFields=10000&detectTypes=yes&wktField=geometry&crs=EPSG:4326&spatialIndex=no&subsetIndex=no&watchFile=no", "Shape_Leng": 0.00035509126, "Shape_Area": 5.27e-09 }, "geometry": { "type": "MultiPolygon", "coordinates": [ [ [ [ 115.244769162566854, -8.486772913439154 ], [ 115.244767840563441, -8.486788004063101 ], [ 115.244767792899438, -8.486788546354262 ], [ 115.244772813814393, -8.486788982525468 ], [ 115.244815089145163, -8.486792651759401 ], [ 115.244814688946803, -8.486797217617436 ], [ 115.244811432501706, -8.486834392892888 ], [ 115.244811166302384, -8.486837433500682 ], [ 115.244741422978336, -8.486831379264686 ], [ 115.24471261679389, -8.486828878250094 ], [ 115.24471653963667, -8.486784096508813 ], [ 115.244743537284535, -8.486786440142055 ], [ 115.244746475369652, -8.486752896329051 ], [ 115.244770730984555, -8.486755002541315 ], [ 115.244769162566854, -8.486772913439154 ] ] ] ] } },
{ "type": "Feature", "properties": { "latitude": -8.48676527, "longitude": 115.24480902000001, "area_in_me": 55.666, "confidence": 0.8858, "full_plus": "6P3QG67V+7WV9", "layer": "2dd_buildings_004", "path": "file:///C:/Users/BPN/Downloads/Compressed/2dd_buildings.csv/2dd_buildings_split/2dd_buildings_004.csv?type=csv&maxFields=10000&detectTypes=yes&wktField=geometry&crs=EPSG:4326&spatialIndex=no&subsetIndex=no&watchFile=no", "Shape_Leng": 0.00027147167, "Shape_Area": 4.55e-09 }, "geometry": { "type": "MultiPolygon", "coordinates": [ [ [ [ 115.244851815658876, -8.486742845505887 ], [ 115.24484003813734, -8.486802203458865 ], [ 115.244814688946803, -8.486797217617436 ], [ 115.244772813814393, -8.486788982525468 ], [ 115.244767840563441, -8.486788004063101 ], [ 115.244766230777032, -8.486787687501703 ], [ 115.244769162566854, -8.486772913439154 ], [ 115.244778008298454, -8.486728330448045 ], [ 115.244851815658876, -8.486742845505887 ] ] ] ] } },
{ "type": "Feature", "properties": { "latitude": -8.48697717, "longitude": 115.24579085000001, "area_in_me": 53.6893, "confidence": 0.8258, "full_plus": "6P3QG67W+683V", "layer": "2dd_buildings_004", "path": "file:///C:/Users/BPN/Downloads/Compressed/2dd_buildings.csv/2dd_buildings_split/2dd_buildings_004.csv?type=csv&maxFields=10000&detectTypes=yes&wktField=geometry&crs=EPSG:4326&spatialIndex=no&subsetIndex=no&watchFile=no", "Shape_Leng": 0.00029639881, "Shape_Area": 4.39e-09 }, "geometry": { "type": "MultiPolygon", "coordinates": [ [ [ [ 115.245812334771472, -8.48703023016094 ], [ 115.24577190035302, -8.48703135970942 ], [ 115.245770687167578, -8.486988339740037 ], [ 115.245768876832244, -8.486924129944612 ], [ 115.245786434296519, -8.486923639814052 ], [ 115.245809787891403, -8.486922986906279 ], [ 115.245811079317946, -8.486968807364519 ], [ 115.245811094606438, -8.486969342461123 ], [ 115.245812811412179, -8.487030216671144 ], [ 115.245812334771472, -8.48703023016094 ] ] ] ] } },
{ "type": "Feature", "properties": { "latitude": -8.49105231, "longitude": 115.24538666, "area_in_me": 35.705, "confidence": 0.7079, "full_plus": "6P3QG65W+H5CV", "layer": "2dd_buildings_004", "path": "file:///C:/Users/BPN/Downloads/Compressed/2dd_buildings.csv/2dd_buildings_split/2dd_buildings_004.csv?type=csv&maxFields=10000&detectTypes=yes&wktField=geometry&crs=EPSG:4326&spatialIndex=no&subsetIndex=no&watchFile=no", "Shape_Leng": 0.00026606337, "Shape_Area": 2.92e-09 }, "geometry": { "type": "MultiPolygon", "coordinates": [ [ [ [ 115.245417472138683, -8.491007374890387 ], [ 115.245381986689381, -8.491106521548659 ], [ 115.245355855988009, -8.49109725133701 ], [ 115.245391340538049, -8.490998105578058 ], [ 115.245417472138683, -8.491007374890387 ] ] ] ] } },
{ "type": "Feature", "properties": { "latitude": -8.48750652, "longitude": 115.24460854, "area_in_me": 43.8648, "confidence": 0.712, "full_plus": "6P3QG66V+XRXM", "layer": "2dd_buildings_004", "path": "file:///C:/Users/BPN/Downloads/Compressed/2dd_buildings.csv/2dd_buildings_split/2dd_buildings_004.csv?type=csv&maxFields=10000&detectTypes=yes&wktField=geometry&crs=EPSG:4326&spatialIndex=no&subsetIndex=no&watchFile=no", "Shape_Leng": 0.00024928765, "Shape_Area": 3.59e-09 }, "geometry": { "type": "MultiPolygon", "coordinates": [ [ [ [ 115.244649200200456, -8.487527499494433 ], [ 115.244569700131592, -8.487530599457557 ], [ 115.244567899688832, -8.487485500255559 ], [ 115.24464739975781, -8.487482500117267 ], [ 115.244649200200456, -8.487527499494433 ] ] ] ] } },
{ "type": "Feature", "properties": { "latitude": -8.48666763, "longitude": 115.24497358000001, "area_in_me": 131.0515, "confidence": 0.804, "full_plus": "6P3QG67V+8XQ6", "layer": "2dd_buildings_004", "path": "file:///C:/Users/BPN/Downloads/Compressed/2dd_buildings.csv/2dd_buildings_split/2dd_buildings_004.csv?type=csv&maxFields=10000&detectTypes=yes&wktField=geometry&crs=EPSG:4326&spatialIndex=no&subsetIndex=no&watchFile=no", "Shape_Leng": 0.00042793358, "Shape_Area": 1.072e-08 }, "geometry": { "type": "MultiPolygon", "coordinates": [ [ [ [ 115.245033252082976, -8.48671413464956 ], [ 115.245032412116188, -8.486718785943197 ], [ 115.245011085593205, -8.48671496742179 ], [ 115.244978756764226, -8.486709178485739 ], [ 115.244900527437494, -8.486695170645589 ], [ 115.244914746618292, -8.486616460181438 ], [ 115.2450466312971, -8.486640075479045 ], [ 115.245033252082976, -8.48671413464956 ] ] ] ] } },
{ "type": "Feature", "properties": { "latitude": -8.49184435, "longitude": 115.24542117, "area_in_me": 14.7345, "confidence": 0.7571, "full_plus": "6P3QG65W+7577", "layer": "2dd_buildings_004", "path": "file:///C:/Users/BPN/Downloads/Compressed/2dd_buildings.csv/2dd_buildings_split/2dd_buildings_004.csv?type=csv&maxFields=10000&detectTypes=yes&wktField=geometry&crs=EPSG:4326&spatialIndex=no&subsetIndex=no&watchFile=no", "Shape_Leng": 0.00013889795, "Shape_Area": 1.2e-09 }, "geometry": { "type": "MultiPolygon", "coordinates": [ [ [ [ 115.245405975205699, -8.491863074421303 ], [ 115.245405340284265, -8.491863110394206 ], [ 115.245403285333396, -8.49182750083844 ], [ 115.24540582232089, -8.491827356047622 ], [ 115.245413594262004, -8.491826910883162 ], [ 115.245437010809496, -8.491825571792674 ], [ 115.245437434390169, -8.491832911159861 ], [ 115.245438487496244, -8.491851162900787 ], [ 115.245439065760365, -8.491861180449064 ], [ 115.245415579065821, -8.491862524036208 ], [ 115.245405975205699, -8.491863074421303 ] ] ] ] } },
{ "type": "Feature", "properties": { "latitude": -8.49184711, "longitude": 115.24523408, "area_in_me": 148.6491, "confidence": 0.8049, "full_plus": "6P3QG65W+7393", "layer": "2dd_buildings_004", "path": "file:///C:/Users/BPN/Downloads/Compressed/2dd_buildings.csv/2dd_buildings_split/2dd_buildings_004.csv?type=csv&maxFields=10000&detectTypes=yes&wktField=geometry&crs=EPSG:4326&spatialIndex=no&subsetIndex=no&watchFile=no", "Shape_Leng": 0.00044500905, "Shape_Area": 1.215e-08 }, "geometry": { "type": "MultiPolygon", "coordinates": [ [ [ [ 115.245269302536371, -8.491913465234177 ], [ 115.245268199967541, -8.491918700187796 ], [ 115.245267707139078, -8.491918597665119 ], [ 115.245173899755741, -8.491898999639091 ], [ 115.245199999880128, -8.4917755002391 ], [ 115.245294200267153, -8.491795199888543 ], [ 115.245269302536371, -8.491913465234177 ] ] ] ] } },
{ "type": "Feature", "properties": { "latitude": -8.48817454, "longitude": 115.24645036, "area_in_me": 105.3652, "confidence": 0.8386, "full_plus": "6P3QG66W+PHP3", "layer": "2dd_buildings_004", "path": "file:///C:/Users/BPN/Downloads/Compressed/2dd_buildings.csv/2dd_buildings_split/2dd_buildings_004.csv?type=csv&maxFields=10000&detectTypes=yes&wktField=geometry&crs=EPSG:4326&spatialIndex=no&subsetIndex=no&watchFile=no", "Shape_Leng": 0.00037283484, "Shape_Area": 8.62e-09 }, "geometry": { "type": "MultiPolygon", "coordinates": [ [ [ [ 115.246493718710212, -8.488190950951605 ], [ 115.246495524548891, -8.488222933541522 ], [ 115.246466357736267, -8.488224565811038 ], [ 115.24641091902879, -8.488227669371383 ], [ 115.246405186750053, -8.488126151200845 ], [ 115.246489791370891, -8.488121415370983 ], [ 115.246493718710212, -8.488190950951605 ] ] ] ] } },
{ "type": "Feature", "properties": { "latitude": -8.49245298, "longitude": 115.24589781, "area_in_me": 86.2801, "confidence": 0.8492, "full_plus": "6P3QG65W+296W", "layer": "2dd_buildings_004", "path": "file:///C:/Users/BPN/Downloads/Compressed/2dd_buildings.csv/2dd_buildings_split/2dd_buildings_004.csv?type=csv&maxFields=10000&detectTypes=yes&wktField=geometry&crs=EPSG:4326&spatialIndex=no&subsetIndex=no&watchFile=no", "Shape_Leng": 0.00035582243, "Shape_Area": 7.06e-09 }, "geometry": { "type": "MultiPolygon", "coordinates": [ [ [ [ 115.245934951936533, -8.492412987369448 ], [ 115.245950347430608, -8.49241648123558 ], [ 115.245931088449083, -8.492500584934021 ], [ 115.245841730011875, -8.492480303423235 ], [ 115.245856862004644, -8.492414222138621 ], [ 115.245901721087648, -8.492424403363486 ], [ 115.245905848076518, -8.49240638184898 ], [ 115.245934951936533, -8.492412987369448 ] ] ] ] } },
{ "type": "Feature", "properties": { "latitude": -8.49240097, "longitude": 115.24600671, "area_in_me": 39.0719, "confidence": 0.8138, "full_plus": "6P3QG65W+2CJR", "layer": "2dd_buildings_004", "path": "file:///C:/Users/BPN/Downloads/Compressed/2dd_buildings.csv/2dd_buildings_split/2dd_buildings_004.csv?type=csv&maxFields=10000&detectTypes=yes&wktField=geometry&crs=EPSG:4326&spatialIndex=no&subsetIndex=no&watchFile=no", "Shape_Leng": 0.00022616823, "Shape_Area": 3.2e-09 }, "geometry": { "type": "MultiPolygon", "coordinates": [ [ [ [ 115.246041094421003, -8.492380498461216 ], [ 115.246028772809723, -8.492434281516807 ], [ 115.245972340351273, -8.492421473372247 ], [ 115.245984657466011, -8.49236768492068 ], [ 115.245984664660568, -8.492367652545056 ], [ 115.246041102514937, -8.492380462488313 ], [ 115.246041094421003, -8.492380498461216 ] ] ] ] } },
{ "type": "Feature", "properties": { "latitude": -8.48586535, "longitude": 115.24189862, "area_in_me": 50.6136, "confidence": 0.8497, "full_plus": "6P3QG67R+MQ29", "layer": "2dd_buildings_004", "path": "file:///C:/Users/BPN/Downloads/Compressed/2dd_buildings.csv/2dd_buildings_split/2dd_buildings_004.csv?type=csv&maxFields=10000&detectTypes=yes&wktField=geometry&crs=EPSG:4326&spatialIndex=no&subsetIndex=no&watchFile=no", "Shape_Leng": 0.00026017857, "Shape_Area": 4.14e-09 }, "geometry": { "type": "MultiPolygon", "coordinates": [ [ [ [ 115.241942773240453, -8.485850585835806 ], [ 115.241925434311383, -8.485903261826024 ], [ 115.24185448229855, -8.48588011417587 ], [ 115.241871821227619, -8.485827437286332 ], [ 115.241942773240453, -8.485850585835806 ] ] ] ] } },
{ "type": "Feature", "properties": { "latitude": -8.48613618, "longitude": 115.24655765, "area_in_me": 26.8625, "confidence": 0.6635, "full_plus": "6P3QG67W+GJVH", "layer": "2dd_buildings_004", "path": "file:///C:/Users/BPN/Downloads/Compressed/2dd_buildings.csv/2dd_buildings_split/2dd_buildings_004.csv?type=csv&maxFields=10000&detectTypes=yes&wktField=geometry&crs=EPSG:4326&spatialIndex=no&subsetIndex=no&watchFile=no", "Shape_Leng": 0.0001874986, "Shape_Area": 2.2e-09 }, "geometry": { "type": "MultiPolygon", "coordinates": [ [ [ [ 115.246535342931793, -8.486160688265102 ], [ 115.246532402148659, -8.486114680747846 ], [ 115.246579954701247, -8.486111668019021 ], [ 115.246582895484266, -8.486157675536276 ], [ 115.246535342931793, -8.486160688265102 ] ] ] ] } },
{ "type": "Feature", "properties": { "latitude": -8.4910646, "longitude": 115.24542131, "area_in_me": 58.9695, "confidence": 0.7257, "full_plus": "6P3QG65W+H5FF", "layer": "2dd_buildings_004", "path": "file:///C:/Users/BPN/Downloads/Compressed/2dd_buildings.csv/2dd_buildings_split/2dd_buildings_004.csv?type=csv&maxFields=10000&detectTypes=yes&wktField=geometry&crs=EPSG:4326&spatialIndex=no&subsetIndex=no&watchFile=no", "Shape_Leng": 0.00030219611, "Shape_Area": 4.82e-09 }, "geometry": { "type": "MultiPolygon", "coordinates": [ [ [ [ 115.245460629704326, -8.491022684049597 ], [ 115.245425144255023, -8.491121830707868 ], [ 115.245381986689381, -8.491106521548659 ], [ 115.245417472138683, -8.491007374890387 ], [ 115.245460629704326, -8.491022684049597 ] ] ] ] } },
{ "type": "Feature", "properties": { "latitude": -8.49004214, "longitude": 115.24574794, "area_in_me": 39.2415, "confidence": 0.7839, "full_plus": "6P3QG65W+X7Q9", "layer": "2dd_buildings_004", "path": "file:///C:/Users/BPN/Downloads/Compressed/2dd_buildings.csv/2dd_buildings_split/2dd_buildings_004.csv?type=csv&maxFields=10000&detectTypes=yes&wktField=geometry&crs=EPSG:4326&spatialIndex=no&subsetIndex=no&watchFile=no", "Shape_Leng": 0.00022694965, "Shape_Area": 3.21e-09 }, "geometry": { "type": "MultiPolygon", "coordinates": [ [ [ [ 115.245779323357169, -8.490067239811196 ], [ 115.245719477072271, -8.490070494457711 ], [ 115.245716544383072, -8.490017034258699 ], [ 115.245771270827504, -8.490014059301359 ], [ 115.24577639066797, -8.490013780511504 ], [ 115.245777238728692, -8.490029241656146 ], [ 115.245779323357169, -8.490067239811196 ] ] ] ] } },
{ "type": "Feature", "properties": { "latitude": -8.48940952, "longitude": 115.24600623000001, "area_in_me": 75.3205, "confidence": 0.8314, "full_plus": "6P3QG66W+6CJJ", "layer": "2dd_buildings_004", "path": "file:///C:/Users/BPN/Downloads/Compressed/2dd_buildings.csv/2dd_buildings_split/2dd_buildings_004.csv?type=csv&maxFields=10000&detectTypes=yes&wktField=geometry&crs=EPSG:4326&spatialIndex=no&subsetIndex=no&watchFile=no", "Shape_Leng": 0.00035263875, "Shape_Area": 6.16e-09 }, "geometry": { "type": "MultiPolygon", "coordinates": [ [ [ [ 115.246037270503734, -8.489348429686231 ], [ 115.246022902035406, -8.489475942760521 ], [ 115.245975199296026, -8.489470615176685 ], [ 115.245989567764354, -8.489343102102453 ], [ 115.246037270503734, -8.489348429686231 ] ] ] ] } },
{ "type": "Feature", "properties": { "latitude": -8.48653051, "longitude": 115.24567425, "area_in_me": 63.8597, "confidence": 0.8664, "full_plus": "6P3QG67W+97MP", "layer": "2dd_buildings_004", "path": "file:///C:/Users/BPN/Downloads/Compressed/2dd_buildings.csv/2dd_buildings_split/2dd_buildings_004.csv?type=csv&maxFields=10000&detectTypes=yes&wktField=geometry&crs=EPSG:4326&spatialIndex=no&subsetIndex=no&watchFile=no", "Shape_Leng": 0.00029741775, "Shape_Area": 5.22e-09 }, "geometry": { "type": "MultiPolygon", "coordinates": [ [ [ [ 115.245722172340493, -8.48650555848468 ], [ 115.24571794192957, -8.4865622436526 ], [ 115.245626326194042, -8.486555466361665 ], [ 115.245630556604965, -8.486498781193745 ], [ 115.245722172340493, -8.48650555848468 ] ] ] ] } },
{ "type": "Feature", "properties": { "latitude": -8.48524702, "longitude": 115.24239831, "area_in_me": 104.7406, "confidence": 0.8482, "full_plus": "6P3QG67R+WX24", "layer": "2dd_buildings_004", "path": "file:///C:/Users/BPN/Downloads/Compressed/2dd_buildings.csv/2dd_buildings_split/2dd_buildings_004.csv?type=csv&maxFields=10000&detectTypes=yes&wktField=geometry&crs=EPSG:4326&spatialIndex=no&subsetIndex=no&watchFile=no", "Shape_Leng": 0.00037352468, "Shape_Area": 8.56e-09 }, "geometry": { "type": "MultiPolygon", "coordinates": [ [ [ [ 115.242459295260346, -8.48521991916391 ], [ 115.242408450289759, -8.485312739091569 ], [ 115.242337328305098, -8.485274124001592 ], [ 115.242388173275685, -8.485181304073876 ], [ 115.242459295260346, -8.48521991916391 ] ] ] ] } },
{ "type": "Feature", "properties": { "latitude": -8.48919035, "longitude": 115.24658746, "area_in_me": 20.8352, "confidence": 0.6998, "full_plus": "6P3QG66W+8JG9", "layer": "2dd_buildings_004", "path": "file:///C:/Users/BPN/Downloads/Compressed/2dd_buildings.csv/2dd_buildings_split/2dd_buildings_004.csv?type=csv&maxFields=10000&detectTypes=yes&wktField=geometry&crs=EPSG:4326&spatialIndex=no&subsetIndex=no&watchFile=no", "Shape_Leng": 0.00016540029, "Shape_Area": 1.7e-09 }, "geometry": { "type": "MultiPolygon", "coordinates": [ [ [ [ 115.246607875053428, -8.489200535276439 ], [ 115.246605559299155, -8.489213355112213 ], [ 115.246562438605679, -8.489205634432437 ], [ 115.24656935259361, -8.48916736018549 ], [ 115.246607029690722, -8.489174106000121 ], [ 115.246612473287087, -8.489175080865266 ], [ 115.246607875053428, -8.489200535276439 ] ] ] ] } },
{ "type": "Feature", "properties": { "latitude": -8.48655367, "longitude": 115.24599783, "area_in_me": 40.3592, "confidence": 0.8228, "full_plus": "6P3QG67W+99HX", "layer": "2dd_buildings_004", "path": "file:///C:/Users/BPN/Downloads/Compressed/2dd_buildings.csv/2dd_buildings_split/2dd_buildings_004.csv?type=csv&maxFields=10000&detectTypes=yes&wktField=geometry&crs=EPSG:4326&spatialIndex=no&subsetIndex=no&watchFile=no", "Shape_Leng": 0.00023031869, "Shape_Area": 3.3e-09 }, "geometry": { "type": "MultiPolygon", "coordinates": [ [ [ [ 115.246027144137429, -8.486525252738204 ], [ 115.246022033290274, -8.4865865082607 ], [ 115.245968524527825, -8.486582082696884 ], [ 115.245969663069559, -8.486568439082134 ], [ 115.245972219842088, -8.486537790186844 ], [ 115.245973359283198, -8.48652413937748 ], [ 115.24597363537498, -8.486520828073708 ], [ 115.245974362926518, -8.4865208883283 ], [ 115.246027144137429, -8.486525252738204 ] ] ] ] } },
{ "type": "Feature", "properties": { "latitude": -8.49244826, "longitude": 115.24516743, "area_in_me": 43.4483, "confidence": 0.8572, "full_plus": "6P3QG65W+23F3", "layer": "2dd_buildings_004", "path": "file:///C:/Users/BPN/Downloads/Compressed/2dd_buildings.csv/2dd_buildings_split/2dd_buildings_004.csv?type=csv&maxFields=10000&detectTypes=yes&wktField=geometry&crs=EPSG:4326&spatialIndex=no&subsetIndex=no&watchFile=no", "Shape_Leng": 0.00023971692, "Shape_Area": 3.55e-09 }, "geometry": { "type": "MultiPolygon", "coordinates": [ [ [ [ 115.24519990455201, -8.492454693429295 ], [ 115.2451932567634, -8.49248209847002 ], [ 115.245175755956438, -8.492477891441467 ], [ 115.245128947143257, -8.492466637325379 ], [ 115.245141610496944, -8.492414434378588 ], [ 115.245205919217824, -8.49242989552323 ], [ 115.24519990455201, -8.492454693429295 ] ] ] ] } },
{ "type": "Feature", "properties": { "latitude": -8.49091878, "longitude": 115.24610212, "area_in_me": 14.1003, "confidence": 0.7451, "full_plus": "6P3QG65W+JCQ7", "layer": "2dd_buildings_004", "path": "file:///C:/Users/BPN/Downloads/Compressed/2dd_buildings.csv/2dd_buildings_split/2dd_buildings_004.csv?type=csv&maxFields=10000&detectTypes=yes&wktField=geometry&crs=EPSG:4326&spatialIndex=no&subsetIndex=no&watchFile=no", "Shape_Leng": 0.00013862139, "Shape_Area": 1.15e-09 }, "geometry": { "type": "MultiPolygon", "coordinates": [ [ [ [ 115.246126261118093, -8.490912232013841 ], [ 115.246117406393296, -8.490938509304726 ], [ 115.246077966624966, -8.490925336035389 ], [ 115.246086821349763, -8.490899058744503 ], [ 115.246126261118093, -8.490912232013841 ] ] ] ] } },
{ "type": "Feature", "properties": { "latitude": -8.48794267, "longitude": 115.24601653000001, "area_in_me": 35.4179, "confidence": 0.8438, "full_plus": "6P3QG66W+RCC8", "layer": "2dd_buildings_004", "path": "file:///C:/Users/BPN/Downloads/Compressed/2dd_buildings.csv/2dd_buildings_split/2dd_buildings_004.csv?type=csv&maxFields=10000&detectTypes=yes&wktField=geometry&crs=EPSG:4326&spatialIndex=no&subsetIndex=no&watchFile=no", "Shape_Leng": 0.00021864365, "Shape_Area": 2.9e-09 }, "geometry": { "type": "MultiPolygon", "coordinates": [ [ [ [ 115.246040567418277, -8.487973694530353 ], [ 115.245995524873592, -8.487975813333094 ], [ 115.24599247886988, -8.487911656597646 ], [ 115.246037521414564, -8.487909536895586 ], [ 115.246040567418277, -8.487973694530353 ] ] ] ] } },
{ "type": "Feature", "properties": { "latitude": -8.49197354, "longitude": 115.24522334, "area_in_me": 97.7149, "confidence": 0.8904, "full_plus": "6P3QG65W+6392", "layer": "2dd_buildings_005", "path": "file:///C:/Users/BPN/Downloads/Compressed/2dd_buildings.csv/2dd_buildings_split/2dd_buildings_005.csv?type=csv&maxFields=10000&detectTypes=yes&wktField=geometry&crs=EPSG:4326&spatialIndex=no&subsetIndex=no&watchFile=no", "Shape_Leng": 0.00036784379, "Shape_Area": 7.99e-09 }, "geometry": { "type": "MultiPolygon", "coordinates": [ [ [ [ 115.245160512447796, -8.491996362042414 ], [ 115.245175020310967, -8.491927505449951 ], [ 115.24528617561657, -8.491950719649935 ], [ 115.245271667753286, -8.492019576242399 ], [ 115.245160512447796, -8.491996362042414 ] ] ] ] } },
{ "type": "Feature", "properties": { "latitude": -8.48682226, "longitude": 115.2460671, "area_in_me": 37.8912, "confidence": 0.7688, "full_plus": "6P3QG67W+7CG2", "layer": "2dd_buildings_005", "path": "file:///C:/Users/BPN/Downloads/Compressed/2dd_buildings.csv/2dd_buildings_split/2dd_buildings_005.csv?type=csv&maxFields=10000&detectTypes=yes&wktField=geometry&crs=EPSG:4326&spatialIndex=no&subsetIndex=no&watchFile=no", "Shape_Leng": 0.00024323839, "Shape_Area": 3.1e-09 }, "geometry": { "type": "MultiPolygon", "coordinates": [ [ [ [ 115.246110375493458, -8.486838873315321 ], [ 115.246025139548578, -8.486841939104181 ], [ 115.246023822941083, -8.486805634372502 ], [ 115.246109058886077, -8.486802569482961 ], [ 115.246110375493458, -8.486838873315321 ] ] ] ] } },
{ "type": "Feature", "properties": { "latitude": -8.48751914, "longitude": 115.24589906, "area_in_me": 51.2644, "confidence": 0.699, "full_plus": "6P3QG66W+X9R9", "layer": "2dd_buildings_005", "path": "file:///C:/Users/BPN/Downloads/Compressed/2dd_buildings.csv/2dd_buildings_split/2dd_buildings_005.csv?type=csv&maxFields=10000&detectTypes=yes&wktField=geometry&crs=EPSG:4326&spatialIndex=no&subsetIndex=no&watchFile=no", "Shape_Leng": 0.00030477336, "Shape_Area": 4.19e-09 }, "geometry": { "type": "MultiPolygon", "coordinates": [ [ [ [ 115.245886186198618, -8.487578064775846 ], [ 115.245884109663962, -8.487578172694441 ], [ 115.245883375817243, -8.487564147767159 ], [ 115.245883285885043, -8.487562425565443 ], [ 115.245880721018466, -8.487513431399691 ], [ 115.245878027548997, -8.487461973091513 ], [ 115.245914006726139, -8.487460106098979 ], [ 115.245917573437282, -8.487528246831062 ], [ 115.245920088841103, -8.487576306601227 ], [ 115.245886186198618, -8.487578064775846 ] ] ] ] } },
{ "type": "Feature", "properties": { "latitude": -8.48689217, "longitude": 115.24612544, "area_in_me": 35.1815, "confidence": 0.7175, "full_plus": "6P3QG67W+6FR6", "layer": "2dd_buildings_005", "path": "file:///C:/Users/BPN/Downloads/Compressed/2dd_buildings.csv/2dd_buildings_split/2dd_buildings_005.csv?type=csv&maxFields=10000&detectTypes=yes&wktField=geometry&crs=EPSG:4326&spatialIndex=no&subsetIndex=no&watchFile=no", "Shape_Leng": 0.00021575884, "Shape_Area": 2.88e-09 }, "geometry": { "type": "MultiPolygon", "coordinates": [ [ [ [ 115.246102824785567, -8.48692314248899 ], [ 115.246099876807875, -8.486863569598029 ], [ 115.24614805259057, -8.486861207079016 ], [ 115.246150999668998, -8.486920780869298 ], [ 115.246102824785567, -8.48692314248899 ] ] ] ] } },
{ "type": "Feature", "properties": { "latitude": -8.48614475, "longitude": 115.24642228, "area_in_me": 33.5417, "confidence": 0.8745, "full_plus": "6P3QG67W+GHV8", "layer": "2dd_buildings_005", "path": "file:///C:/Users/BPN/Downloads/Compressed/2dd_buildings.csv/2dd_buildings_split/2dd_buildings_005.csv?type=csv&maxFields=10000&detectTypes=yes&wktField=geometry&crs=EPSG:4326&spatialIndex=no&subsetIndex=no&watchFile=no", "Shape_Leng": 0.00021119291, "Shape_Area": 2.74e-09 }, "geometry": { "type": "MultiPolygon", "coordinates": [ [ [ [ 115.246453433579177, -8.486165878252621 ], [ 115.246394056740428, -8.48616964101609 ], [ 115.246391115957294, -8.486123633498835 ], [ 115.24645049189678, -8.486119871634742 ], [ 115.246453433579177, -8.486165878252621 ] ] ] ] } },
{ "type": "Feature", "properties": { "latitude": -8.48703622, "longitude": 115.24647027, "area_in_me": 43.0559, "confidence": 0.8016, "full_plus": "6P3QG67W+5HQC", "layer": "2dd_buildings_005", "path": "file:///C:/Users/BPN/Downloads/Compressed/2dd_buildings.csv/2dd_buildings_split/2dd_buildings_005.csv?type=csv&maxFields=10000&detectTypes=yes&wktField=geometry&crs=EPSG:4326&spatialIndex=no&subsetIndex=no&watchFile=no", "Shape_Leng": 0.00023819256, "Shape_Area": 3.52e-09 }, "geometry": { "type": "MultiPolygon", "coordinates": [ [ [ [ 115.246503693090972, -8.487062073355958 ], [ 115.246501327874057, -8.487062175878691 ], [ 115.246439183821394, -8.487064833375314 ], [ 115.246436832993481, -8.487010355143752 ], [ 115.246501342263173, -8.487007596923036 ], [ 115.246503693090972, -8.487062073355958 ] ] ] ] } },
{ "type": "Feature", "properties": { "latitude": -8.48689512, "longitude": 115.24606548, "area_in_me": 52.3974, "confidence": 0.8549, "full_plus": "6P3QG67W+6CW2", "layer": "2dd_buildings_005", "path": "file:///C:/Users/BPN/Downloads/Compressed/2dd_buildings.csv/2dd_buildings_split/2dd_buildings_005.csv?type=csv&maxFields=10000&detectTypes=yes&wktField=geometry&crs=EPSG:4326&spatialIndex=no&subsetIndex=no&watchFile=no", "Shape_Leng": 0.0002629634, "Shape_Area": 4.28e-09 }, "geometry": { "type": "MultiPolygon", "coordinates": [ [ [ [ 115.246094340581408, -8.486923558875105 ], [ 115.246031075074143, -8.486926661536131 ], [ 115.24603067397652, -8.486918546054028 ], [ 115.246028127995828, -8.48686708774585 ], [ 115.246099876807875, -8.486863569598029 ], [ 115.246102824785567, -8.48692314248899 ], [ 115.246094340581408, -8.486923558875105 ] ] ] ] } },
{ "type": "Feature", "properties": { "latitude": -8.48702777, "longitude": 115.24661169, "area_in_me": 111.3674, "confidence": 0.8667, "full_plus": "6P3QG67W+5JQW", "layer": "2dd_buildings_005", "path": "file:///C:/Users/BPN/Downloads/Compressed/2dd_buildings.csv/2dd_buildings_split/2dd_buildings_005.csv?type=csv&maxFields=10000&detectTypes=yes&wktField=geometry&crs=EPSG:4326&spatialIndex=no&subsetIndex=no&watchFile=no", "Shape_Leng": 0.00042691872, "Shape_Area": 9.11e-09 }, "geometry": { "type": "MultiPolygon", "coordinates": [ [ [ [ 115.24669019719488, -8.487053779808036 ], [ 115.246649117063157, -8.487055606331126 ], [ 115.246602194036086, -8.487057691858922 ], [ 115.246552696249978, -8.487059892499985 ], [ 115.246535824968419, -8.487060642534573 ], [ 115.246533184558871, -8.487001767517484 ], [ 115.246687556785332, -8.486994903891627 ], [ 115.24669019719488, -8.487053779808036 ] ] ] ] } },
{ "type": "Feature", "properties": { "latitude": -8.48808424, "longitude": 115.24547822, "area_in_me": 21.3809, "confidence": 0.6885, "full_plus": "6P3QG66W+Q59M", "layer": "2dd_buildings_005", "path": "file:///C:/Users/BPN/Downloads/Compressed/2dd_buildings.csv/2dd_buildings_split/2dd_buildings_005.csv?type=csv&maxFields=10000&detectTypes=yes&wktField=geometry&crs=EPSG:4326&spatialIndex=no&subsetIndex=no&watchFile=no", "Shape_Leng": 0.00016726718, "Shape_Area": 1.75e-09 }, "geometry": { "type": "MultiPolygon", "coordinates": [ [ [ [ 115.2454563516294, -8.488064319212924 ], [ 115.24549866293296, -8.488062892888138 ], [ 115.245500066774753, -8.488104167273434 ], [ 115.24545775547108, -8.48810559359822 ], [ 115.2454563516294, -8.488064319212924 ] ] ] ] } },
{ "type": "Feature", "properties": { "latitude": -8.48615941, "longitude": 115.24692772, "area_in_me": 182.6069, "confidence": 0.8509, "full_plus": "6P3QG67W+GQMP", "layer": "2dd_buildings_005", "path": "file:///C:/Users/BPN/Downloads/Compressed/2dd_buildings.csv/2dd_buildings_split/2dd_buildings_005.csv?type=csv&maxFields=10000&detectTypes=yes&wktField=geometry&crs=EPSG:4326&spatialIndex=no&subsetIndex=no&watchFile=no", "Shape_Leng": 0.00050229341, "Shape_Area": 1.493e-08 }, "geometry": { "type": "MultiPolygon", "coordinates": [ [ [ [ 115.246873710153636, -8.486220098378794 ], [ 115.246867601958343, -8.48610120710498 ], [ 115.246867186471491, -8.48609311320655 ], [ 115.246948944738051, -8.486088950244834 ], [ 115.246950047306882, -8.486110402672921 ], [ 115.24698655168811, -8.486108543774208 ], [ 115.246992259685044, -8.486219646919096 ], [ 115.246873996138106, -8.486225668779525 ], [ 115.246873710153636, -8.486220098378794 ] ] ] ] } },
{ "type": "Feature", "properties": { "latitude": -8.48628657, "longitude": 115.24602012, "area_in_me": 15.7725, "confidence": 0.813, "full_plus": "6P3QG67W+FCJG", "layer": "2dd_buildings_005", "path": "file:///C:/Users/BPN/Downloads/Compressed/2dd_buildings.csv/2dd_buildings_split/2dd_buildings_005.csv?type=csv&maxFields=10000&detectTypes=yes&wktField=geometry&crs=EPSG:4326&spatialIndex=no&subsetIndex=no&watchFile=no", "Shape_Leng": 0.00015542643, "Shape_Area": 1.29e-09 }, "geometry": { "type": "MultiPolygon", "coordinates": [ [ [ [ 115.246047870812617, -8.486276829412077 ], [ 115.246045873418439, -8.48630076756632 ], [ 115.24599236465599, -8.486296342901881 ], [ 115.245993821557704, -8.486278882564307 ], [ 115.245994362050283, -8.486272403848318 ], [ 115.246028592945322, -8.486275234914103 ], [ 115.246047870812617, -8.486276829412077 ] ] ] ] } },
{ "type": "Feature", "properties": { "latitude": -8.49232068, "longitude": 115.2459161, "area_in_me": 82.0662, "confidence": 0.8372, "full_plus": "6P3QG65W+39F3", "layer": "2dd_buildings_005", "path": "file:///C:/Users/BPN/Downloads/Compressed/2dd_buildings.csv/2dd_buildings_split/2dd_buildings_005.csv?type=csv&maxFields=10000&detectTypes=yes&wktField=geometry&crs=EPSG:4326&spatialIndex=no&subsetIndex=no&watchFile=no", "Shape_Leng": 0.00034160699, "Shape_Area": 6.71e-09 }, "geometry": { "type": "MultiPolygon", "coordinates": [ [ [ [ 115.245968013712968, -8.492339335591794 ], [ 115.24596267263928, -8.492362660408389 ], [ 115.245947277145206, -8.492359166542258 ], [ 115.245873314202186, -8.492342379796924 ], [ 115.24585585026739, -8.49233841558538 ], [ 115.24586952535833, -8.492278697004224 ], [ 115.24596095223626, -8.492299447061782 ], [ 115.24597629287166, -8.492302929236757 ], [ 115.245976347730334, -8.492302941827234 ], [ 115.245968013712968, -8.492339335591794 ] ] ] ] } },
{ "type": "Feature", "properties": { "latitude": -8.49226066, "longitude": 115.24592175, "area_in_me": 66.8421, "confidence": 0.826, "full_plus": "6P3QG65W+39VF", "layer": "2dd_buildings_005", "path": "file:///C:/Users/BPN/Downloads/Compressed/2dd_buildings.csv/2dd_buildings_split/2dd_buildings_005.csv?type=csv&maxFields=10000&detectTypes=yes&wktField=geometry&crs=EPSG:4326&spatialIndex=no&subsetIndex=no&watchFile=no", "Shape_Leng": 0.00030410932, "Shape_Area": 5.47e-09 }, "geometry": { "type": "MultiPolygon", "coordinates": [ [ [ [ 115.24596095223626, -8.492299447061782 ], [ 115.24586952535833, -8.492278697004224 ], [ 115.245882540346997, -8.492221865246847 ], [ 115.245973967224813, -8.492242616203725 ], [ 115.24596095223626, -8.492299447061782 ] ] ] ] } },
{ "type": "Feature", "properties": { "latitude": -8.48804774, "longitude": 115.24594142, "area_in_me": 38.775, "confidence": 0.8034, "full_plus": "6P3QG66W+Q9P2", "layer": "2dd_buildings_005", "path": "file:///C:/Users/BPN/Downloads/Compressed/2dd_buildings.csv/2dd_buildings_split/2dd_buildings_005.csv?type=csv&maxFields=10000&detectTypes=yes&wktField=geometry&crs=EPSG:4326&spatialIndex=no&subsetIndex=no&watchFile=no", "Shape_Leng": 0.00022603587, "Shape_Area": 3.17e-09 }, "geometry": { "type": "MultiPolygon", "coordinates": [ [ [ [ 115.245908902174165, -8.48802425891239 ], [ 115.245969974234981, -8.488019605820114 ], [ 115.245973942043861, -8.488071222408962 ], [ 115.245912869983044, -8.488075875501181 ], [ 115.245908902174165, -8.48802425891239 ] ] ] ] } },
{ "type": "Feature", "properties": { "latitude": -8.48909514, "longitude": 115.24536622, "area_in_me": 37.1573, "confidence": 0.7142, "full_plus": "6P3QG66W+9494", "layer": "2dd_buildings_005", "path": "file:///C:/Users/BPN/Downloads/Compressed/2dd_buildings.csv/2dd_buildings_split/2dd_buildings_005.csv?type=csv&maxFields=10000&detectTypes=yes&wktField=geometry&crs=EPSG:4326&spatialIndex=no&subsetIndex=no&watchFile=no", "Shape_Leng": 0.00022422031, "Shape_Area": 3.04e-09 }, "geometry": { "type": "MultiPolygon", "coordinates": [ [ [ [ 115.245402447165247, -8.489077458557801 ], [ 115.245395479218018, -8.489122799677432 ], [ 115.245329997781255, -8.489112825296615 ], [ 115.245336965728484, -8.489067484176985 ], [ 115.245402447165247, -8.489077458557801 ] ] ] ] } },
{ "type": "Feature", "properties": { "latitude": -8.48945108, "longitude": 115.24664307, "area_in_me": 39.1731, "confidence": 0.7818, "full_plus": "6P3QG66W+6M6W", "layer": "2dd_buildings_005", "path": "file:///C:/Users/BPN/Downloads/Compressed/2dd_buildings.csv/2dd_buildings_split/2dd_buildings_005.csv?type=csv&maxFields=10000&detectTypes=yes&wktField=geometry&crs=EPSG:4326&spatialIndex=no&subsetIndex=no&watchFile=no", "Shape_Leng": 0.00022644161, "Shape_Area": 3.2e-09 }, "geometry": { "type": "MultiPolygon", "coordinates": [ [ [ [ 115.246671736811322, -8.489479040924948 ], [ 115.246616344868471, -8.489480883635849 ], [ 115.246614406829508, -8.489423117482829 ], [ 115.246669797872983, -8.489421274771985 ], [ 115.246671331217044, -8.489466972922401 ], [ 115.246671592020448, -8.489474734970997 ], [ 115.246671736811322, -8.489479040924948 ] ] ] ] } },
{ "type": "Feature", "properties": { "latitude": -8.48567972, "longitude": 115.24361983, "area_in_me": 39.5016, "confidence": 0.6926, "full_plus": "6P3QG67V+PCHX", "layer": "2dd_buildings_005", "path": "file:///C:/Users/BPN/Downloads/Compressed/2dd_buildings.csv/2dd_buildings_split/2dd_buildings_005.csv?type=csv&maxFields=10000&detectTypes=yes&wktField=geometry&crs=EPSG:4326&spatialIndex=no&subsetIndex=no&watchFile=no", "Shape_Leng": 0.00032242805, "Shape_Area": 3.23e-09 }, "geometry": { "type": "MultiPolygon", "coordinates": [ [ [ [ 115.24364444613434, -8.485745131332692 ], [ 115.24362142079201, -8.485749556896508 ], [ 115.243595191165241, -8.485614309652647 ], [ 115.243618216507571, -8.485609884088831 ], [ 115.243619036689211, -8.485614112701114 ], [ 115.243638048357298, -8.485712144200022 ], [ 115.24364444613434, -8.485745131332692 ] ] ] ] } },
{ "type": "Feature", "properties": { "latitude": -8.48955513, "longitude": 115.24767124, "area_in_me": 51.7437, "confidence": 0.6653, "full_plus": "6P3QG66X+53FM", "layer": "2dd_buildings_005", "path": "file:///C:/Users/BPN/Downloads/Compressed/2dd_buildings.csv/2dd_buildings_split/2dd_buildings_005.csv?type=csv&maxFields=10000&detectTypes=yes&wktField=geometry&crs=EPSG:4326&spatialIndex=no&subsetIndex=no&watchFile=no", "Shape_Leng": 0.00026686931, "Shape_Area": 4.23e-09 }, "geometry": { "type": "MultiPolygon", "coordinates": [ [ [ [ 115.247709731618897, -8.48952580027543 ], [ 115.247681472222212, -8.489602293910707 ], [ 115.247632747853118, -8.489584453159921 ], [ 115.24766100724969, -8.489507959524644 ], [ 115.247709731618897, -8.48952580027543 ] ] ] ] } },
{ "type": "Feature", "properties": { "latitude": -8.4864284, "longitude": 115.2473126, "area_in_me": 124.6287, "confidence": 0.8467, "full_plus": "6P3QG67W+CWGR", "layer": "2dd_buildings_005", "path": "file:///C:/Users/BPN/Downloads/Compressed/2dd_buildings.csv/2dd_buildings_split/2dd_buildings_005.csv?type=csv&maxFields=10000&detectTypes=yes&wktField=geometry&crs=EPSG:4326&spatialIndex=no&subsetIndex=no&watchFile=no", "Shape_Leng": 0.00041971051, "Shape_Area": 1.019e-08 }, "geometry": { "type": "MultiPolygon", "coordinates": [ [ [ [ 115.247387203256835, -8.486412671107814 ], [ 115.247362075299634, -8.486473226957798 ], [ 115.247339621926017, -8.486463992719052 ], [ 115.247330408371681, -8.486486196980366 ], [ 115.247241647983742, -8.486449689901235 ], [ 115.247275989495392, -8.486366929789938 ], [ 115.247387203256835, -8.486412671107814 ] ] ] ] } },
{ "type": "Feature", "properties": { "latitude": -8.49224155, "longitude": 115.2455612, "area_in_me": 89.205, "confidence": 0.8769, "full_plus": "6P3QG65W+4639", "layer": "2dd_buildings_005", "path": "file:///C:/Users/BPN/Downloads/Compressed/2dd_buildings.csv/2dd_buildings_split/2dd_buildings_005.csv?type=csv&maxFields=10000&detectTypes=yes&wktField=geometry&crs=EPSG:4326&spatialIndex=no&subsetIndex=no&watchFile=no", "Shape_Leng": 0.0003612895, "Shape_Area": 7.29e-09 }, "geometry": { "type": "MultiPolygon", "coordinates": [ [ [ [ 115.245626234463202, -8.492224560515012 ], [ 115.245613126844432, -8.492284071352742 ], [ 115.245598724201841, -8.492280927322895 ], [ 115.24552422975944, -8.492264664882327 ], [ 115.245496173609581, -8.492258540499222 ], [ 115.245509281228351, -8.492199029661435 ], [ 115.245626234463202, -8.492224560515012 ] ] ] ] } },
{ "type": "Feature", "properties": { "latitude": -8.48890733, "longitude": 115.2457798, "area_in_me": 72.9657, "confidence": 0.8296, "full_plus": "6P3QG66W+C8JQ", "layer": "2dd_buildings_005", "path": "file:///C:/Users/BPN/Downloads/Compressed/2dd_buildings.csv/2dd_buildings_split/2dd_buildings_005.csv?type=csv&maxFields=10000&detectTypes=yes&wktField=geometry&crs=EPSG:4326&spatialIndex=no&subsetIndex=no&watchFile=no", "Shape_Leng": 0.0003091191, "Shape_Area": 5.97e-09 }, "geometry": { "type": "MultiPolygon", "coordinates": [ [ [ [ 115.245819627373976, -8.488906706978923 ], [ 115.245821334287257, -8.488942890302098 ], [ 115.245741794648211, -8.488946609898107 ], [ 115.245741210088795, -8.488934219038924 ], [ 115.24573895908577, -8.488886536084749 ], [ 115.245738262111217, -8.488871761122823 ], [ 115.245817802649526, -8.488868040627551 ], [ 115.245819627373976, -8.488906706978923 ] ] ] ] } },
{ "type": "Feature", "properties": { "latitude": -8.49095897, "longitude": 115.24651159, "area_in_me": 139.9108, "confidence": 0.8906, "full_plus": "6P3QG65W+JJ6M", "layer": "2dd_buildings_005", "path": "file:///C:/Users/BPN/Downloads/Compressed/2dd_buildings.csv/2dd_buildings_split/2dd_buildings_005.csv?type=csv&maxFields=10000&detectTypes=yes&wktField=geometry&crs=EPSG:4326&spatialIndex=no&subsetIndex=no&watchFile=no", "Shape_Leng": 0.00043582511, "Shape_Area": 1.144e-08 }, "geometry": { "type": "MultiPolygon", "coordinates": [ [ [ [ 115.246572573065805, -8.490909505269428 ], [ 115.246535136087687, -8.491033687254799 ], [ 115.246450617801884, -8.491008433392437 ], [ 115.246488055679265, -8.49088425140701 ], [ 115.246572573065805, -8.490909505269428 ] ] ] ] } },
{ "type": "Feature", "properties": { "latitude": -8.4895218, "longitude": 115.24653774, "area_in_me": 63.5671, "confidence": 0.8389, "full_plus": "6P3QG66W+5JV2", "layer": "2dd_buildings_005", "path": "file:///C:/Users/BPN/Downloads/Compressed/2dd_buildings.csv/2dd_buildings_split/2dd_buildings_005.csv?type=csv&maxFields=10000&detectTypes=yes&wktField=geometry&crs=EPSG:4326&spatialIndex=no&subsetIndex=no&watchFile=no", "Shape_Leng": 0.0002884036, "Shape_Area": 5.2e-09 }, "geometry": { "type": "MultiPolygon", "coordinates": [ [ [ [ 115.246575755766571, -8.489487803918962 ], [ 115.246572412986552, -8.489559166022673 ], [ 115.246499730678124, -8.489555792665669 ], [ 115.246503072558767, -8.489484429662639 ], [ 115.246575755766571, -8.489487803918962 ] ] ] ] } },
{ "type": "Feature", "properties": { "latitude": -8.48633975, "longitude": 115.2473654, "area_in_me": 134.8542, "confidence": 0.8404, "full_plus": "6P3QG67W+FW9G", "layer": "2dd_buildings_005", "path": "file:///C:/Users/BPN/Downloads/Compressed/2dd_buildings.csv/2dd_buildings_split/2dd_buildings_005.csv?type=csv&maxFields=10000&detectTypes=yes&wktField=geometry&crs=EPSG:4326&spatialIndex=no&subsetIndex=no&watchFile=no", "Shape_Leng": 0.00042167362, "Shape_Area": 1.103e-08 }, "geometry": { "type": "MultiPolygon", "coordinates": [ [ [ [ 115.247431848301176, -8.486305082513525 ], [ 115.247387900231502, -8.486410992972878 ], [ 115.247298959079785, -8.486374413048679 ], [ 115.247342908048836, -8.486268501689949 ], [ 115.247431848301176, -8.486305082513525 ] ] ] ] } },
{ "type": "Feature", "properties": { "latitude": -8.48727971, "longitude": 115.24546044, "area_in_me": 18.2323, "confidence": 0.7889, "full_plus": "6P3QG67W+35PW", "layer": "2dd_buildings_005", "path": "file:///C:/Users/BPN/Downloads/Compressed/2dd_buildings.csv/2dd_buildings_split/2dd_buildings_005.csv?type=csv&maxFields=10000&detectTypes=yes&wktField=geometry&crs=EPSG:4326&spatialIndex=no&subsetIndex=no&watchFile=no", "Shape_Leng": 0.0001633004, "Shape_Area": 1.49e-09 }, "geometry": { "type": "MultiPolygon", "coordinates": [ [ [ [ 115.245488543761326, -8.487268241136348 ], [ 115.245486218114479, -8.487295710028945 ], [ 115.245432325341653, -8.487291188237691 ], [ 115.245434510694167, -8.487265366003783 ], [ 115.245434650089123, -8.487263718445831 ], [ 115.245473343420144, -8.487266965897732 ], [ 115.245488543761326, -8.487268241136348 ] ] ] ] } },
{ "type": "Feature", "properties": { "latitude": -8.49093647, "longitude": 115.24535684, "area_in_me": 72.1985, "confidence": 0.884, "full_plus": "6P3QG65W+J4HF", "layer": "2dd_buildings_005", "path": "file:///C:/Users/BPN/Downloads/Compressed/2dd_buildings.csv/2dd_buildings_split/2dd_buildings_005.csv?type=csv&maxFields=10000&detectTypes=yes&wktField=geometry&crs=EPSG:4326&spatialIndex=no&subsetIndex=no&watchFile=no", "Shape_Leng": 0.00033780493, "Shape_Area": 5.9e-09 }, "geometry": { "type": "MultiPolygon", "coordinates": [ [ [ [ 115.245338871391823, -8.490901868226615 ], [ 115.245357945113142, -8.490908633826336 ], [ 115.245415992753919, -8.490929225603224 ], [ 115.245397008065538, -8.490982271214818 ], [ 115.245319886703442, -8.490954912938832 ], [ 115.245324687284551, -8.490941499550502 ], [ 115.245295723718755, -8.490931225695476 ], [ 115.245309907826027, -8.490891593472213 ], [ 115.245338871391823, -8.490901868226615 ] ] ] ] } },
{ "type": "Feature", "properties": { "latitude": -8.49086867, "longitude": 115.24603565, "area_in_me": 77.121, "confidence": 0.8755, "full_plus": "6P3QG65W+MC36", "layer": "2dd_buildings_005", "path": "file:///C:/Users/BPN/Downloads/Compressed/2dd_buildings.csv/2dd_buildings_split/2dd_buildings_005.csv?type=csv&maxFields=10000&detectTypes=yes&wktField=geometry&crs=EPSG:4326&spatialIndex=no&subsetIndex=no&watchFile=no", "Shape_Leng": 0.0003176925, "Shape_Area": 6.31e-09 }, "geometry": { "type": "MultiPolygon", "coordinates": [ [ [ [ 115.246085602768403, -8.490842829532937 ], [ 115.246059838990391, -8.490919281799393 ], [ 115.24598569618297, -8.490894518067535 ], [ 115.246001739188955, -8.49084691065633 ], [ 115.246011459960982, -8.490818064901703 ], [ 115.246085602768403, -8.490842829532937 ] ] ] ] } },
{ "type": "Feature", "properties": { "latitude": -8.49179716, "longitude": 115.24562994, "area_in_me": 13.6538, "confidence": 0.6622, "full_plus": "6P3QG65W+77J2", "layer": "2dd_buildings_005", "path": "file:///C:/Users/BPN/Downloads/Compressed/2dd_buildings.csv/2dd_buildings_split/2dd_buildings_005.csv?type=csv&maxFields=10000&detectTypes=yes&wktField=geometry&crs=EPSG:4326&spatialIndex=no&subsetIndex=no&watchFile=no", "Shape_Leng": 0.00014093052, "Shape_Area": 1.12e-09 }, "geometry": { "type": "MultiPolygon", "coordinates": [ [ [ [ 115.245644564445115, -8.491775482252649 ], [ 115.245639275532199, -8.491821433112591 ], [ 115.245615334679997, -8.491818999547149 ], [ 115.245620657767176, -8.491772754608917 ], [ 115.245644564445115, -8.491775482252649 ] ] ] ] } },
{ "type": "Feature", "properties": { "latitude": -8.49209441, "longitude": 115.24493417, "area_in_me": 20.0167, "confidence": 0.6732, "full_plus": "6P3QG65V+5X79", "layer": "2dd_buildings_005", "path": "file:///C:/Users/BPN/Downloads/Compressed/2dd_buildings.csv/2dd_buildings_split/2dd_buildings_005.csv?type=csv&maxFields=10000&detectTypes=yes&wktField=geometry&crs=EPSG:4326&spatialIndex=no&subsetIndex=no&watchFile=no", "Shape_Leng": 0.00016641734, "Shape_Area": 1.64e-09 }, "geometry": { "type": "MultiPolygon", "coordinates": [ [ [ [ 115.244953394983213, -8.492071083113956 ], [ 115.244946576323514, -8.492121931681766 ], [ 115.24491494986512, -8.492117728250491 ], [ 115.244921767625556, -8.492066879682682 ], [ 115.244953394983213, -8.492071083113956 ] ] ] ] } },
{ "type": "Feature", "properties": { "latitude": -8.48940842, "longitude": 115.24609113, "area_in_me": 74.953, "confidence": 0.857, "full_plus": "6P3QG66W+6CPQ", "layer": "2dd_buildings_005", "path": "file:///C:/Users/BPN/Downloads/Compressed/2dd_buildings.csv/2dd_buildings_split/2dd_buildings_005.csv?type=csv&maxFields=10000&detectTypes=yes&wktField=geometry&crs=EPSG:4326&spatialIndex=no&subsetIndex=no&watchFile=no", "Shape_Leng": 0.00031393601, "Shape_Area": 6.13e-09 }, "geometry": { "type": "MultiPolygon", "coordinates": [ [ [ [ 115.246129659656162, -8.489448515236745 ], [ 115.246088608302671, -8.489444820821802 ], [ 115.246045988531591, -8.489440985213264 ], [ 115.246052585958182, -8.489368325387886 ], [ 115.24613625708264, -8.489375855411367 ], [ 115.246129659656162, -8.489448515236745 ] ] ] ] } },
{ "type": "Feature", "properties": { "latitude": -8.49176284, "longitude": 115.24531258, "area_in_me": 95.4331, "confidence": 0.8544, "full_plus": "6P3QG65W+74WC", "layer": "2dd_buildings_005", "path": "file:///C:/Users/BPN/Downloads/Compressed/2dd_buildings.csv/2dd_buildings_split/2dd_buildings_005.csv?type=csv&maxFields=10000&detectTypes=yes&wktField=geometry&crs=EPSG:4326&spatialIndex=no&subsetIndex=no&watchFile=no", "Shape_Leng": 0.00036207272, "Shape_Area": 7.8e-09 }, "geometry": { "type": "MultiPolygon", "coordinates": [ [ [ [ 115.245359250029423, -8.491808736483961 ], [ 115.245342970501724, -8.491805337046628 ], [ 115.245251322390686, -8.491786197674855 ], [ 115.245255622948662, -8.491765789359647 ], [ 115.245265916588892, -8.49171693818613 ], [ 115.245373844227629, -8.491739476995235 ], [ 115.245359250029423, -8.491808736483961 ] ] ] ] } },
{ "type": "Feature", "properties": { "latitude": -8.48628395, "longitude": 115.24274754, "area_in_me": 103.3921, "confidence": 0.8545, "full_plus": "6P3QG67V+F3QQ", "layer": "2dd_buildings_005", "path": "file:///C:/Users/BPN/Downloads/Compressed/2dd_buildings.csv/2dd_buildings_split/2dd_buildings_005.csv?type=csv&maxFields=10000&detectTypes=yes&wktField=geometry&crs=EPSG:4326&spatialIndex=no&subsetIndex=no&watchFile=no", "Shape_Leng": 0.00037016874, "Shape_Area": 8.45e-09 }, "geometry": { "type": "MultiPolygon", "coordinates": [ [ [ [ 115.242808532587787, -8.48630911147626 ], [ 115.242736664165818, -8.486348772477811 ], [ 115.242686560236621, -8.486258781817298 ], [ 115.24275842865859, -8.486219120815747 ], [ 115.242808532587787, -8.48630911147626 ] ] ] ] } },
{ "type": "Feature", "properties": { "latitude": -8.49120007, "longitude": 115.24587731, "area_in_me": 43.2763, "confidence": 0.8734, "full_plus": "6P3QG65W+G96R", "layer": "2dd_buildings_005", "path": "file:///C:/Users/BPN/Downloads/Compressed/2dd_buildings.csv/2dd_buildings_split/2dd_buildings_005.csv?type=csv&maxFields=10000&detectTypes=yes&wktField=geometry&crs=EPSG:4326&spatialIndex=no&subsetIndex=no&watchFile=no", "Shape_Leng": 0.00024626994, "Shape_Area": 3.54e-09 }, "geometry": { "type": "MultiPolygon", "coordinates": [ [ [ [ 115.245921293932611, -8.49119051013389 ], [ 115.245906861612411, -8.491233875442958 ], [ 115.245833327645983, -8.491209618029416 ], [ 115.245847759966182, -8.491166253619667 ], [ 115.245921293932611, -8.49119051013389 ] ] ] ] } },
{ "type": "Feature", "properties": { "latitude": -8.48936531, "longitude": 115.24665339000001, "area_in_me": 54.4701, "confidence": 0.8049, "full_plus": "6P3QG66W+7M29", "layer": "2dd_buildings_005", "path": "file:///C:/Users/BPN/Downloads/Compressed/2dd_buildings.csv/2dd_buildings_split/2dd_buildings_005.csv?type=csv&maxFields=10000&detectTypes=yes&wktField=geometry&crs=EPSG:4326&spatialIndex=no&subsetIndex=no&watchFile=no", "Shape_Leng": 0.00026736072, "Shape_Area": 4.45e-09 }, "geometry": { "type": "MultiPolygon", "coordinates": [ [ [ [ 115.246690693620621, -8.489336153040995 ], [ 115.246686417344335, -8.489399191919119 ], [ 115.246616079568525, -8.489394462384496 ], [ 115.246620291093677, -8.489332383982287 ], [ 115.246620355844811, -8.489331423506371 ], [ 115.246630043341838, -8.489332074615504 ], [ 115.246690693620621, -8.489336153040995 ] ] ] ] } },
{ "type": "Feature", "properties": { "latitude": -8.48678071, "longitude": 115.24632001000001, "area_in_me": 44.3338, "confidence": 0.7463, "full_plus": "6P3QG67W+7GPJ", "layer": "2dd_buildings_005", "path": "file:///C:/Users/BPN/Downloads/Compressed/2dd_buildings.csv/2dd_buildings_split/2dd_buildings_005.csv?type=csv&maxFields=10000&detectTypes=yes&wktField=geometry&crs=EPSG:4326&spatialIndex=no&subsetIndex=no&watchFile=no", "Shape_Leng": 0.00025840156, "Shape_Area": 3.63e-09 }, "geometry": { "type": "MultiPolygon", "coordinates": [ [ [ [ 115.246342842148465, -8.486823604625613 ], [ 115.246301702661526, -8.486825705441902 ], [ 115.246297175474297, -8.486737813799039 ], [ 115.246338314961349, -8.486735713882069 ], [ 115.246342842148465, -8.486823604625613 ] ] ] ] } },
{ "type": "Feature", "properties": { "latitude": -8.48680398, "longitude": 115.24595039, "area_in_me": 55.2752, "confidence": 0.8604, "full_plus": "6P3QG67W+79GV", "layer": "2dd_buildings_005", "path": "file:///C:/Users/BPN/Downloads/Compressed/2dd_buildings.csv/2dd_buildings_split/2dd_buildings_005.csv?type=csv&maxFields=10000&detectTypes=yes&wktField=geometry&crs=EPSG:4326&spatialIndex=no&subsetIndex=no&watchFile=no", "Shape_Leng": 0.00027375251, "Shape_Area": 4.52e-09 }, "geometry": { "type": "MultiPolygon", "coordinates": [ [ [ [ 115.245924057549246, -8.486845574163851 ], [ 115.245921608695312, -8.486778089037557 ], [ 115.245921112269571, -8.486764394161412 ], [ 115.245976719150349, -8.48676239406916 ], [ 115.245979664430024, -8.486843574071656 ], [ 115.245924057549246, -8.486845574163851 ] ] ] ] } },
{ "type": "Feature", "properties": { "latitude": -8.49075069, "longitude": 115.24539272, "area_in_me": 51.7749, "confidence": 0.8374, "full_plus": "6P3QG65W+M5RW", "layer": "2dd_buildings_005", "path": "file:///C:/Users/BPN/Downloads/Compressed/2dd_buildings.csv/2dd_buildings_split/2dd_buildings_005.csv?type=csv&maxFields=10000&detectTypes=yes&wktField=geometry&crs=EPSG:4326&spatialIndex=no&subsetIndex=no&watchFile=no", "Shape_Leng": 0.00026082548, "Shape_Area": 4.23e-09 }, "geometry": { "type": "MultiPolygon", "coordinates": [ [ [ [ 115.24543314462403, -8.490728183059161 ], [ 115.245409742465654, -8.490793569167863 ], [ 115.245352285679473, -8.490773186932984 ], [ 115.245375687837736, -8.490707800824282 ], [ 115.24543314462403, -8.490728183059161 ] ] ] ] } },
{ "type": "Feature", "properties": { "latitude": -8.48908146, "longitude": 115.24648979, "area_in_me": 84.5343, "confidence": 0.8673, "full_plus": "6P3QG66W+9H9P", "layer": "2dd_buildings_005", "path": "file:///C:/Users/BPN/Downloads/Compressed/2dd_buildings.csv/2dd_buildings_split/2dd_buildings_005.csv?type=csv&maxFields=10000&detectTypes=yes&wktField=geometry&crs=EPSG:4326&spatialIndex=no&subsetIndex=no&watchFile=no", "Shape_Leng": 0.00033455141, "Shape_Area": 6.91e-09 }, "geometry": { "type": "MultiPolygon", "coordinates": [ [ [ [ 115.246473614365868, -8.489044473223828 ], [ 115.246535460742962, -8.489043348171947 ], [ 115.246536828611852, -8.489117883083793 ], [ 115.246444114804149, -8.489119569312606 ], [ 115.246442747834635, -8.48904503530008 ], [ 115.246473614365868, -8.489044473223828 ] ] ] ] } },
{ "type": "Feature", "properties": { "latitude": -8.48806245, "longitude": 115.24483557000001, "area_in_me": 9.717, "confidence": 0.6564, "full_plus": "6P3QG66V+QWGG", "layer": "2dd_buildings_005", "path": "file:///C:/Users/BPN/Downloads/Compressed/2dd_buildings.csv/2dd_buildings_split/2dd_buildings_005.csv?type=csv&maxFields=10000&detectTypes=yes&wktField=geometry&crs=EPSG:4326&spatialIndex=no&subsetIndex=no&watchFile=no", "Shape_Leng": 0.00011339083, "Shape_Area": 7.9e-10 }, "geometry": { "type": "MultiPolygon", "coordinates": [ [ [ [ 115.244852805812343, -8.488051988608333 ], [ 115.24484939648255, -8.488077104874435 ], [ 115.244818327603753, -8.488072924825588 ], [ 115.244821736933659, -8.488047808559486 ], [ 115.244852805812343, -8.488051988608333 ] ] ] ] } },
{ "type": "Feature", "properties": { "latitude": -8.4861109, "longitude": 115.24559024, "area_in_me": 19.9675, "confidence": 0.7283, "full_plus": "6P3QG67W+H64H", "layer": "2dd_buildings_005", "path": "file:///C:/Users/BPN/Downloads/Compressed/2dd_buildings.csv/2dd_buildings_split/2dd_buildings_005.csv?type=csv&maxFields=10000&detectTypes=yes&wktField=geometry&crs=EPSG:4326&spatialIndex=no&subsetIndex=no&watchFile=no", "Shape_Leng": 0.00016501, "Shape_Area": 1.63e-09 }, "geometry": { "type": "MultiPolygon", "coordinates": [ [ [ [ 115.245610141994575, -8.48608876138718 ], [ 115.245602936626256, -8.486137791525834 ], [ 115.245570331705494, -8.486133041306744 ], [ 115.245577537973077, -8.486084012067465 ], [ 115.245610141994575, -8.48608876138718 ] ] ] ] } },
{ "type": "Feature", "properties": { "latitude": -8.48859211, "longitude": 115.24684023, "area_in_me": 49.9566, "confidence": 0.7345, "full_plus": "6P3QG66W+HP89", "layer": "2dd_buildings_005", "path": "file:///C:/Users/BPN/Downloads/Compressed/2dd_buildings.csv/2dd_buildings_split/2dd_buildings_005.csv?type=csv&maxFields=10000&detectTypes=yes&wktField=geometry&crs=EPSG:4326&spatialIndex=no&subsetIndex=no&watchFile=no", "Shape_Leng": 0.00026675735, "Shape_Area": 4.09e-09 }, "geometry": { "type": "MultiPolygon", "coordinates": [ [ [ [ 115.246842075601421, -8.488615868027864 ], [ 115.246799114987198, -8.48861881240822 ], [ 115.246795827965116, -8.488571271546903 ], [ 115.246881351693105, -8.488565410665103 ], [ 115.246884638715187, -8.48861295152642 ], [ 115.246842075601421, -8.488615868027864 ] ] ] ] } },
{ "type": "Feature", "properties": { "latitude": -8.49242923, "longitude": 115.24572513, "area_in_me": 51.379, "confidence": 0.6723, "full_plus": "6P3QG65W+27HR", "layer": "2dd_buildings_005", "path": "file:///C:/Users/BPN/Downloads/Compressed/2dd_buildings.csv/2dd_buildings_split/2dd_buildings_005.csv?type=csv&maxFields=10000&detectTypes=yes&wktField=geometry&crs=EPSG:4326&spatialIndex=no&subsetIndex=no&watchFile=no", "Shape_Leng": 0.00026802817, "Shape_Area": 4.2e-09 }, "geometry": { "type": "MultiPolygon", "coordinates": [ [ [ [ 115.245763189519607, -8.492451688794347 ], [ 115.245760782933871, -8.492462617355841 ], [ 115.245678724293725, -8.492444703760043 ], [ 115.245689483782712, -8.492395851687149 ], [ 115.245761860321636, -8.492411651876182 ], [ 115.245771542422858, -8.492413765283004 ], [ 115.245763189519607, -8.492451688794347 ] ] ] ] } },
{ "type": "Feature", "properties": { "latitude": -8.48705785, "longitude": 115.24496728, "area_in_me": 117.7894, "confidence": 0.7851, "full_plus": "6P3QG67V+5XGQ", "layer": "2dd_buildings_005", "path": "file:///C:/Users/BPN/Downloads/Compressed/2dd_buildings.csv/2dd_buildings_split/2dd_buildings_005.csv?type=csv&maxFields=10000&detectTypes=yes&wktField=geometry&crs=EPSG:4326&spatialIndex=no&subsetIndex=no&watchFile=no", "Shape_Leng": 0.00042956434, "Shape_Area": 9.63e-09 }, "geometry": { "type": "MultiPolygon", "coordinates": [ [ [ [ 115.245043136531535, -8.48708921669396 ], [ 115.244997572380157, -8.487133865335579 ], [ 115.244891419103737, -8.487026491679217 ], [ 115.244936983255229, -8.486981843037597 ], [ 115.244985751691161, -8.487031172650461 ], [ 115.245008536015234, -8.487054218677201 ], [ 115.245043136531535, -8.48708921669396 ] ] ] ] } },
{ "type": "Feature", "properties": { "latitude": -8.48673695, "longitude": 115.24578407, "area_in_me": 23.8485, "confidence": 0.8127, "full_plus": "6P3QG67W+883C", "layer": "2dd_buildings_005", "path": "file:///C:/Users/BPN/Downloads/Compressed/2dd_buildings.csv/2dd_buildings_split/2dd_buildings_005.csv?type=csv&maxFields=10000&detectTypes=yes&wktField=geometry&crs=EPSG:4326&spatialIndex=no&subsetIndex=no&watchFile=no", "Shape_Leng": 0.00017715348, "Shape_Area": 1.95e-09 }, "geometry": { "type": "MultiPolygon", "coordinates": [ [ [ [ 115.245805198651055, -8.486760190730195 ], [ 115.245764287591896, -8.48676133376847 ], [ 115.245762944904072, -8.486713702974953 ], [ 115.245803855963231, -8.48671255993662 ], [ 115.245805198651055, -8.486760190730195 ] ] ] ] } },
{ "type": "Feature", "properties": { "latitude": -8.48923739, "longitude": 115.24618537000001, "area_in_me": 31.3872, "confidence": 0.8294, "full_plus": "6P3QG66W+8F3H", "layer": "2dd_buildings_005", "path": "file:///C:/Users/BPN/Downloads/Compressed/2dd_buildings.csv/2dd_buildings_split/2dd_buildings_005.csv?type=csv&maxFields=10000&detectTypes=yes&wktField=geometry&crs=EPSG:4326&spatialIndex=no&subsetIndex=no&watchFile=no", "Shape_Leng": 0.00020462337, "Shape_Area": 2.57e-09 }, "geometry": { "type": "MultiPolygon", "coordinates": [ [ [ [ 115.246215587179677, -8.489257903029738 ], [ 115.246157419029714, -8.489260890577611 ], [ 115.246155139248344, -8.489216882253288 ], [ 115.246213307398307, -8.489213895604735 ], [ 115.246214056533518, -8.489228360300558 ], [ 115.246214775091858, -8.489242217953972 ], [ 115.246215587179677, -8.489257903029738 ] ] ] ] } },
{ "type": "Feature", "properties": { "latitude": -8.48619919, "longitude": 115.24469767, "area_in_me": 16.9281, "confidence": 0.7627, "full_plus": "6P3QG67V+GVG3", "layer": "2dd_buildings_005", "path": "file:///C:/Users/BPN/Downloads/Compressed/2dd_buildings.csv/2dd_buildings_split/2dd_buildings_005.csv?type=csv&maxFields=10000&detectTypes=yes&wktField=geometry&crs=EPSG:4326&spatialIndex=no&subsetIndex=no&watchFile=no", "Shape_Leng": 0.00016082028, "Shape_Area": 1.38e-09 }, "geometry": { "type": "MultiPolygon", "coordinates": [ [ [ [ 115.244726906121855, -8.486190785876033 ], [ 115.244723312431006, -8.486215492950578 ], [ 115.244668436699044, -8.486207581614565 ], [ 115.244670742560743, -8.486191728365498 ], [ 115.244672030390007, -8.486182874539963 ], [ 115.244705935730394, -8.486187762355314 ], [ 115.244726906121855, -8.486190785876033 ] ] ] ] } },
{ "type": "Feature", "properties": { "latitude": -8.48635219, "longitude": 115.24542807, "area_in_me": 77.0074, "confidence": 0.785, "full_plus": "6P3QG67W+F53W", "layer": "2dd_buildings_005", "path": "file:///C:/Users/BPN/Downloads/Compressed/2dd_buildings.csv/2dd_buildings_split/2dd_buildings_005.csv?type=csv&maxFields=10000&detectTypes=yes&wktField=geometry&crs=EPSG:4326&spatialIndex=no&subsetIndex=no&watchFile=no", "Shape_Leng": 0.00031799697, "Shape_Area": 6.3e-09 }, "geometry": { "type": "MultiPolygon", "coordinates": [ [ [ [ 115.245419413775039, -8.486313948929535 ], [ 115.245473298454044, -8.486318599323852 ], [ 115.245466818838736, -8.486393021820447 ], [ 115.245382836548742, -8.4863857741841 ], [ 115.245389316164051, -8.486311351687505 ], [ 115.245419413775039, -8.486313948929535 ] ] ] ] } },
{ "type": "Feature", "properties": { "latitude": -8.48634106, "longitude": 115.24529918, "area_in_me": 159.3656, "confidence": 0.915, "full_plus": "6P3QG67W+F478", "layer": "2dd_buildings_005", "path": "file:///C:/Users/BPN/Downloads/Compressed/2dd_buildings.csv/2dd_buildings_split/2dd_buildings_005.csv?type=csv&maxFields=10000&detectTypes=yes&wktField=geometry&crs=EPSG:4326&spatialIndex=no&subsetIndex=no&watchFile=no", "Shape_Leng": 0.00049829884, "Shape_Area": 1.303e-08 }, "geometry": { "type": "MultiPolygon", "coordinates": [ [ [ [ 115.245295532163141, -8.486303257789075 ], [ 115.245389316164051, -8.486311351687505 ], [ 115.245382836548742, -8.4863857741841 ], [ 115.245209037167342, -8.486370775290993 ], [ 115.245215516782764, -8.486296352794398 ], [ 115.245295532163141, -8.486303257789075 ] ] ] ] } },
{ "type": "Feature", "properties": { "latitude": -8.48915341, "longitude": 115.24594421, "area_in_me": 69.3828, "confidence": 0.8783, "full_plus": "6P3QG66W+89PR", "layer": "2dd_buildings_005", "path": "file:///C:/Users/BPN/Downloads/Compressed/2dd_buildings.csv/2dd_buildings_split/2dd_buildings_005.csv?type=csv&maxFields=10000&detectTypes=yes&wktField=geometry&crs=EPSG:4326&spatialIndex=no&subsetIndex=no&watchFile=no", "Shape_Leng": 0.00032947611, "Shape_Area": 5.67e-09 }, "geometry": { "type": "MultiPolygon", "coordinates": [ [ [ [ 115.245911530892499, -8.489130540142241 ], [ 115.245944667312642, -8.489128838624936 ], [ 115.246000719357767, -8.489125960794411 ], [ 115.246003256345261, -8.489174933376432 ], [ 115.245887708750843, -8.489180866203981 ], [ 115.245885171763348, -8.489131893621959 ], [ 115.245911530892499, -8.489130540142241 ] ] ] ] } },
{ "type": "Feature", "properties": { "latitude": -8.48881054, "longitude": 115.24600231, "area_in_me": 60.9408, "confidence": 0.8668, "full_plus": "6P3QG66W+FCCC", "layer": "2dd_buildings_005", "path": "file:///C:/Users/BPN/Downloads/Compressed/2dd_buildings.csv/2dd_buildings_split/2dd_buildings_005.csv?type=csv&maxFields=10000&detectTypes=yes&wktField=geometry&crs=EPSG:4326&spatialIndex=no&subsetIndex=no&watchFile=no", "Shape_Leng": 0.00028249518, "Shape_Area": 4.98e-09 }, "geometry": { "type": "MultiPolygon", "coordinates": [ [ [ [ 115.246039141093547, -8.488844303921439 ], [ 115.245966431805414, -8.488845306665496 ], [ 115.245965477624736, -8.488776782822242 ], [ 115.246038187812132, -8.488775779178809 ], [ 115.246039141093547, -8.488844303921439 ] ] ] ] } },
{ "type": "Feature", "properties": { "latitude": -8.48603763, "longitude": 115.2459063, "area_in_me": 66.2537, "confidence": 0.8736, "full_plus": "6P3QG67W+H9MC", "layer": "2dd_buildings_005", "path": "file:///C:/Users/BPN/Downloads/Compressed/2dd_buildings.csv/2dd_buildings_split/2dd_buildings_005.csv?type=csv&maxFields=10000&detectTypes=yes&wktField=geometry&crs=EPSG:4326&spatialIndex=no&subsetIndex=no&watchFile=no", "Shape_Leng": 0.00029444196, "Shape_Area": 5.42e-09 }, "geometry": { "type": "MultiPolygon", "coordinates": [ [ [ [ 115.245945066611625, -8.486002863541273 ], [ 115.245940127534936, -8.486077179917856 ], [ 115.245869234877318, -8.486072510637825 ], [ 115.245867544151906, -8.486072399121895 ], [ 115.245872440960397, -8.485998723062551 ], [ 115.245872483228595, -8.485998082745255 ], [ 115.245945066611625, -8.486002863541273 ] ] ] ] } },
{ "type": "Feature", "properties": { "latitude": -8.48976048, "longitude": 115.2454956, "area_in_me": 22.3228, "confidence": 0.8371, "full_plus": "6P3QG66W+35XH", "layer": "2dd_buildings_005", "path": "file:///C:/Users/BPN/Downloads/Compressed/2dd_buildings.csv/2dd_buildings_split/2dd_buildings_005.csv?type=csv&maxFields=10000&detectTypes=yes&wktField=geometry&crs=EPSG:4326&spatialIndex=no&subsetIndex=no&watchFile=no", "Shape_Leng": 0.0001724064, "Shape_Area": 1.83e-09 }, "geometry": { "type": "MultiPolygon", "coordinates": [ [ [ [ 115.245516508180344, -8.489737927863018 ], [ 115.245511961208081, -8.489786500246737 ], [ 115.2454747031951, -8.489783044152091 ], [ 115.245479250167364, -8.489734470869109 ], [ 115.245516508180344, -8.489737927863018 ] ] ] ] } },
{ "type": "Feature", "properties": { "latitude": -8.48970911, "longitude": 115.24527542, "area_in_me": 22.1529, "confidence": 0.8408, "full_plus": "6P3QG66W+446Q", "layer": "2dd_buildings_005", "path": "file:///C:/Users/BPN/Downloads/Compressed/2dd_buildings.csv/2dd_buildings_split/2dd_buildings_005.csv?type=csv&maxFields=10000&detectTypes=yes&wktField=geometry&crs=EPSG:4326&spatialIndex=no&subsetIndex=no&watchFile=no", "Shape_Leng": 0.00017035391, "Shape_Area": 1.81e-09 }, "geometry": { "type": "MultiPolygon", "coordinates": [ [ [ [ 115.245301041410016, -8.489725019893683 ], [ 115.245257766932468, -8.48973350139994 ], [ 115.245249797140445, -8.489693202779051 ], [ 115.245293071617994, -8.489684721272795 ], [ 115.245301041410016, -8.489725019893683 ] ] ] ] } },
{ "type": "Feature", "properties": { "latitude": -8.49136862, "longitude": 115.24556082, "area_in_me": 92.748, "confidence": 0.8878, "full_plus": "6P3QG65W+F639", "layer": "2dd_buildings_005", "path": "file:///C:/Users/BPN/Downloads/Compressed/2dd_buildings.csv/2dd_buildings_split/2dd_buildings_005.csv?type=csv&maxFields=10000&detectTypes=yes&wktField=geometry&crs=EPSG:4326&spatialIndex=no&subsetIndex=no&watchFile=no", "Shape_Leng": 0.00035028425, "Shape_Area": 7.58e-09 }, "geometry": { "type": "MultiPolygon", "coordinates": [ [ [ [ 115.245619617251577, -8.491347890592635 ], [ 115.245593202364489, -8.491421696154305 ], [ 115.245566257776659, -8.491412138159603 ], [ 115.245502017404192, -8.491389350238251 ], [ 115.245528316278865, -8.491315868432537 ], [ 115.245528432291394, -8.491315544676581 ], [ 115.245531011546973, -8.491316459287134 ], [ 115.245619617251577, -8.491347890592635 ] ] ] ] } },
{ "type": "Feature", "properties": { "latitude": -8.49209333, "longitude": 115.2447649, "area_in_me": 35.7117, "confidence": 0.729, "full_plus": "6P3QG65V+5W67", "layer": "2dd_buildings_005", "path": "file:///C:/Users/BPN/Downloads/Compressed/2dd_buildings.csv/2dd_buildings_split/2dd_buildings_005.csv?type=csv&maxFields=10000&detectTypes=yes&wktField=geometry&crs=EPSG:4326&spatialIndex=no&subsetIndex=no&watchFile=no", "Shape_Leng": 0.00022813303, "Shape_Area": 2.92e-09 }, "geometry": { "type": "MultiPolygon", "coordinates": [ [ [ [ 115.244784839548743, -8.492130688380541 ], [ 115.244746044594308, -8.492131243262236 ], [ 115.244744959112609, -8.492055983496812 ], [ 115.244783754067043, -8.492055428615117 ], [ 115.244784839548743, -8.492130688380541 ] ] ] ] } },
{ "type": "Feature", "properties": { "latitude": -8.48590586, "longitude": 115.24573423, "area_in_me": 48.4938, "confidence": 0.8318, "full_plus": "6P3QG67W+J7QM", "layer": "2dd_buildings_005", "path": "file:///C:/Users/BPN/Downloads/Compressed/2dd_buildings.csv/2dd_buildings_split/2dd_buildings_005.csv?type=csv&maxFields=10000&detectTypes=yes&wktField=geometry&crs=EPSG:4326&spatialIndex=no&subsetIndex=no&watchFile=no", "Shape_Leng": 0.00027073801, "Shape_Area": 3.97e-09 }, "geometry": { "type": "MultiPolygon", "coordinates": [ [ [ [ 115.245781877431796, -8.485887717943797 ], [ 115.24577885391102, -8.485930481606374 ], [ 115.245686581670498, -8.485924014581542 ], [ 115.24568960519116, -8.485881250918965 ], [ 115.245781877431796, -8.485887717943797 ] ] ] ] } },
{ "type": "Feature", "properties": { "latitude": -8.48725855, "longitude": 115.24673868000001, "area_in_me": 44.3067, "confidence": 0.7887, "full_plus": "6P3QG67W+3MXP", "layer": "2dd_buildings_005", "path": "file:///C:/Users/BPN/Downloads/Compressed/2dd_buildings.csv/2dd_buildings_split/2dd_buildings_005.csv?type=csv&maxFields=10000&detectTypes=yes&wktField=geometry&crs=EPSG:4326&spatialIndex=no&subsetIndex=no&watchFile=no", "Shape_Leng": 0.00024931843, "Shape_Area": 3.62e-09 }, "geometry": { "type": "MultiPolygon", "coordinates": [ [ [ [ 115.246778927905211, -8.48727984958532 ], [ 115.246700493533012, -8.487283336256894 ], [ 115.246698425991667, -8.487237235210216 ], [ 115.246776860363866, -8.487233748538642 ], [ 115.246778927905211, -8.48727984958532 ] ] ] ] } },
{ "type": "Feature", "properties": { "latitude": -8.48746244, "longitude": 115.24644899, "area_in_me": 42.7786, "confidence": 0.7708, "full_plus": "6P3QG67W+2H8F", "layer": "2dd_buildings_005", "path": "file:///C:/Users/BPN/Downloads/Compressed/2dd_buildings.csv/2dd_buildings_split/2dd_buildings_005.csv?type=csv&maxFields=10000&detectTypes=yes&wktField=geometry&crs=EPSG:4326&spatialIndex=no&subsetIndex=no&watchFile=no", "Shape_Leng": 0.00025613909, "Shape_Area": 3.5e-09 }, "geometry": { "type": "MultiPolygon", "coordinates": [ [ [ [ 115.246494122505851, -8.487480199651429 ], [ 115.246405633713039, -8.487484133286102 ], [ 115.246403863847263, -8.48744468002792 ], [ 115.246466400903728, -8.487441900223473 ], [ 115.246492353539338, -8.487440746393304 ], [ 115.246494122505851, -8.487480199651429 ] ] ] ] } },
{ "type": "Feature", "properties": { "latitude": -8.48742944, "longitude": 115.24460228, "area_in_me": 18.7766, "confidence": 0.6601, "full_plus": "6P3QG67V+2RHV", "layer": "2dd_buildings_005", "path": "file:///C:/Users/BPN/Downloads/Compressed/2dd_buildings.csv/2dd_buildings_split/2dd_buildings_005.csv?type=csv&maxFields=10000&detectTypes=yes&wktField=geometry&crs=EPSG:4326&spatialIndex=no&subsetIndex=no&watchFile=no", "Shape_Leng": 0.00016874462, "Shape_Area": 1.54e-09 }, "geometry": { "type": "MultiPolygon", "coordinates": [ [ [ [ 115.244615597032293, -8.487430422176203 ], [ 115.244616664527484, -8.487457819122994 ], [ 115.244590126433195, -8.487458843450838 ], [ 115.244587876329547, -8.487401072801219 ], [ 115.244614414423722, -8.487400048473432 ], [ 115.244615597032293, -8.487430422176203 ] ] ] ] } },
{ "type": "Feature", "properties": { "latitude": -8.48684198, "longitude": 115.24571389, "area_in_me": 66.385, "confidence": 0.8487, "full_plus": "6P3QG67W+7789", "layer": "2dd_buildings_005", "path": "file:///C:/Users/BPN/Downloads/Compressed/2dd_buildings.csv/2dd_buildings_split/2dd_buildings_005.csv?type=csv&maxFields=10000&detectTypes=yes&wktField=geometry&crs=EPSG:4326&spatialIndex=no&subsetIndex=no&watchFile=no", "Shape_Leng": 0.00031370593, "Shape_Area": 5.43e-09 }, "geometry": { "type": "MultiPolygon", "coordinates": [ [ [ [ 115.245767245462048, -8.486866268463473 ], [ 115.245661985212564, -8.486869209246549 ], [ 115.245660531908129, -8.486817678992622 ], [ 115.245765793056989, -8.486814737310226 ], [ 115.245767245462048, -8.486866268463473 ] ] ] ] } },
{ "type": "Feature", "properties": { "latitude": -8.48650812, "longitude": 115.2460768, "area_in_me": 8.5835, "confidence": 0.7635, "full_plus": "6P3QG67W+9CWM", "layer": "2dd_buildings_005", "path": "file:///C:/Users/BPN/Downloads/Compressed/2dd_buildings.csv/2dd_buildings_split/2dd_buildings_005.csv?type=csv&maxFields=10000&detectTypes=yes&wktField=geometry&crs=EPSG:4326&spatialIndex=no&subsetIndex=no&watchFile=no", "Shape_Leng": 0.00010723055, "Shape_Area": 6.9999999999999996e-10 }, "geometry": { "type": "MultiPolygon", "coordinates": [ [ [ [ 115.246092303616933, -8.486496745128647 ], [ 115.246092200194994, -8.486519539345238 ], [ 115.246061301288137, -8.486519400849602 ], [ 115.246061404710076, -8.486496763115099 ], [ 115.246092303616933, -8.486496745128647 ] ] ] ] } },
{ "type": "Feature", "properties": { "latitude": -8.48841555, "longitude": 115.24652133, "area_in_me": 43.2553, "confidence": 0.7904, "full_plus": "6P3QG66W+JJJ8", "layer": "2dd_buildings_005", "path": "file:///C:/Users/BPN/Downloads/Compressed/2dd_buildings.csv/2dd_buildings_split/2dd_buildings_005.csv?type=csv&maxFields=10000&detectTypes=yes&wktField=geometry&crs=EPSG:4326&spatialIndex=no&subsetIndex=no&watchFile=no", "Shape_Leng": 0.00024119656, "Shape_Area": 3.54e-09 }, "geometry": { "type": "MultiPolygon", "coordinates": [ [ [ [ 115.2465581020748, -8.488438275306123 ], [ 115.246488023303641, -8.488443077685815 ], [ 115.246484550121977, -8.488392842455653 ], [ 115.246554628893023, -8.488388040075961 ], [ 115.2465581020748, -8.488438275306123 ] ] ] ] } },
{ "type": "Feature", "properties": { "latitude": -8.48823265, "longitude": 115.24547217, "area_in_me": 117.9668, "confidence": 0.781, "full_plus": "6P3QG66W+P55J", "layer": "2dd_buildings_005", "path": "file:///C:/Users/BPN/Downloads/Compressed/2dd_buildings.csv/2dd_buildings_split/2dd_buildings_005.csv?type=csv&maxFields=10000&detectTypes=yes&wktField=geometry&crs=EPSG:4326&spatialIndex=no&subsetIndex=no&watchFile=no", "Shape_Leng": 0.00045839517, "Shape_Area": 9.65e-09 }, "geometry": { "type": "MultiPolygon", "coordinates": [ [ [ [ 115.245406259391416, -8.488236133790508 ], [ 115.245404905012379, -8.488184612529778 ], [ 115.245453734602279, -8.48818334088844 ], [ 115.245454436073373, -8.488210024672867 ], [ 115.245550506150948, -8.488207522758898 ], [ 115.245552017911336, -8.488265058685442 ], [ 115.245407118243975, -8.488268832240749 ], [ 115.245406259391416, -8.488236133790508 ] ] ] ] } },
{ "type": "Feature", "properties": { "latitude": -8.48590793, "longitude": 115.24386936000001, "area_in_me": 20.455, "confidence": 0.682, "full_plus": "6P3QG67V+JGQQ", "layer": "2dd_buildings_005", "path": "file:///C:/Users/BPN/Downloads/Compressed/2dd_buildings.csv/2dd_buildings_split/2dd_buildings_005.csv?type=csv&maxFields=10000&detectTypes=yes&wktField=geometry&crs=EPSG:4326&spatialIndex=no&subsetIndex=no&watchFile=no", "Shape_Leng": 0.0001686003, "Shape_Area": 1.67e-09 }, "geometry": { "type": "MultiPolygon", "coordinates": [ [ [ [ 115.243897918254333, -8.485919181624865 ], [ 115.243846350228978, -8.485928173046716 ], [ 115.243840814002397, -8.485896702171033 ], [ 115.243892382027866, -8.485887710749182 ], [ 115.243897918254333, -8.485919181624865 ] ] ] ] } },
{ "type": "Feature", "properties": { "latitude": -8.48778923, "longitude": 115.24683205, "area_in_me": 51.5443, "confidence": 0.8566, "full_plus": "6P3QG66W+VPPG", "layer": "2dd_buildings_005", "path": "file:///C:/Users/BPN/Downloads/Compressed/2dd_buildings.csv/2dd_buildings_split/2dd_buildings_005.csv?type=csv&maxFields=10000&detectTypes=yes&wktField=geometry&crs=EPSG:4326&spatialIndex=no&subsetIndex=no&watchFile=no", "Shape_Leng": 0.00026034242, "Shape_Area": 4.21e-09 }, "geometry": { "type": "MultiPolygon", "coordinates": [ [ [ [ 115.246863821208422, -8.48782269296288 ], [ 115.246803397558779, -8.48782537923779 ], [ 115.246800274213342, -8.487755761818903 ], [ 115.246860698762248, -8.487753075543935 ], [ 115.246863821208422, -8.48782269296288 ] ] ] ] } },
{ "type": "Feature", "properties": { "latitude": -8.49135431, "longitude": 115.24598098, "area_in_me": 44.2377, "confidence": 0.7734, "full_plus": "6P3QG65W+F95V", "layer": "2dd_buildings_005", "path": "file:///C:/Users/BPN/Downloads/Compressed/2dd_buildings.csv/2dd_buildings_split/2dd_buildings_005.csv?type=csv&maxFields=10000&detectTypes=yes&wktField=geometry&crs=EPSG:4326&spatialIndex=no&subsetIndex=no&watchFile=no", "Shape_Leng": 0.00027415909, "Shape_Area": 3.62e-09 }, "geometry": { "type": "MultiPolygon", "coordinates": [ [ [ [ 115.246034725422305, -8.491356867625313 ], [ 115.246021205014699, -8.491389880838256 ], [ 115.24592724564593, -8.491351741489609 ], [ 115.24594027412445, -8.491319929770896 ], [ 115.245940766053536, -8.491318728276667 ], [ 115.245958085197572, -8.491325758277071 ], [ 115.246034725422305, -8.491356867625313 ] ] ] ] } },
{ "type": "Feature", "properties": { "latitude": -8.48703051, "longitude": 115.24608543, "area_in_me": 23.6776, "confidence": 0.8023, "full_plus": "6P3QG67W+5CPP", "layer": "2dd_buildings_005", "path": "file:///C:/Users/BPN/Downloads/Compressed/2dd_buildings.csv/2dd_buildings_split/2dd_buildings_005.csv?type=csv&maxFields=10000&detectTypes=yes&wktField=geometry&crs=EPSG:4326&spatialIndex=no&subsetIndex=no&watchFile=no", "Shape_Leng": 0.00017803737, "Shape_Area": 1.94e-09 }, "geometry": { "type": "MultiPolygon", "coordinates": [ [ [ [ 115.246112148956627, -8.487047820900159 ], [ 115.246061033290061, -8.487050944245652 ], [ 115.246058706743952, -8.487013208692588 ], [ 115.246109822410403, -8.487010084447775 ], [ 115.246112148956627, -8.487047820900159 ] ] ] ] } },
{ "type": "Feature", "properties": { "latitude": -8.48845668, "longitude": 115.24614709, "area_in_me": 33.633, "confidence": 0.8256, "full_plus": "6P3QG66W+JF6P", "layer": "2dd_buildings_005", "path": "file:///C:/Users/BPN/Downloads/Compressed/2dd_buildings.csv/2dd_buildings_split/2dd_buildings_005.csv?type=csv&maxFields=10000&detectTypes=yes&wktField=geometry&crs=EPSG:4326&spatialIndex=no&subsetIndex=no&watchFile=no", "Shape_Leng": 0.00021147886, "Shape_Area": 2.75e-09 }, "geometry": { "type": "MultiPolygon", "coordinates": [ [ [ [ 115.246177879505581, -8.488434935224006 ], [ 115.246175811964235, -8.488481056955152 ], [ 115.246116299327809, -8.488478412049005 ], [ 115.246118366869155, -8.488432290317917 ], [ 115.246177879505581, -8.488434935224006 ] ] ] ] } },
{ "type": "Feature", "properties": { "latitude": -8.49050729, "longitude": 115.24659478, "area_in_me": 135.4837, "confidence": 0.6894, "full_plus": "6P3QG65W+QJXJ", "layer": "2dd_buildings_006", "path": "file:///C:/Users/BPN/Downloads/Compressed/2dd_buildings.csv/2dd_buildings_split/2dd_buildings_006.csv?type=csv&maxFields=10000&detectTypes=yes&wktField=geometry&crs=EPSG:4326&spatialIndex=no&subsetIndex=no&watchFile=no", "Shape_Leng": 0.00045627293, "Shape_Area": 1.108e-08 }, "geometry": { "type": "MultiPolygon", "coordinates": [ [ [ [ 115.246677249655363, -8.490533293676492 ], [ 115.246520211838401, -8.490550955462197 ], [ 115.246512306797626, -8.490481293976472 ], [ 115.246669344614588, -8.490463632190824 ], [ 115.246677249655363, -8.490533293676492 ] ] ] ] } },
{ "type": "Feature", "properties": { "latitude": -8.48900956, "longitude": 115.24603807, "area_in_me": 16.8852, "confidence": 0.6694, "full_plus": "6P3QG66W+9CVJ", "layer": "2dd_buildings_006", "path": "file:///C:/Users/BPN/Downloads/Compressed/2dd_buildings.csv/2dd_buildings_split/2dd_buildings_006.csv?type=csv&maxFields=10000&detectTypes=yes&wktField=geometry&crs=EPSG:4326&spatialIndex=no&subsetIndex=no&watchFile=no", "Shape_Leng": 0.00014866978, "Shape_Area": 1.38e-09 }, "geometry": { "type": "MultiPolygon", "coordinates": [ [ [ [ 115.246052467247637, -8.489027143288013 ], [ 115.24601988031327, -8.489028512955485 ], [ 115.246018338875274, -8.488992177646821 ], [ 115.246050585865873, -8.488990822368521 ], [ 115.246056272279247, -8.488990583148848 ], [ 115.246057813717243, -8.489026918457455 ], [ 115.246052467247637, -8.489027143288013 ] ] ] ] } },
{ "type": "Feature", "properties": { "latitude": -8.48916364, "longitude": 115.24622946, "area_in_me": 45.2289, "confidence": 0.6618, "full_plus": "6P3QG66W+8FQF", "layer": "2dd_buildings_006", "path": "file:///C:/Users/BPN/Downloads/Compressed/2dd_buildings.csv/2dd_buildings_split/2dd_buildings_006.csv?type=csv&maxFields=10000&detectTypes=yes&wktField=geometry&crs=EPSG:4326&spatialIndex=no&subsetIndex=no&watchFile=no", "Shape_Leng": 0.00027237114, "Shape_Area": 3.7e-09 }, "geometry": { "type": "MultiPolygon", "coordinates": [ [ [ [ 115.246215522428429, -8.489213781390845 ], [ 115.246213307398307, -8.489213895604735 ], [ 115.246208199249054, -8.489115307425436 ], [ 115.246245614643499, -8.489113385574228 ], [ 115.246250722792638, -8.489211974652846 ], [ 115.246219009100059, -8.489213602425764 ], [ 115.246215522428429, -8.489213781390845 ] ] ] ] } },
{ "type": "Feature", "properties": { "latitude": -8.4916162, "longitude": 115.24539075, "area_in_me": 51.8829, "confidence": 0.8733, "full_plus": "6P3QG65W+9528", "layer": "2dd_buildings_006", "path": "file:///C:/Users/BPN/Downloads/Compressed/2dd_buildings.csv/2dd_buildings_split/2dd_buildings_006.csv?type=csv&maxFields=10000&detectTypes=yes&wktField=geometry&crs=EPSG:4326&spatialIndex=no&subsetIndex=no&watchFile=no", "Shape_Leng": 0.0002606199, "Shape_Area": 4.24e-09 }, "geometry": { "type": "MultiPolygon", "coordinates": [ [ [ [ 115.245429962822641, -8.491591905442021 ], [ 115.245416851606478, -8.491654131333064 ], [ 115.245351542839444, -8.491640492214913 ], [ 115.245364654055606, -8.49157826632387 ], [ 115.245429962822641, -8.491591905442021 ] ] ] ] } },
{ "type": "Feature", "properties": { "latitude": -8.49216564, "longitude": 115.24591781, "area_in_me": 78.3809, "confidence": 0.8268, "full_plus": "6P3QG65W+49M7", "layer": "2dd_buildings_006", "path": "file:///C:/Users/BPN/Downloads/Compressed/2dd_buildings.csv/2dd_buildings_split/2dd_buildings_006.csv?type=csv&maxFields=10000&detectTypes=yes&wktField=geometry&crs=EPSG:4326&spatialIndex=no&subsetIndex=no&watchFile=no", "Shape_Leng": 0.00041487078, "Shape_Area": 6.41e-09 }, "geometry": { "type": "MultiPolygon", "coordinates": [ [ [ [ 115.245965333733238, -8.492129749488299 ], [ 115.245932251272393, -8.492225761109921 ], [ 115.245865015258346, -8.492202800518783 ], [ 115.245874014774017, -8.492176680609248 ], [ 115.245906980322957, -8.492187938322672 ], [ 115.245914513943717, -8.49216607310575 ], [ 115.245881548394777, -8.492154815392382 ], [ 115.245898096819815, -8.492106787997841 ], [ 115.245965333733238, -8.492129749488299 ] ] ] ] } },
{ "type": "Feature", "properties": { "latitude": -8.48895973, "longitude": 115.24600273, "area_in_me": 69.9216, "confidence": 0.8915, "full_plus": "6P3QG66W+CC6J", "layer": "2dd_buildings_006", "path": "file:///C:/Users/BPN/Downloads/Compressed/2dd_buildings.csv/2dd_buildings_split/2dd_buildings_006.csv?type=csv&maxFields=10000&detectTypes=yes&wktField=geometry&crs=EPSG:4326&spatialIndex=no&subsetIndex=no&watchFile=no", "Shape_Leng": 0.00030853543, "Shape_Area": 5.72e-09 }, "geometry": { "type": "MultiPolygon", "coordinates": [ [ [ [ 115.246050453665589, -8.488988276387772 ], [ 115.245958213800577, -8.488993012217691 ], [ 115.245955011314777, -8.488931189222967 ], [ 115.246022890344193, -8.488927703450713 ], [ 115.246047251179789, -8.488926452493729 ], [ 115.246050453665589, -8.488988276387772 ] ] ] ] } },
{ "type": "Feature", "properties": { "latitude": -8.48598585, "longitude": 115.24717549, "area_in_me": 148.7216, "confidence": 0.9074, "full_plus": "6P3QG67W+JV3G", "layer": "2dd_buildings_006", "path": "file:///C:/Users/BPN/Downloads/Compressed/2dd_buildings.csv/2dd_buildings_split/2dd_buildings_006.csv?type=csv&maxFields=10000&detectTypes=yes&wktField=geometry&crs=EPSG:4326&spatialIndex=no&subsetIndex=no&watchFile=no", "Shape_Leng": 0.00045094428, "Shape_Area": 1.216e-08 }, "geometry": { "type": "MultiPolygon", "coordinates": [ [ [ [ 115.247245949441094, -8.485945016449307 ], [ 115.2472409716936, -8.486034204015255 ], [ 115.247105033770367, -8.48602668388429 ], [ 115.247110011517861, -8.485937496318343 ], [ 115.247245949441094, -8.485945016449307 ] ] ] ] } },
{ "type": "Feature", "properties": { "latitude": -8.48566407, "longitude": 115.24417533, "area_in_me": 95.1498, "confidence": 0.7858, "full_plus": "6P3QG67V+PMMG", "layer": "2dd_buildings_006", "path": "file:///C:/Users/BPN/Downloads/Compressed/2dd_buildings.csv/2dd_buildings_split/2dd_buildings_006.csv?type=csv&maxFields=10000&detectTypes=yes&wktField=geometry&crs=EPSG:4326&spatialIndex=no&subsetIndex=no&watchFile=no", "Shape_Leng": 0.00035374827, "Shape_Area": 7.78e-09 }, "geometry": { "type": "MultiPolygon", "coordinates": [ [ [ [ 115.244227290457161, -8.485699220042932 ], [ 115.244133158418549, -8.485710424696322 ], [ 115.244126385624213, -8.485654024613495 ], [ 115.244123371996125, -8.485628932629083 ], [ 115.244217504034623, -8.485617727975693 ], [ 115.244227290457161, -8.485699220042932 ] ] ] ] } },
{ "type": "Feature", "properties": { "latitude": -8.48767258, "longitude": 115.24601404000001, "area_in_me": 24.7345, "confidence": 0.7968, "full_plus": "6P3QG66W+WCJ3", "layer": "2dd_buildings_006", "path": "file:///C:/Users/BPN/Downloads/Compressed/2dd_buildings.csv/2dd_buildings_split/2dd_buildings_006.csv?type=csv&maxFields=10000&detectTypes=yes&wktField=geometry&crs=EPSG:4326&spatialIndex=no&subsetIndex=no&watchFile=no", "Shape_Leng": 0.00019390918, "Shape_Area": 2.02e-09 }, "geometry": { "type": "MultiPolygon", "coordinates": [ [ [ [ 115.246030953665695, -8.487705036458237 ], [ 115.246000611439172, -8.4877066102718 ], [ 115.245997131962099, -8.487640129688202 ], [ 115.246027474188622, -8.487638555874582 ], [ 115.246030953665695, -8.487705036458237 ] ] ] ] } },
{ "type": "Feature", "properties": { "latitude": -8.49230633, "longitude": 115.24503552, "area_in_me": 18.1681, "confidence": 0.7122, "full_plus": "6P3QG65W+32FJ", "layer": "2dd_buildings_006", "path": "file:///C:/Users/BPN/Downloads/Compressed/2dd_buildings.csv/2dd_buildings_split/2dd_buildings_006.csv?type=csv&maxFields=10000&detectTypes=yes&wktField=geometry&crs=EPSG:4326&spatialIndex=no&subsetIndex=no&watchFile=no", "Shape_Leng": 0.00015492712, "Shape_Area": 1.49e-09 }, "geometry": { "type": "MultiPolygon", "coordinates": [ [ [ [ 115.245060019504308, -8.492293761547785 ], [ 115.245052601896077, -8.492327890819467 ], [ 115.245011018144055, -8.49231893357188 ], [ 115.245018435752286, -8.492284804300255 ], [ 115.245060019504308, -8.492293761547785 ] ] ] ] } },
{ "type": "Feature", "properties": { "latitude": -8.49193632, "longitude": 115.2453785, "area_in_me": 21.2875, "confidence": 0.7314, "full_plus": "6P3QG65W+65CC", "layer": "2dd_buildings_006", "path": "file:///C:/Users/BPN/Downloads/Compressed/2dd_buildings.csv/2dd_buildings_split/2dd_buildings_006.csv?type=csv&maxFields=10000&detectTypes=yes&wktField=geometry&crs=EPSG:4326&spatialIndex=no&subsetIndex=no&watchFile=no", "Shape_Leng": 0.00017222275, "Shape_Area": 1.74e-09 }, "geometry": { "type": "MultiPolygon", "coordinates": [ [ [ [ 115.245408221712069, -8.491926231110654 ], [ 115.245401229483264, -8.491957892642574 ], [ 115.245348784618727, -8.491946413695985 ], [ 115.245355776847646, -8.491914751264687 ], [ 115.245408221712069, -8.491926231110654 ] ] ] ] } },
{ "type": "Feature", "properties": { "latitude": -8.48565316, "longitude": 115.24213923000001, "area_in_me": 91.2475, "confidence": 0.8465, "full_plus": "6P3QG67R+PVJV", "layer": "2dd_buildings_006", "path": "file:///C:/Users/BPN/Downloads/Compressed/2dd_buildings.csv/2dd_buildings_split/2dd_buildings_006.csv?type=csv&maxFields=10000&detectTypes=yes&wktField=geometry&crs=EPSG:4326&spatialIndex=no&subsetIndex=no&watchFile=no", "Shape_Leng": 0.00035577629, "Shape_Area": 7.46e-09 }, "geometry": { "type": "MultiPolygon", "coordinates": [ [ [ [ 115.242201207819562, -8.485634300682364 ], [ 115.242128156789022, -8.485716732541107 ], [ 115.242077258758513, -8.485672024544272 ], [ 115.242150309789054, -8.485589592685528 ], [ 115.242201207819562, -8.485634300682364 ] ] ] ] } },
{ "type": "Feature", "properties": { "latitude": -8.48620301, "longitude": 115.24654362, "area_in_me": 34.5598, "confidence": 0.7269, "full_plus": "6P3QG67W+GJ7V", "layer": "2dd_buildings_006", "path": "file:///C:/Users/BPN/Downloads/Compressed/2dd_buildings.csv/2dd_buildings_split/2dd_buildings_006.csv?type=csv&maxFields=10000&detectTypes=yes&wktField=geometry&crs=EPSG:4326&spatialIndex=no&subsetIndex=no&watchFile=no", "Shape_Leng": 0.00021293516, "Shape_Area": 2.83e-09 }, "geometry": { "type": "MultiPolygon", "coordinates": [ [ [ [ 115.246569651168556, -8.486226944018199 ], [ 115.246516940104812, -8.486229628494527 ], [ 115.246514351855922, -8.486179247574171 ], [ 115.24656582095588, -8.486176626949714 ], [ 115.24657029957973, -8.486176398521934 ], [ 115.24657288782862, -8.486226779442291 ], [ 115.246569651168556, -8.486226944018199 ] ] ] ] } },
{ "type": "Feature", "properties": { "latitude": -8.48641656, "longitude": 115.24669481, "area_in_me": 110.894, "confidence": 0.8149, "full_plus": "6P3QG67W+CMP6", "layer": "2dd_buildings_006", "path": "file:///C:/Users/BPN/Downloads/Compressed/2dd_buildings.csv/2dd_buildings_split/2dd_buildings_006.csv?type=csv&maxFields=10000&detectTypes=yes&wktField=geometry&crs=EPSG:4326&spatialIndex=no&subsetIndex=no&watchFile=no", "Shape_Leng": 0.00046387837, "Shape_Area": 9.07e-09 }, "geometry": { "type": "MultiPolygon", "coordinates": [ [ [ [ 115.246787051481306, -8.486436783730539 ], [ 115.246709340163989, -8.486440740747526 ], [ 115.246668140422457, -8.486442838865855 ], [ 115.246605130322564, -8.486446046747631 ], [ 115.246602576247938, -8.48639633042626 ], [ 115.246756227218157, -8.486388506324488 ], [ 115.246784497406679, -8.486387066509849 ], [ 115.246787051481306, -8.486436783730539 ] ] ] ] } },
{ "type": "Feature", "properties": { "latitude": -8.48630702, "longitude": 115.24575241, "area_in_me": 84.2735, "confidence": 0.8557, "full_plus": "6P3QG67W+F8CJ", "layer": "2dd_buildings_006", "path": "file:///C:/Users/BPN/Downloads/Compressed/2dd_buildings.csv/2dd_buildings_split/2dd_buildings_006.csv?type=csv&maxFields=10000&detectTypes=yes&wktField=geometry&crs=EPSG:4326&spatialIndex=no&subsetIndex=no&watchFile=no", "Shape_Leng": 0.00037025192, "Shape_Area": 6.89e-09 }, "geometry": { "type": "MultiPolygon", "coordinates": [ [ [ [ 115.245815655967817, -8.486281792770455 ], [ 115.245811448039944, -8.486338173068191 ], [ 115.245811413865681, -8.486338629024488 ], [ 115.245767998194651, -8.486335417545433 ], [ 115.245748468517036, -8.486333972334933 ], [ 115.245729136690329, -8.486332542412867 ], [ 115.24568363099479, -8.486329176250422 ], [ 115.24568691531897, -8.486285180516631 ], [ 115.245718785493636, -8.486287538539045 ], [ 115.24571974417097, -8.48627469801886 ], [ 115.245815655967817, -8.486281792770455 ] ] ] ] } },
{ "type": "Feature", "properties": { "latitude": -8.48524944, "longitude": 115.24371607, "area_in_me": 96.6263, "confidence": 0.8111, "full_plus": "6P3QG67V+WF45", "layer": "2dd_buildings_006", "path": "file:///C:/Users/BPN/Downloads/Compressed/2dd_buildings.csv/2dd_buildings_split/2dd_buildings_006.csv?type=csv&maxFields=10000&detectTypes=yes&wktField=geometry&crs=EPSG:4326&spatialIndex=no&subsetIndex=no&watchFile=no", "Shape_Leng": 0.00035801411, "Shape_Area": 7.9e-09 }, "geometry": { "type": "MultiPolygon", "coordinates": [ [ [ [ 115.24368129585514, -8.485293775986918 ], [ 115.243671597566276, -8.485295026044582 ], [ 115.243661402851558, -8.485216645631624 ], [ 115.24376054771119, -8.485203862668072 ], [ 115.243769841305152, -8.485275306610049 ], [ 115.243770743325172, -8.48528224398035 ], [ 115.243710531016291, -8.48529000692821 ], [ 115.24368129585514, -8.485293775986918 ] ] ] ] } },
{ "type": "Feature", "properties": { "latitude": -8.49177883, "longitude": 115.24501276, "area_in_me": 58.0625, "confidence": 0.8256, "full_plus": "6P3QG65W+72JV", "layer": "2dd_buildings_006", "path": "file:///C:/Users/BPN/Downloads/Compressed/2dd_buildings.csv/2dd_buildings_split/2dd_buildings_006.csv?type=csv&maxFields=10000&detectTypes=yes&wktField=geometry&crs=EPSG:4326&spatialIndex=no&subsetIndex=no&watchFile=no", "Shape_Leng": 0.00028279137, "Shape_Area": 4.75e-09 }, "geometry": { "type": "MultiPolygon", "coordinates": [ [ [ [ 115.245060760545698, -8.491760828699228 ], [ 115.245049445275754, -8.491814529916553 ], [ 115.24496475701801, -8.491796843849215 ], [ 115.244976072287955, -8.49174314263189 ], [ 115.245060760545698, -8.491760828699228 ] ] ] ] } },
{ "type": "Feature", "properties": { "latitude": -8.49127594, "longitude": 115.24632272, "area_in_me": 41.3855, "confidence": 0.8233, "full_plus": "6P3QG65W+FGPV", "layer": "2dd_buildings_006", "path": "file:///C:/Users/BPN/Downloads/Compressed/2dd_buildings.csv/2dd_buildings_split/2dd_buildings_006.csv?type=csv&maxFields=10000&detectTypes=yes&wktField=geometry&crs=EPSG:4326&spatialIndex=no&subsetIndex=no&watchFile=no", "Shape_Leng": 0.0002537794, "Shape_Area": 3.38e-09 }, "geometry": { "type": "MultiPolygon", "coordinates": [ [ [ [ 115.246370073620028, -8.491266258231178 ], [ 115.246362285491159, -8.491303580995407 ], [ 115.246275361518769, -8.491285601749098 ], [ 115.246283150547015, -8.491248279884189 ], [ 115.246370073620028, -8.491266258231178 ] ] ] ] } },
{ "type": "Feature", "properties": { "latitude": -8.48648741, "longitude": 115.24642336, "area_in_me": 40.4811, "confidence": 0.7584, "full_plus": "6P3QG67W+CH3G", "layer": "2dd_buildings_006", "path": "file:///C:/Users/BPN/Downloads/Compressed/2dd_buildings.csv/2dd_buildings_split/2dd_buildings_006.csv?type=csv&maxFields=10000&detectTypes=yes&wktField=geometry&crs=EPSG:4326&spatialIndex=no&subsetIndex=no&watchFile=no", "Shape_Leng": 0.00023148948, "Shape_Area": 3.31e-09 }, "geometry": { "type": "MultiPolygon", "coordinates": [ [ [ [ 115.24644582981125, -8.486518359434683 ], [ 115.24639922514416, -8.486520732745589 ], [ 115.246395935424175, -8.486456700116548 ], [ 115.246447496254973, -8.486454074096173 ], [ 115.246449086256348, -8.486485023365105 ], [ 115.246450785975071, -8.486518106725214 ], [ 115.24644582981125, -8.486518359434683 ] ] ] ] } },
{ "type": "Feature", "properties": { "latitude": -8.48850608, "longitude": 115.24586236, "area_in_me": 34.4971, "confidence": 0.8321, "full_plus": "6P3QG66W+H8XP", "layer": "2dd_buildings_006", "path": "file:///C:/Users/BPN/Downloads/Compressed/2dd_buildings.csv/2dd_buildings_split/2dd_buildings_006.csv?type=csv&maxFields=10000&detectTypes=yes&wktField=geometry&crs=EPSG:4326&spatialIndex=no&subsetIndex=no&watchFile=no", "Shape_Leng": 0.00021551498, "Shape_Area": 2.82e-09 }, "geometry": { "type": "MultiPolygon", "coordinates": [ [ [ [ 115.245885482029394, -8.488537032557986 ], [ 115.245840667912603, -8.488538035302042 ], [ 115.245839247883055, -8.488475118731685 ], [ 115.245884061100583, -8.488474115987628 ], [ 115.245885482029394, -8.488537032557986 ] ] ] ] } },
{ "type": "Feature", "properties": { "latitude": -8.49161003, "longitude": 115.24520329000001, "area_in_me": 18.7716, "confidence": 0.74, "full_plus": "6P3QG65W+934G", "layer": "2dd_buildings_006", "path": "file:///C:/Users/BPN/Downloads/Compressed/2dd_buildings.csv/2dd_buildings_split/2dd_buildings_006.csv?type=csv&maxFields=10000&detectTypes=yes&wktField=geometry&crs=EPSG:4326&spatialIndex=no&subsetIndex=no&watchFile=no", "Shape_Leng": 0.00015989169, "Shape_Area": 1.54e-09 }, "geometry": { "type": "MultiPolygon", "coordinates": [ [ [ [ 115.24522114024353, -8.491595749144437 ], [ 115.24521636214547, -8.491635697029722 ], [ 115.245184538735543, -8.491631924373792 ], [ 115.24518952997289, -8.491590194032199 ], [ 115.245190226947443, -8.491584363727384 ], [ 115.24522205035737, -8.491588136383314 ], [ 115.24522114024353, -8.491595749144437 ] ] ] ] } },
{ "type": "Feature", "properties": { "latitude": -8.48712098, "longitude": 115.24531508, "area_in_me": 38.1471, "confidence": 0.8255, "full_plus": "6P3QG67W+5442", "layer": "2dd_buildings_006", "path": "file:///C:/Users/BPN/Downloads/Compressed/2dd_buildings.csv/2dd_buildings_split/2dd_buildings_006.csv?type=csv&maxFields=10000&detectTypes=yes&wktField=geometry&crs=EPSG:4326&spatialIndex=no&subsetIndex=no&watchFile=no", "Shape_Leng": 0.00022952916, "Shape_Area": 3.12e-09 }, "geometry": { "type": "MultiPolygon", "coordinates": [ [ [ [ 115.24533840284505, -8.487155469749098 ], [ 115.245294211958367, -8.487156990502683 ], [ 115.245291764003809, -8.487086485452892 ], [ 115.245335954890493, -8.487084964699307 ], [ 115.24533840284505, -8.487155469749098 ] ] ] ] } },
{ "type": "Feature", "properties": { "latitude": -8.48852285, "longitude": 115.24613624, "area_in_me": 17.1736, "confidence": 0.7036, "full_plus": "6P3QG66W+HFR3", "layer": "2dd_buildings_006", "path": "file:///C:/Users/BPN/Downloads/Compressed/2dd_buildings.csv/2dd_buildings_split/2dd_buildings_006.csv?type=csv&maxFields=10000&detectTypes=yes&wktField=geometry&crs=EPSG:4326&spatialIndex=no&subsetIndex=no&watchFile=no", "Shape_Leng": 0.00015428903, "Shape_Area": 1.4e-09 }, "geometry": { "type": "MultiPolygon", "coordinates": [ [ [ [ 115.246161452489105, -8.488510592489831 ], [ 115.246158485625642, -8.488539878012887 ], [ 115.246111014911435, -8.488535110706721 ], [ 115.246113982674274, -8.488505825183665 ], [ 115.246161452489105, -8.488510592489831 ] ] ] ] } },
{ "type": "Feature", "properties": { "latitude": -8.49069326, "longitude": 115.2463093, "area_in_me": 402.5, "confidence": 0.8253, "full_plus": "6P3QG65W+PGF9", "layer": "2dd_buildings_006", "path": "file:///C:/Users/BPN/Downloads/Compressed/2dd_buildings.csv/2dd_buildings_split/2dd_buildings_006.csv?type=csv&maxFields=10000&detectTypes=yes&wktField=geometry&crs=EPSG:4326&spatialIndex=no&subsetIndex=no&watchFile=no", "Shape_Leng": 0.00076914345, "Shape_Area": 3.291e-08 }, "geometry": { "type": "MultiPolygon", "coordinates": [ [ [ [ 115.246359172038183, -8.490763074056588 ], [ 115.246343205474659, -8.490832313760222 ], [ 115.246286173168414, -8.490819278986464 ], [ 115.246217867860423, -8.490803666755767 ], [ 115.246275392995017, -8.490554211007975 ], [ 115.24640072970999, -8.490582858012431 ], [ 115.246379717949708, -8.49067397732216 ], [ 115.246359172038183, -8.490763074056588 ] ] ] ] } },
{ "type": "Feature", "properties": { "latitude": -8.4873172, "longitude": 115.24539703000001, "area_in_me": 46.5706, "confidence": 0.8876, "full_plus": "6P3QG67W+35C8", "layer": "2dd_buildings_006", "path": "file:///C:/Users/BPN/Downloads/Compressed/2dd_buildings.csv/2dd_buildings_split/2dd_buildings_006.csv?type=csv&maxFields=10000&detectTypes=yes&wktField=geometry&crs=EPSG:4326&spatialIndex=no&subsetIndex=no&watchFile=no", "Shape_Leng": 0.00024738848, "Shape_Area": 3.81e-09 }, "geometry": { "type": "MultiPolygon", "coordinates": [ [ [ [ 115.245432325341653, -8.487291188237691 ], [ 115.245427454613377, -8.487348725063555 ], [ 115.245361733956884, -8.487343210420761 ], [ 115.245366604685159, -8.487285673594897 ], [ 115.245432325341653, -8.487291188237691 ] ] ] ] } },
{ "type": "Feature", "properties": { "latitude": -8.48695838, "longitude": 115.2456931, "area_in_me": 120.5262, "confidence": 0.8298, "full_plus": "6P3QG67W+678J", "layer": "2dd_buildings_006", "path": "file:///C:/Users/BPN/Downloads/Compressed/2dd_buildings.csv/2dd_buildings_split/2dd_buildings_006.csv?type=csv&maxFields=10000&detectTypes=yes&wktField=geometry&crs=EPSG:4326&spatialIndex=no&subsetIndex=no&watchFile=no", "Shape_Leng": 0.00043533561, "Shape_Area": 9.86e-09 }, "geometry": { "type": "MultiPolygon", "coordinates": [ [ [ [ 115.245770687167578, -8.486988339740037 ], [ 115.245617314087781, -8.486992625009577 ], [ 115.24561550375256, -8.486928416113471 ], [ 115.245634960584994, -8.486927872023614 ], [ 115.245768876832244, -8.486924129944612 ], [ 115.245770687167578, -8.486988339740037 ] ] ] ] } },
{ "type": "Feature", "properties": { "latitude": -8.48612035, "longitude": 115.24405614, "area_in_me": 86.6834, "confidence": 0.897, "full_plus": "6P3QG67V+HJ35", "layer": "2dd_buildings_006", "path": "file:///C:/Users/BPN/Downloads/Compressed/2dd_buildings.csv/2dd_buildings_split/2dd_buildings_006.csv?type=csv&maxFields=10000&detectTypes=yes&wktField=geometry&crs=EPSG:4326&spatialIndex=no&subsetIndex=no&watchFile=no", "Shape_Leng": 0.00033888999, "Shape_Area": 7.09e-09 }, "geometry": { "type": "MultiPolygon", "coordinates": [ [ [ [ 115.24410329373211, -8.486118124251959 ], [ 115.244107364962929, -8.486152177980557 ], [ 115.244013832772225, -8.486163263024139 ], [ 115.244004898007688, -8.486088536556679 ], [ 115.244098430198505, -8.486077452412474 ], [ 115.24410329373211, -8.486118124251959 ] ] ] ] } },
{ "type": "Feature", "properties": { "latitude": -8.4916349, "longitude": 115.24526438, "area_in_me": 103.8793, "confidence": 0.9007, "full_plus": "6P3QG65W+84RM", "layer": "2dd_buildings_006", "path": "file:///C:/Users/BPN/Downloads/Compressed/2dd_buildings.csv/2dd_buildings_split/2dd_buildings_006.csv?type=csv&maxFields=10000&detectTypes=yes&wktField=geometry&crs=EPSG:4326&spatialIndex=no&subsetIndex=no&watchFile=no", "Shape_Leng": 0.0003738123, "Shape_Area": 8.49e-09 }, "geometry": { "type": "MultiPolygon", "coordinates": [ [ [ [ 115.245305100949736, -8.491630793925935 ], [ 115.245291328731923, -8.491696155752948 ], [ 115.245271182119382, -8.491691947825075 ], [ 115.245226615316142, -8.491682640741203 ], [ 115.245214976290185, -8.491680209873721 ], [ 115.245237429663689, -8.491573643808579 ], [ 115.24531378300469, -8.491589589687749 ], [ 115.245305100949736, -8.491630793925935 ] ] ] ] } },
{ "type": "Feature", "properties": { "latitude": -8.4890323, "longitude": 115.24410769000001, "area_in_me": 27.3949, "confidence": 0.8133, "full_plus": "6P3QG66V+9JQM", "layer": "2dd_buildings_006", "path": "file:///C:/Users/BPN/Downloads/Compressed/2dd_buildings.csv/2dd_buildings_split/2dd_buildings_006.csv?type=csv&maxFields=10000&detectTypes=yes&wktField=geometry&crs=EPSG:4326&spatialIndex=no&subsetIndex=no&watchFile=no", "Shape_Leng": 0.00018952158, "Shape_Area": 2.24e-09 }, "geometry": { "type": "MultiPolygon", "coordinates": [ [ [ [ 115.244137943711166, -8.489017721990251 ], [ 115.244124927823236, -8.489061019850112 ], [ 115.244077441820536, -8.489046871715686 ], [ 115.244086416155255, -8.489017019619723 ], [ 115.244090457708467, -8.489003573855825 ], [ 115.244101257667012, -8.489006791630061 ], [ 115.244137943711166, -8.489017721990251 ] ] ] ] } },
{ "type": "Feature", "properties": { "latitude": -8.49183185, "longitude": 115.2457446, "area_in_me": 59.9285, "confidence": 0.8397, "full_plus": "6P3QG65W+779Q", "layer": "2dd_buildings_006", "path": "file:///C:/Users/BPN/Downloads/Compressed/2dd_buildings.csv/2dd_buildings_split/2dd_buildings_006.csv?type=csv&maxFields=10000&detectTypes=yes&wktField=geometry&crs=EPSG:4326&spatialIndex=no&subsetIndex=no&watchFile=no", "Shape_Leng": 0.00028009607, "Shape_Area": 4.9e-09 }, "geometry": { "type": "MultiPolygon", "coordinates": [ [ [ [ 115.245785747214541, -8.491804187713058 ], [ 115.245770224915987, -8.491874180149239 ], [ 115.245703463743894, -8.491859505012087 ], [ 115.245718986042448, -8.491789512575906 ], [ 115.24572360585978, -8.491790527910496 ], [ 115.245746043944791, -8.49179545979257 ], [ 115.245763151748065, -8.491799218958761 ], [ 115.245785747214541, -8.491804187713058 ] ] ] ] } },
{ "type": "Feature", "properties": { "latitude": -8.486858, "longitude": 115.2447978, "area_in_me": 70.9069, "confidence": 0.8397, "full_plus": "6P3QG67V+7W3P", "layer": "2dd_buildings_006", "path": "file:///C:/Users/BPN/Downloads/Compressed/2dd_buildings.csv/2dd_buildings_split/2dd_buildings_006.csv?type=csv&maxFields=10000&detectTypes=yes&wktField=geometry&crs=EPSG:4326&spatialIndex=no&subsetIndex=no&watchFile=no", "Shape_Leng": 0.00033327602, "Shape_Area": 5.8e-09 }, "geometry": { "type": "MultiPolygon", "coordinates": [ [ [ [ 115.24485390928055, -8.486887444799663 ], [ 115.244853862515811, -8.486887954715314 ], [ 115.244848060989284, -8.486887422316613 ], [ 115.244737205158003, -8.48687734631244 ], [ 115.244741422978336, -8.486831379264686 ], [ 115.244741727848577, -8.486828054471118 ], [ 115.244811432501706, -8.486834392892888 ], [ 115.244858385206385, -8.486838661974616 ], [ 115.244856811392765, -8.48685581384467 ], [ 115.24485390928055, -8.486887444799663 ] ] ] ] } },
{ "type": "Feature", "properties": { "latitude": -8.49153452, "longitude": 115.24582797, "area_in_me": 44.4352, "confidence": 0.6855, "full_plus": "6P3QG65W+98PM", "layer": "2dd_buildings_006", "path": "file:///C:/Users/BPN/Downloads/Compressed/2dd_buildings.csv/2dd_buildings_split/2dd_buildings_006.csv?type=csv&maxFields=10000&detectTypes=yes&wktField=geometry&crs=EPSG:4326&spatialIndex=no&subsetIndex=no&watchFile=no", "Shape_Leng": 0.00024892607, "Shape_Area": 3.63e-09 }, "geometry": { "type": "MultiPolygon", "coordinates": [ [ [ [ 115.245861618518916, -8.491564343919265 ], [ 115.245861485419255, -8.491565006719611 ], [ 115.245800103092392, -8.491552828999829 ], [ 115.245785275070489, -8.491549887317376 ], [ 115.245785971145665, -8.491546411437696 ], [ 115.245793635168184, -8.491508122801577 ], [ 115.245794454450561, -8.49150402908765 ], [ 115.245843994504753, -8.491513857778273 ], [ 115.245870663900064, -8.491519148489886 ], [ 115.245861618518916, -8.491564343919265 ] ] ] ] } },
{ "type": "Feature", "properties": { "latitude": -8.49220279, "longitude": 115.24566899, "area_in_me": 55.098, "confidence": 0.8452, "full_plus": "6P3QG65W+477V", "layer": "2dd_buildings_006", "path": "file:///C:/Users/BPN/Downloads/Compressed/2dd_buildings.csv/2dd_buildings_split/2dd_buildings_006.csv?type=csv&maxFields=10000&detectTypes=yes&wktField=geometry&crs=EPSG:4326&spatialIndex=no&subsetIndex=no&watchFile=no", "Shape_Leng": 0.00026982359, "Shape_Area": 4.51e-09 }, "geometry": { "type": "MultiPolygon", "coordinates": [ [ [ [ 115.24569866765944, -8.492240372395202 ], [ 115.245626234463202, -8.492224560515012 ], [ 115.245639306109183, -8.492165210655912 ], [ 115.245711740204683, -8.492181022536101 ], [ 115.24569866765944, -8.492240372395202 ] ] ] ] } },
{ "type": "Feature", "properties": { "latitude": -8.48799211, "longitude": 115.24593714, "area_in_me": 44.8142, "confidence": 0.84, "full_plus": "6P3QG66W+R939", "layer": "2dd_buildings_006", "path": "file:///C:/Users/BPN/Downloads/Compressed/2dd_buildings.csv/2dd_buildings_split/2dd_buildings_006.csv?type=csv&maxFields=10000&detectTypes=yes&wktField=geometry&crs=EPSG:4326&spatialIndex=no&subsetIndex=no&watchFile=no", "Shape_Leng": 0.00024215957, "Shape_Area": 3.66e-09 }, "geometry": { "type": "MultiPolygon", "coordinates": [ [ [ [ 115.245969974234981, -8.488019605820114 ], [ 115.245908902174165, -8.48802425891239 ], [ 115.245904316531096, -8.487964604183105 ], [ 115.245965388591912, -8.487959951090829 ], [ 115.245969974234981, -8.488019605820114 ] ] ] ] } },
{ "type": "Feature", "properties": { "latitude": -8.49079012, "longitude": 115.24577945, "area_in_me": 94.6045, "confidence": 0.7384, "full_plus": "6P3QG65W+M8J9", "layer": "2dd_buildings_006", "path": "file:///C:/Users/BPN/Downloads/Compressed/2dd_buildings.csv/2dd_buildings_split/2dd_buildings_006.csv?type=csv&maxFields=10000&detectTypes=yes&wktField=geometry&crs=EPSG:4326&spatialIndex=no&subsetIndex=no&watchFile=no", "Shape_Leng": 0.00036763375, "Shape_Area": 7.74e-09 }, "geometry": { "type": "MultiPolygon", "coordinates": [ [ [ [ 115.245712586466766, -8.490801009259144 ], [ 115.24573457219276, -8.490739579268109 ], [ 115.245846321050976, -8.490779220484569 ], [ 115.245824335324869, -8.490840649576285 ], [ 115.245712586466766, -8.490801009259144 ] ] ] ] } },
{ "type": "Feature", "properties": { "latitude": -8.48857202, "longitude": 115.24435817, "area_in_me": 105.1587, "confidence": 0.6714, "full_plus": "6P3QG66V+HPH3", "layer": "2dd_buildings_006", "path": "file:///C:/Users/BPN/Downloads/Compressed/2dd_buildings.csv/2dd_buildings_split/2dd_buildings_006.csv?type=csv&maxFields=10000&detectTypes=yes&wktField=geometry&crs=EPSG:4326&spatialIndex=no&subsetIndex=no&watchFile=no", "Shape_Leng": 0.00039013966, "Shape_Area": 8.6e-09 }, "geometry": { "type": "MultiPolygon", "coordinates": [ [ [ [ 115.244397533019765, -8.488623559029975 ], [ 115.244312830372905, -8.488627627562892 ], [ 115.244309965132857, -8.488568503433612 ], [ 115.244376367475411, -8.488493380365185 ], [ 115.244391189202133, -8.488492669001403 ], [ 115.244397533019765, -8.488623559029975 ] ] ] ] } },
{ "type": "Feature", "properties": { "latitude": -8.48811431, "longitude": 115.24595402, "area_in_me": 25.6903, "confidence": 0.8224, "full_plus": "6P3QG66W+Q94G", "layer": "2dd_buildings_006", "path": "file:///C:/Users/BPN/Downloads/Compressed/2dd_buildings.csv/2dd_buildings_split/2dd_buildings_006.csv?type=csv&maxFields=10000&detectTypes=yes&wktField=geometry&crs=EPSG:4326&spatialIndex=no&subsetIndex=no&watchFile=no", "Shape_Leng": 0.00018457551, "Shape_Area": 2.1e-09 }, "geometry": { "type": "MultiPolygon", "coordinates": [ [ [ [ 115.245929555104908, -8.488135885462725 ], [ 115.245929275415733, -8.488135898952521 ], [ 115.245929121631775, -8.488132651500621 ], [ 115.245927340974049, -8.488095138080098 ], [ 115.245978765108021, -8.488092718903829 ], [ 115.245980533175157, -8.488129983212104 ], [ 115.245980699549705, -8.488133479776252 ], [ 115.245978033059828, -8.488133604781979 ], [ 115.245929555104908, -8.488135885462725 ] ] ] ] } },
{ "type": "Feature", "properties": { "latitude": -8.48896736, "longitude": 115.24648769, "area_in_me": 39.0838, "confidence": 0.7841, "full_plus": "6P3QG66W+CH98", "layer": "2dd_buildings_006", "path": "file:///C:/Users/BPN/Downloads/Compressed/2dd_buildings.csv/2dd_buildings_split/2dd_buildings_006.csv?type=csv&maxFields=10000&detectTypes=yes&wktField=geometry&crs=EPSG:4326&spatialIndex=no&subsetIndex=no&watchFile=no", "Shape_Leng": 0.00025439124, "Shape_Area": 3.2e-09 }, "geometry": { "type": "MultiPolygon", "coordinates": [ [ [ [ 115.246534367167328, -8.488983744704001 ], [ 115.246472519890972, -8.488984869755882 ], [ 115.246441653359625, -8.488985430932871 ], [ 115.24644102113632, -8.488950969811356 ], [ 115.246533734044647, -8.488949283582542 ], [ 115.246534367167328, -8.488983744704001 ] ] ] ] } },
{ "type": "Feature", "properties": { "latitude": -8.49185809, "longitude": 115.24580254, "area_in_me": 26.5615, "confidence": 0.7333, "full_plus": "6P3QG65W+783P", "layer": "2dd_buildings_006", "path": "file:///C:/Users/BPN/Downloads/Compressed/2dd_buildings.csv/2dd_buildings_split/2dd_buildings_006.csv?type=csv&maxFields=10000&detectTypes=yes&wktField=geometry&crs=EPSG:4326&spatialIndex=no&subsetIndex=no&watchFile=no", "Shape_Leng": 0.00018769375, "Shape_Area": 2.17e-09 }, "geometry": { "type": "MultiPolygon", "coordinates": [ [ [ [ 115.245832551531066, -8.491843342396294 ], [ 115.245823750765567, -8.491883865847683 ], [ 115.245772545166915, -8.491872844656029 ], [ 115.245781345932414, -8.491832320305264 ], [ 115.245832551531066, -8.491843342396294 ] ] ] ] } },
{ "type": "Feature", "properties": { "latitude": -8.49127266, "longitude": 115.24488674, "area_in_me": 103.6261, "confidence": 0.8423, "full_plus": "6P3QG65V+FXR3", "layer": "2dd_buildings_006", "path": "file:///C:/Users/BPN/Downloads/Compressed/2dd_buildings.csv/2dd_buildings_split/2dd_buildings_006.csv?type=csv&maxFields=10000&detectTypes=yes&wktField=geometry&crs=EPSG:4326&spatialIndex=no&subsetIndex=no&watchFile=no", "Shape_Leng": 0.00037017467, "Shape_Area": 8.47e-09 }, "geometry": { "type": "MultiPolygon", "coordinates": [ [ [ [ 115.244939427612508, -8.491233169475151 ], [ 115.244914636901058, -8.491332160550712 ], [ 115.24483404325656, -8.491312156031142 ], [ 115.244858833968124, -8.491213164955525 ], [ 115.244939427612508, -8.491233169475151 ] ] ] ] } },
{ "type": "Feature", "properties": { "latitude": -8.49114799, "longitude": 115.2453882, "area_in_me": 58.6596, "confidence": 0.76, "full_plus": "6P3QG65W+G5R3", "layer": "2dd_buildings_006", "path": "file:///C:/Users/BPN/Downloads/Compressed/2dd_buildings.csv/2dd_buildings_split/2dd_buildings_006.csv?type=csv&maxFields=10000&detectTypes=yes&wktField=geometry&crs=EPSG:4326&spatialIndex=no&subsetIndex=no&watchFile=no", "Shape_Leng": 0.00029108285, "Shape_Area": 4.8e-09 }, "geometry": { "type": "MultiPolygon", "coordinates": [ [ [ [ 115.245441513714923, -8.491140142703387 ], [ 115.245424517427637, -8.491187632303365 ], [ 115.245334887395188, -8.491155837671727 ], [ 115.245351884581851, -8.491108348071748 ], [ 115.245441513714923, -8.491140142703387 ] ] ] ] } },
{ "type": "Feature", "properties": { "latitude": -8.48597487, "longitude": 115.24514821, "area_in_me": 70.0435, "confidence": 0.8134, "full_plus": "6P3QG67W+J364", "layer": "2dd_buildings_006", "path": "file:///C:/Users/BPN/Downloads/Compressed/2dd_buildings.csv/2dd_buildings_split/2dd_buildings_006.csv?type=csv&maxFields=10000&detectTypes=yes&wktField=geometry&crs=EPSG:4326&spatialIndex=no&subsetIndex=no&watchFile=no", "Shape_Leng": 0.00032194249, "Shape_Area": 5.73e-09 }, "geometry": { "type": "MultiPolygon", "coordinates": [ [ [ [ 115.245196823474657, -8.486005112745715 ], [ 115.245195215486888, -8.486012367576677 ], [ 115.245148546068663, -8.486002116204645 ], [ 115.245103517013717, -8.485992224561471 ], [ 115.245089850915974, -8.485989222624482 ], [ 115.245090889632934, -8.485984534458623 ], [ 115.245101380224582, -8.485937197743453 ], [ 115.245206662057853, -8.485960719511525 ], [ 115.245196823474657, -8.486005112745715 ] ] ] ] } },
{ "type": "Feature", "properties": { "latitude": -8.4886279, "longitude": 115.2459674, "area_in_me": 154.8884, "confidence": 0.9248, "full_plus": "6P3QG66W+G9WX", "layer": "2dd_buildings_006", "path": "file:///C:/Users/BPN/Downloads/Compressed/2dd_buildings.csv/2dd_buildings_split/2dd_buildings_006.csv?type=csv&maxFields=10000&detectTypes=yes&wktField=geometry&crs=EPSG:4326&spatialIndex=no&subsetIndex=no&watchFile=no", "Shape_Leng": 0.00047071633, "Shape_Area": 1.267e-08 }, "geometry": { "type": "MultiPolygon", "coordinates": [ [ [ [ 115.246032837745361, -8.48858112991519 ], [ 115.246026582960553, -8.488671179031655 ], [ 115.246002819274736, -8.48866954316486 ], [ 115.24600142712427, -8.488689579160678 ], [ 115.245954233401221, -8.488686329910138 ], [ 115.245932788167693, -8.488684853223333 ], [ 115.245933317868435, -8.488677228771053 ], [ 115.245934180318272, -8.488664817227459 ], [ 115.245901870375064, -8.488662593204083 ], [ 115.245908125159872, -8.488572544087617 ], [ 115.246032837745361, -8.48858112991519 ] ] ] ] } },
{ "type": "Feature", "properties": { "latitude": -8.48667497, "longitude": 115.24646522, "area_in_me": 73.7492, "confidence": 0.854, "full_plus": "6P3QG67W+8HP5", "layer": "2dd_buildings_006", "path": "file:///C:/Users/BPN/Downloads/Compressed/2dd_buildings.csv/2dd_buildings_split/2dd_buildings_006.csv?type=csv&maxFields=10000&detectTypes=yes&wktField=geometry&crs=EPSG:4326&spatialIndex=no&subsetIndex=no&watchFile=no", "Shape_Leng": 0.00031067538, "Shape_Area": 6.03e-09 }, "geometry": { "type": "MultiPolygon", "coordinates": [ [ [ [ 115.246505367628629, -8.486712474501076 ], [ 115.246429119508321, -8.486716357773673 ], [ 115.246425066263896, -8.4866374710424 ], [ 115.246501315283581, -8.486633588669122 ], [ 115.246505367628629, -8.486712474501076 ] ] ] ] } },
{ "type": "Feature", "properties": { "latitude": -8.48783633, "longitude": 115.24579136, "area_in_me": 12.9522, "confidence": 0.6906, "full_plus": "6P3QG66W+V87F", "layer": "2dd_buildings_006", "path": "file:///C:/Users/BPN/Downloads/Compressed/2dd_buildings.csv/2dd_buildings_split/2dd_buildings_006.csv?type=csv&maxFields=10000&detectTypes=yes&wktField=geometry&crs=EPSG:4326&spatialIndex=no&subsetIndex=no&watchFile=no", "Shape_Leng": 0.00013200158, "Shape_Area": 1.06e-09 }, "geometry": { "type": "MultiPolygon", "coordinates": [ [ [ [ 115.245811358107744, -8.487848945072699 ], [ 115.245772957056374, -8.487851185283944 ], [ 115.245772684561757, -8.487846550178119 ], [ 115.245771339176031, -8.487823698404895 ], [ 115.245809740227401, -8.487821458193707 ], [ 115.245811096405077, -8.48784449612657 ], [ 115.245811358107744, -8.487848945072699 ] ] ] ] } },
{ "type": "Feature", "properties": { "latitude": -8.4871756, "longitude": 115.24651072, "area_in_me": 55.6317, "confidence": 0.8643, "full_plus": "6P3QG67W+4JCV", "layer": "2dd_buildings_006", "path": "file:///C:/Users/BPN/Downloads/Compressed/2dd_buildings.csv/2dd_buildings_split/2dd_buildings_006.csv?type=csv&maxFields=10000&detectTypes=yes&wktField=geometry&crs=EPSG:4326&spatialIndex=no&subsetIndex=no&watchFile=no", "Shape_Leng": 0.00027140521, "Shape_Area": 4.55e-09 }, "geometry": { "type": "MultiPolygon", "coordinates": [ [ [ [ 115.246542606755952, -8.487211843751538 ], [ 115.246482206488736, -8.487214528227867 ], [ 115.246478834930372, -8.487139361092602 ], [ 115.246539235197588, -8.487136676616274 ], [ 115.246542606755952, -8.487211843751538 ] ] ] ] } },
{ "type": "Feature", "properties": { "latitude": -8.48931544, "longitude": 115.24519102, "area_in_me": 102.7021, "confidence": 0.7792, "full_plus": "6P3QG66W+73G6", "layer": "2dd_buildings_006", "path": "file:///C:/Users/BPN/Downloads/Compressed/2dd_buildings.csv/2dd_buildings_split/2dd_buildings_006.csv?type=csv&maxFields=10000&detectTypes=yes&wktField=geometry&crs=EPSG:4326&spatialIndex=no&subsetIndex=no&watchFile=no", "Shape_Leng": 0.00036657037, "Shape_Area": 8.4e-09 }, "geometry": { "type": "MultiPolygon", "coordinates": [ [ [ [ 115.24524825390381, -8.489284890785029 ], [ 115.245221622280155, -8.489372464967232 ], [ 115.245133774703959, -8.489345987127535 ], [ 115.245160406327727, -8.489258412945333 ], [ 115.24524825390381, -8.489284890785029 ] ] ] ] } },
{ "type": "Feature", "properties": { "latitude": -8.486696, "longitude": 115.24672269, "area_in_me": 161.5886, "confidence": 0.8813, "full_plus": "6P3QG67W+8MH2", "layer": "2dd_buildings_006", "path": "file:///C:/Users/BPN/Downloads/Compressed/2dd_buildings.csv/2dd_buildings_split/2dd_buildings_006.csv?type=csv&maxFields=10000&detectTypes=yes&wktField=geometry&crs=EPSG:4326&spatialIndex=no&subsetIndex=no&watchFile=no", "Shape_Leng": 0.00050503824, "Shape_Area": 1.321e-08 }, "geometry": { "type": "MultiPolygon", "coordinates": [ [ [ [ 115.246738823537953, -8.486758042249789 ], [ 115.246661160784015, -8.486758356113171 ], [ 115.246660703928455, -8.486646542503877 ], [ 115.24680140825842, -8.48664597413233 ], [ 115.246801653773332, -8.48670622511213 ], [ 115.246759499851123, -8.486706395084013 ], [ 115.246759641943981, -8.486741410187904 ], [ 115.246738756088803, -8.486741494724129 ], [ 115.246738823537953, -8.486758042249789 ] ] ] ] } },
{ "type": "Feature", "properties": { "latitude": -8.48930902, "longitude": 115.24592943, "area_in_me": 35.8768, "confidence": 0.7816, "full_plus": "6P3QG66W+79FP", "layer": "2dd_buildings_006", "path": "file:///C:/Users/BPN/Downloads/Compressed/2dd_buildings.csv/2dd_buildings_split/2dd_buildings_006.csv?type=csv&maxFields=10000&detectTypes=yes&wktField=geometry&crs=EPSG:4326&spatialIndex=no&subsetIndex=no&watchFile=no", "Shape_Leng": 0.00023975155, "Shape_Area": 2.93e-09 }, "geometry": { "type": "MultiPolygon", "coordinates": [ [ [ [ 115.245972875447933, -8.489324467250299 ], [ 115.245887336431451, -8.489327827117506 ], [ 115.245885980253888, -8.489293582732614 ], [ 115.245971518370993, -8.489290222865463 ], [ 115.245972875447933, -8.489324467250299 ] ] ] ] } },
{ "type": "Feature", "properties": { "latitude": -8.48821369, "longitude": 115.24527819, "area_in_me": 60.6852, "confidence": 0.8614, "full_plus": "6P3QG66W+P46H", "layer": "2dd_buildings_006", "path": "file:///C:/Users/BPN/Downloads/Compressed/2dd_buildings.csv/2dd_buildings_split/2dd_buildings_006.csv?type=csv&maxFields=10000&detectTypes=yes&wktField=geometry&crs=EPSG:4326&spatialIndex=no&subsetIndex=no&watchFile=no", "Shape_Leng": 0.00029564681, "Shape_Area": 4.96e-09 }, "geometry": { "type": "MultiPolygon", "coordinates": [ [ [ [ 115.24532699494489, -8.488238197734574 ], [ 115.245230743204274, -8.488240704145142 ], [ 115.245229389724614, -8.488189182884412 ], [ 115.245325641465229, -8.488186676473902 ], [ 115.24532699494489, -8.488238197734574 ] ] ] ] } },
{ "type": "Feature", "properties": { "latitude": -8.48945337, "longitude": 115.24552893000001, "area_in_me": 65.6398, "confidence": 0.8007, "full_plus": "6P3QG66W+666X", "layer": "2dd_buildings_006", "path": "file:///C:/Users/BPN/Downloads/Compressed/2dd_buildings.csv/2dd_buildings_split/2dd_buildings_006.csv?type=csv&maxFields=10000&detectTypes=yes&wktField=geometry&crs=EPSG:4326&spatialIndex=no&subsetIndex=no&watchFile=no", "Shape_Leng": 0.00031936441, "Shape_Area": 5.37e-09 }, "geometry": { "type": "MultiPolygon", "coordinates": [ [ [ [ 115.245568413451565, -8.489413089142715 ], [ 115.245555769882913, -8.489496119050614 ], [ 115.245480922906381, -8.489484822666384 ], [ 115.24548700232333, -8.489444900861429 ], [ 115.245509445804373, -8.489448288607605 ], [ 115.245516009955963, -8.489405179605285 ], [ 115.245568413451565, -8.489413089142715 ] ] ] ] } },
{ "type": "Feature", "properties": { "latitude": -8.49121532, "longitude": 115.24553295, "area_in_me": 58.1717, "confidence": 0.8016, "full_plus": "6P3QG65W+G676", "layer": "2dd_buildings_006", "path": "file:///C:/Users/BPN/Downloads/Compressed/2dd_buildings.csv/2dd_buildings_split/2dd_buildings_006.csv?type=csv&maxFields=10000&detectTypes=yes&wktField=geometry&crs=EPSG:4326&spatialIndex=no&subsetIndex=no&watchFile=no", "Shape_Leng": 0.00027921655, "Shape_Area": 4.76e-09 }, "geometry": { "type": "MultiPolygon", "coordinates": [ [ [ [ 115.245567059072528, -8.491207620635123 ], [ 115.245547198444569, -8.491263111503372 ], [ 115.24549154839633, -8.491243370485108 ], [ 115.245501699044212, -8.491215010364385 ], [ 115.245518695331612, -8.491167521663726 ], [ 115.24557434537985, -8.49118726268199 ], [ 115.245567059072528, -8.491207620635123 ] ] ] ] } },
{ "type": "Feature", "properties": { "latitude": -8.48703916, "longitude": 115.245324, "area_in_me": 62.1232, "confidence": 0.7499, "full_plus": "6P3QG67W+54PF", "layer": "2dd_buildings_006", "path": "file:///C:/Users/BPN/Downloads/Compressed/2dd_buildings.csv/2dd_buildings_split/2dd_buildings_006.csv?type=csv&maxFields=10000&detectTypes=yes&wktField=geometry&crs=EPSG:4326&spatialIndex=no&subsetIndex=no&watchFile=no", "Shape_Leng": 0.00032127129, "Shape_Area": 5.08e-09 }, "geometry": { "type": "MultiPolygon", "coordinates": [ [ [ [ 115.245335954890493, -8.487084964699307 ], [ 115.245291764003809, -8.487086485452892 ], [ 115.245288954521698, -8.487005559059241 ], [ 115.245368568804452, -8.487002819724296 ], [ 115.245369756808941, -8.487037038928179 ], [ 115.245369949263818, -8.487042591342458 ], [ 115.245370036498002, -8.487045099551665 ], [ 115.245334614001308, -8.487046319032345 ], [ 115.245335954890493, -8.487084964699307 ] ] ] ] } },
{ "type": "Feature", "properties": { "latitude": -8.48815854, "longitude": 115.24452898, "area_in_me": 10.0407, "confidence": 0.6741, "full_plus": "6P3QG66V+PRJQ", "layer": "2dd_buildings_006", "path": "file:///C:/Users/BPN/Downloads/Compressed/2dd_buildings.csv/2dd_buildings_split/2dd_buildings_006.csv?type=csv&maxFields=10000&detectTypes=yes&wktField=geometry&crs=EPSG:4326&spatialIndex=no&subsetIndex=no&watchFile=no", "Shape_Leng": 0.00011785645, "Shape_Area": 8.2e-10 }, "geometry": { "type": "MultiPolygon", "coordinates": [ [ [ [ 115.244547158624528, -8.488153907876494 ], [ 115.244547085779459, -8.488169920305552 ], [ 115.244510760363369, -8.488169757528226 ], [ 115.244510839503732, -8.488152274707659 ], [ 115.244510862886045, -8.488147154867249 ], [ 115.244547188302136, -8.488147318543895 ], [ 115.244547158624528, -8.488153907876494 ] ] ] ] } },
{ "type": "Feature", "properties": { "latitude": -8.48743817, "longitude": 115.24685871, "area_in_me": 93.103, "confidence": 0.89, "full_plus": "6P3QG67W+2PHF", "layer": "2dd_buildings_007", "path": "file:///C:/Users/BPN/Downloads/Compressed/2dd_buildings.csv/2dd_buildings_split/2dd_buildings_007.csv?type=csv&maxFields=10000&detectTypes=yes&wktField=geometry&crs=EPSG:4326&spatialIndex=no&subsetIndex=no&watchFile=no", "Shape_Leng": 0.00035040785, "Shape_Area": 7.61e-09 }, "geometry": { "type": "MultiPolygon", "coordinates": [ [ [ [ 115.246912524893219, -8.487469434766581 ], [ 115.246818499873939, -8.487485549718315 ], [ 115.246804901225232, -8.487406909401329 ], [ 115.246898926244512, -8.487390793550219 ], [ 115.246912524893219, -8.487469434766581 ] ] ] ] } },
{ "type": "Feature", "properties": { "latitude": -8.48636429, "longitude": 115.24562811, "area_in_me": 48.0635, "confidence": 0.7808, "full_plus": "6P3QG67W+F72C", "layer": "2dd_buildings_007", "path": "file:///C:/Users/BPN/Downloads/Compressed/2dd_buildings.csv/2dd_buildings_split/2dd_buildings_007.csv?type=csv&maxFields=10000&detectTypes=yes&wktField=geometry&crs=EPSG:4326&spatialIndex=no&subsetIndex=no&watchFile=no", "Shape_Leng": 0.00025548842, "Shape_Area": 3.93e-09 }, "geometry": { "type": "MultiPolygon", "coordinates": [ [ [ [ 115.245654900353429, -8.486401673298531 ], [ 115.245603266677449, -8.486402980912771 ], [ 115.245601323242568, -8.486326911757544 ], [ 115.245639832212532, -8.486325936892399 ], [ 115.245652956918434, -8.486325604143246 ], [ 115.245652990193435, -8.486326909958905 ], [ 115.245654900353429, -8.486401673298531 ] ] ] ] } },
{ "type": "Feature", "properties": { "latitude": -8.49243589, "longitude": 115.24508386, "area_in_me": 15.0035, "confidence": 0.7556, "full_plus": "6P3QG65W+22GG", "layer": "2dd_buildings_007", "path": "file:///C:/Users/BPN/Downloads/Compressed/2dd_buildings.csv/2dd_buildings_split/2dd_buildings_007.csv?type=csv&maxFields=10000&detectTypes=yes&wktField=geometry&crs=EPSG:4326&spatialIndex=no&subsetIndex=no&watchFile=no", "Shape_Leng": 0.00014099117, "Shape_Area": 1.23e-09 }, "geometry": { "type": "MultiPolygon", "coordinates": [ [ [ [ 115.245105272490378, -8.492422798972939 ], [ 115.245101332560466, -8.492453863355081 ], [ 115.245062455767766, -8.49244897553973 ], [ 115.245066395697677, -8.492417912056965 ], [ 115.245105272490378, -8.492422798972939 ] ] ] ] } },
{ "type": "Feature", "properties": { "latitude": -8.48729165, "longitude": 115.24575522000001, "area_in_me": 16.6247, "confidence": 0.7132, "full_plus": "6P3QG67W+38J6", "layer": "2dd_buildings_007", "path": "file:///C:/Users/BPN/Downloads/Compressed/2dd_buildings.csv/2dd_buildings_split/2dd_buildings_007.csv?type=csv&maxFields=10000&detectTypes=yes&wktField=geometry&crs=EPSG:4326&spatialIndex=no&subsetIndex=no&watchFile=no", "Shape_Leng": 0.00014971675, "Shape_Area": 1.36e-09 }, "geometry": { "type": "MultiPolygon", "coordinates": [ [ [ [ 115.245776896086909, -8.487297363882192 ], [ 115.245776353795804, -8.487308213303379 ], [ 115.24577593561105, -8.487308192618968 ], [ 115.245732537027038, -8.487306043239244 ], [ 115.245734082961576, -8.487275093970368 ], [ 115.245777900629719, -8.487277264933766 ], [ 115.245776896086909, -8.487297363882192 ] ] ] ] } },
{ "type": "Feature", "properties": { "latitude": -8.48966847, "longitude": 115.24739789, "area_in_me": 38.4632, "confidence": 0.6625, "full_plus": "6P3QG66W+4XJ8", "layer": "2dd_buildings_007", "path": "file:///C:/Users/BPN/Downloads/Compressed/2dd_buildings.csv/2dd_buildings_split/2dd_buildings_007.csv?type=csv&maxFields=10000&detectTypes=yes&wktField=geometry&crs=EPSG:4326&spatialIndex=no&subsetIndex=no&watchFile=no", "Shape_Leng": 0.00022442217, "Shape_Area": 3.15e-09 }, "geometry": { "type": "MultiPolygon", "coordinates": [ [ [ [ 115.247437659720276, -8.489669174692608 ], [ 115.247394946419718, -8.489707965150444 ], [ 115.247358119181968, -8.489667773548888 ], [ 115.247400833381789, -8.489628983091052 ], [ 115.247437659720276, -8.489669174692608 ] ] ] ] } },
{ "type": "Feature", "properties": { "latitude": -8.48750883, "longitude": 115.2458152, "area_in_me": 26.3443, "confidence": 0.7069, "full_plus": "6P3QG66W+X8WJ", "layer": "2dd_buildings_007", "path": "file:///C:/Users/BPN/Downloads/Compressed/2dd_buildings.csv/2dd_buildings_split/2dd_buildings_007.csv?type=csv&maxFields=10000&detectTypes=yes&wktField=geometry&crs=EPSG:4326&spatialIndex=no&subsetIndex=no&watchFile=no", "Shape_Leng": 0.00018583469, "Shape_Area": 2.15e-09 }, "geometry": { "type": "MultiPolygon", "coordinates": [ [ [ [ 115.245839800066733, -8.487529911476202 ], [ 115.245792030777693, -8.48753215078807 ], [ 115.245789931759987, -8.487487771943051 ], [ 115.245838367446709, -8.487485501154936 ], [ 115.245839789274896, -8.48751555379971 ], [ 115.245840466464415, -8.487529879999897 ], [ 115.245839800066733, -8.487529911476202 ] ] ] ] } },
{ "type": "Feature", "properties": { "latitude": -8.48804312, "longitude": 115.24613019, "area_in_me": 24.1155, "confidence": 0.7843, "full_plus": "6P3QG66W+QFJ6", "layer": "2dd_buildings_007", "path": "file:///C:/Users/BPN/Downloads/Compressed/2dd_buildings.csv/2dd_buildings_split/2dd_buildings_007.csv?type=csv&maxFields=10000&detectTypes=yes&wktField=geometry&crs=EPSG:4326&spatialIndex=no&subsetIndex=no&watchFile=no", "Shape_Leng": 0.00017883784, "Shape_Area": 1.97e-09 }, "geometry": { "type": "MultiPolygon", "coordinates": [ [ [ [ 115.24615589467885, -8.48806189554 ], [ 115.246106032667285, -8.488063835377659 ], [ 115.246104482236092, -8.48802434704595 ], [ 115.24615434514692, -8.488022407208291 ], [ 115.24615589467885, -8.48806189554 ] ] ] ] } },
{ "type": "Feature", "properties": { "latitude": -8.48859049, "longitude": 115.24418732, "area_in_me": 48.2112, "confidence": 0.8711, "full_plus": "6P3QG66V+HM79", "layer": "2dd_buildings_007", "path": "file:///C:/Users/BPN/Downloads/Compressed/2dd_buildings.csv/2dd_buildings_split/2dd_buildings_007.csv?type=csv&maxFields=10000&detectTypes=yes&wktField=geometry&crs=EPSG:4326&spatialIndex=no&subsetIndex=no&watchFile=no", "Shape_Leng": 0.00025559199, "Shape_Area": 3.94e-09 }, "geometry": { "type": "MultiPolygon", "coordinates": [ [ [ [ 115.244214953557275, -8.488553763545326 ], [ 115.244211682723062, -8.488629445092783 ], [ 115.244159686620264, -8.488627217472072 ], [ 115.244162957454591, -8.488551535924614 ], [ 115.244214953557275, -8.488553763545326 ] ] ] ] } },
{ "type": "Feature", "properties": { "latitude": -8.48596773, "longitude": 115.24587439, "area_in_me": 108.3714, "confidence": 0.8918, "full_plus": "6P3QG67W+J899", "layer": "2dd_buildings_007", "path": "file:///C:/Users/BPN/Downloads/Compressed/2dd_buildings.csv/2dd_buildings_split/2dd_buildings_007.csv?type=csv&maxFields=10000&detectTypes=yes&wktField=geometry&crs=EPSG:4326&spatialIndex=no&subsetIndex=no&watchFile=no", "Shape_Leng": 0.00041304824, "Shape_Area": 8.86e-09 }, "geometry": { "type": "MultiPolygon", "coordinates": [ [ [ [ 115.245945066611625, -8.486002863541273 ], [ 115.245872483228595, -8.485998082745255 ], [ 115.245799679511606, -8.485993286660801 ], [ 115.245803712970996, -8.485932598610475 ], [ 115.245949100071016, -8.485942175490948 ], [ 115.245945066611625, -8.486002863541273 ] ] ] ] } },
{ "type": "Feature", "properties": { "latitude": -8.48666826, "longitude": 115.24243793, "area_in_me": 57.2246, "confidence": 0.8571, "full_plus": "6P3QG67R+8XP6", "layer": "2dd_buildings_007", "path": "file:///C:/Users/BPN/Downloads/Compressed/2dd_buildings.csv/2dd_buildings_split/2dd_buildings_007.csv?type=csv&maxFields=10000&detectTypes=yes&wktField=geometry&crs=EPSG:4326&spatialIndex=no&subsetIndex=no&watchFile=no", "Shape_Leng": 0.00027390026, "Shape_Area": 4.68e-09 }, "geometry": { "type": "MultiPolygon", "coordinates": [ [ [ [ 115.242477056870712, -8.486696898243224 ], [ 115.242405931288772, -8.486704626117557 ], [ 115.242398804161553, -8.486639609630231 ], [ 115.242468857751646, -8.486631998667747 ], [ 115.242469929743493, -8.486631881755898 ], [ 115.242470006185954, -8.486632582327786 ], [ 115.242477056870712, -8.486696898243224 ] ] ] ] } },
{ "type": "Feature", "properties": { "latitude": -8.488469, "longitude": 115.24599978000001, "area_in_me": 27.2432, "confidence": 0.7682, "full_plus": "6P3QG66W+J999", "layer": "2dd_buildings_007", "path": "file:///C:/Users/BPN/Downloads/Compressed/2dd_buildings.csv/2dd_buildings_split/2dd_buildings_007.csv?type=csv&maxFields=10000&detectTypes=yes&wktField=geometry&crs=EPSG:4326&spatialIndex=no&subsetIndex=no&watchFile=no", "Shape_Leng": 0.00020065237, "Shape_Area": 2.23e-09 }, "geometry": { "type": "MultiPolygon", "coordinates": [ [ [ [ 115.246034039239589, -8.488484127240611 ], [ 115.245966950714319, -8.488487011366431 ], [ 115.245965512698263, -8.48845386685241 ], [ 115.246029345677812, -8.488451123020866 ], [ 115.246032601223646, -8.488450982726647 ], [ 115.246033210964015, -8.488465043626832 ], [ 115.246034039239589, -8.488484127240611 ] ] ] ] } },
{ "type": "Feature", "properties": { "latitude": -8.48826773, "longitude": 115.24613922, "area_in_me": 262.4353, "confidence": 0.8959, "full_plus": "6P3QG66W+MFR7", "layer": "2dd_buildings_007", "path": "file:///C:/Users/BPN/Downloads/Compressed/2dd_buildings.csv/2dd_buildings_split/2dd_buildings_007.csv?type=csv&maxFields=10000&detectTypes=yes&wktField=geometry&crs=EPSG:4326&spatialIndex=no&subsetIndex=no&watchFile=no", "Shape_Leng": 0.00073012871, "Shape_Area": 2.146e-08 }, "geometry": { "type": "MultiPolygon", "coordinates": [ [ [ [ 115.246087074958609, -8.488309469006765 ], [ 115.2459921605099, -8.488313550130215 ], [ 115.245991467132512, -8.488297570076725 ], [ 115.245989356423706, -8.488248913156781 ], [ 115.246112816253572, -8.488243604458717 ], [ 115.246111834193812, -8.48822095593232 ], [ 115.246265814315962, -8.488214335123416 ], [ 115.246269601361064, -8.488301620623247 ], [ 115.246208392603307, -8.48830425293886 ], [ 115.246172915247939, -8.488305778189044 ], [ 115.246148273823792, -8.488306837590414 ], [ 115.246087074958609, -8.488309469006765 ] ] ] ] } },
{ "type": "Feature", "properties": { "latitude": -8.49176647, "longitude": 115.24384391, "area_in_me": 20.6011, "confidence": 0.7383, "full_plus": "6P3QG65V+7GX6", "layer": "2dd_buildings_007", "path": "file:///C:/Users/BPN/Downloads/Compressed/2dd_buildings.csv/2dd_buildings_split/2dd_buildings_007.csv?type=csv&maxFields=10000&detectTypes=yes&wktField=geometry&crs=EPSG:4326&spatialIndex=no&subsetIndex=no&watchFile=no", "Shape_Leng": 0.00016425781, "Shape_Area": 1.68e-09 }, "geometry": { "type": "MultiPolygon", "coordinates": [ [ [ [ 115.243869279343812, -8.491752235677097 ], [ 115.243856506272778, -8.491792616136252 ], [ 115.243818551285131, -8.491780716306948 ], [ 115.243831325255542, -8.491740335847794 ], [ 115.243869279343812, -8.491752235677097 ] ] ] ] } },
{ "type": "Feature", "properties": { "latitude": -8.48944853, "longitude": 115.24633503, "area_in_me": 11.4918, "confidence": 0.6518, "full_plus": "6P3QG66W+6GG4", "layer": "2dd_buildings_007", "path": "file:///C:/Users/BPN/Downloads/Compressed/2dd_buildings.csv/2dd_buildings_split/2dd_buildings_007.csv?type=csv&maxFields=10000&detectTypes=yes&wktField=geometry&crs=EPSG:4326&spatialIndex=no&subsetIndex=no&watchFile=no", "Shape_Leng": 0.00012364356, "Shape_Area": 9.4e-10 }, "geometry": { "type": "MultiPolygon", "coordinates": [ [ [ [ 115.246328366660805, -8.489463036589825 ], [ 115.246319605465487, -8.489464245278668 ], [ 115.246319475063729, -8.489463306386426 ], [ 115.246315895761995, -8.489437560594922 ], [ 115.246350450413047, -8.489432800483314 ], [ 115.246354159217162, -8.48945948516706 ], [ 115.246328366660805, -8.489463036589825 ] ] ] ] } },
{ "type": "Feature", "properties": { "latitude": -8.48860047, "longitude": 115.24575146, "area_in_me": 125.2937, "confidence": 0.9327, "full_plus": "6P3QG66W+H82R", "layer": "2dd_buildings_007", "path": "file:///C:/Users/BPN/Downloads/Compressed/2dd_buildings.csv/2dd_buildings_split/2dd_buildings_007.csv?type=csv&maxFields=10000&detectTypes=yes&wktField=geometry&crs=EPSG:4326&spatialIndex=no&subsetIndex=no&watchFile=no", "Shape_Leng": 0.00042835916, "Shape_Area": 1.025e-08 }, "geometry": { "type": "MultiPolygon", "coordinates": [ [ [ [ 115.245824123984221, -8.488633135011128 ], [ 115.245682228052488, -8.488639854745429 ], [ 115.245678785447694, -8.488567812754297 ], [ 115.245820682278691, -8.488561093019996 ], [ 115.245824123984221, -8.488633135011128 ] ] ] ] } },
{ "type": "Feature", "properties": { "latitude": -8.48620295, "longitude": 115.24600483, "area_in_me": 77.4004, "confidence": 0.8893, "full_plus": "6P3QG67W+GC6R", "layer": "2dd_buildings_007", "path": "file:///C:/Users/BPN/Downloads/Compressed/2dd_buildings.csv/2dd_buildings_split/2dd_buildings_007.csv?type=csv&maxFields=10000&detectTypes=yes&wktField=geometry&crs=EPSG:4326&spatialIndex=no&subsetIndex=no&watchFile=no", "Shape_Leng": 0.00032053179, "Shape_Area": 6.33e-09 }, "geometry": { "type": "MultiPolygon", "coordinates": [ [ [ [ 115.245957726368033, -8.48623519349934 ], [ 115.245962404641318, -8.486164808059414 ], [ 115.246051935748255, -8.486170705813379 ], [ 115.24604725747497, -8.486241091253305 ], [ 115.245957726368033, -8.48623519349934 ] ] ] ] } },
{ "type": "Feature", "properties": { "latitude": -8.48751607, "longitude": 115.24546733, "area_in_me": 11.487, "confidence": 0.6947, "full_plus": "6P3QG66W+X5W9", "layer": "2dd_buildings_007", "path": "file:///C:/Users/BPN/Downloads/Compressed/2dd_buildings.csv/2dd_buildings_split/2dd_buildings_007.csv?type=csv&maxFields=10000&detectTypes=yes&wktField=geometry&crs=EPSG:4326&spatialIndex=no&subsetIndex=no&watchFile=no", "Shape_Leng": 0.00012661014, "Shape_Area": 9.4e-10 }, "geometry": { "type": "MultiPolygon", "coordinates": [ [ [ [ 115.245479766378139, -8.487535503460663 ], [ 115.24545603326942, -8.48753618694542 ], [ 115.245454883935849, -8.487496641956398 ], [ 115.245478617943945, -8.487495958471641 ], [ 115.245479766378139, -8.487535503460663 ] ] ] ] } },
{ "type": "Feature", "properties": { "latitude": -8.48637525, "longitude": 115.24644983, "area_in_me": 53.8503, "confidence": 0.7692, "full_plus": "6P3QG67W+CHWV", "layer": "2dd_buildings_007", "path": "file:///C:/Users/BPN/Downloads/Compressed/2dd_buildings.csv/2dd_buildings_split/2dd_buildings_007.csv?type=csv&maxFields=10000&detectTypes=yes&wktField=geometry&crs=EPSG:4326&spatialIndex=no&subsetIndex=no&watchFile=no", "Shape_Leng": 0.00026804978, "Shape_Area": 4.4e-09 }, "geometry": { "type": "MultiPolygon", "coordinates": [ [ [ [ 115.246489400165729, -8.486402099577163 ], [ 115.246413199709423, -8.486405999936892 ], [ 115.24641020047045, -8.486348400158477 ], [ 115.246486499852153, -8.486344499798804 ], [ 115.246489400165729, -8.486402099577163 ] ] ] ] } },
{ "type": "Feature", "properties": { "latitude": -8.48702064, "longitude": 115.24538518, "area_in_me": 16.7125, "confidence": 0.7273, "full_plus": "6P3QG67W+55R3", "layer": "2dd_buildings_007", "path": "file:///C:/Users/BPN/Downloads/Compressed/2dd_buildings.csv/2dd_buildings_split/2dd_buildings_007.csv?type=csv&maxFields=10000&detectTypes=yes&wktField=geometry&crs=EPSG:4326&spatialIndex=no&subsetIndex=no&watchFile=no", "Shape_Leng": 0.00014958293, "Shape_Area": 1.37e-09 }, "geometry": { "type": "MultiPolygon", "coordinates": [ [ [ [ 115.245369949263818, -8.487042591342458 ], [ 115.245369913290915, -8.487042592241778 ], [ 115.245369756808941, -8.487037038928179 ], [ 115.245368700105473, -8.486999572272396 ], [ 115.245400442576397, -8.486998685540868 ], [ 115.245401654862576, -8.487041705510251 ], [ 115.245369949263818, -8.487042591342458 ] ] ] ] } },
{ "type": "Feature", "properties": { "latitude": -8.4911732, "longitude": 115.24547317, "area_in_me": 59.8117, "confidence": 0.8564, "full_plus": "6P3QG65W+G5Q2", "layer": "2dd_buildings_007", "path": "file:///C:/Users/BPN/Downloads/Compressed/2dd_buildings.csv/2dd_buildings_split/2dd_buildings_007.csv?type=csv&maxFields=10000&detectTypes=yes&wktField=geometry&crs=EPSG:4326&spatialIndex=no&subsetIndex=no&watchFile=no", "Shape_Leng": 0.00028323611, "Shape_Area": 4.89e-09 }, "geometry": { "type": "MultiPolygon", "coordinates": [ [ [ [ 115.245518695331612, -8.491167521663726 ], [ 115.245501699044212, -8.491215010364385 ], [ 115.245424517427637, -8.491187632303365 ], [ 115.245441513714923, -8.491140142703387 ], [ 115.245444642456391, -8.491131400393783 ], [ 115.245521824072966, -8.491158779354123 ], [ 115.245518695331612, -8.491167521663726 ] ] ] ] } },
{ "type": "Feature", "properties": { "latitude": -8.49116681, "longitude": 115.24473878000001, "area_in_me": 20.7912, "confidence": 0.7005, "full_plus": "6P3QG65V+GVQ8", "layer": "2dd_buildings_007", "path": "file:///C:/Users/BPN/Downloads/Compressed/2dd_buildings.csv/2dd_buildings_split/2dd_buildings_007.csv?type=csv&maxFields=10000&detectTypes=yes&wktField=geometry&crs=EPSG:4326&spatialIndex=no&subsetIndex=no&watchFile=no", "Shape_Leng": 0.00016560136, "Shape_Area": 1.7e-09 }, "geometry": { "type": "MultiPolygon", "coordinates": [ [ [ [ 115.244762600213903, -8.491149580188903 ], [ 115.244759959804355, -8.491187174548429 ], [ 115.244714955031213, -8.491184041310419 ], [ 115.244717595440761, -8.491146446950893 ], [ 115.244762600213903, -8.491149580188903 ] ] ] ] } },
{ "type": "Feature", "properties": { "latitude": -8.48597802, "longitude": 115.24480127, "area_in_me": 27.8935, "confidence": 0.7934, "full_plus": "6P3QG67V+JW3W", "layer": "2dd_buildings_007", "path": "file:///C:/Users/BPN/Downloads/Compressed/2dd_buildings.csv/2dd_buildings_split/2dd_buildings_007.csv?type=csv&maxFields=10000&detectTypes=yes&wktField=geometry&crs=EPSG:4326&spatialIndex=no&subsetIndex=no&watchFile=no", "Shape_Leng": 0.00019184105, "Shape_Area": 2.28e-09 }, "geometry": { "type": "MultiPolygon", "coordinates": [ [ [ [ 115.244771283168234, -8.485994217459108 ], [ 115.244779933747054, -8.485951510453788 ], [ 115.244831255358235, -8.485961813986478 ], [ 115.244822604779415, -8.486004521891118 ], [ 115.244771283168234, -8.485994217459108 ] ] ] ] } },
{ "type": "Feature", "properties": { "latitude": -8.48912324, "longitude": 115.24433976, "area_in_me": 19.058, "confidence": 0.7742, "full_plus": "6P3QG66V+9P45", "layer": "2dd_buildings_007", "path": "file:///C:/Users/BPN/Downloads/Compressed/2dd_buildings.csv/2dd_buildings_split/2dd_buildings_007.csv?type=csv&maxFields=10000&detectTypes=yes&wktField=geometry&crs=EPSG:4326&spatialIndex=no&subsetIndex=no&watchFile=no", "Shape_Leng": 0.00015822719, "Shape_Area": 1.56e-09 }, "geometry": { "type": "MultiPolygon", "coordinates": [ [ [ [ 115.244364849858016, -8.489110638145405 ], [ 115.244349063158779, -8.489149629151996 ], [ 115.244314680278308, -8.489135831753174 ], [ 115.244330466977544, -8.489096840746583 ], [ 115.244364849858016, -8.489110638145405 ] ] ] ] } },
{ "type": "Feature", "properties": { "latitude": -8.49141557, "longitude": 115.24481661, "area_in_me": 41.1149, "confidence": 0.8533, "full_plus": "6P3QG65V+CWP6", "layer": "2dd_buildings_007", "path": "file:///C:/Users/BPN/Downloads/Compressed/2dd_buildings.csv/2dd_buildings_split/2dd_buildings_007.csv?type=csv&maxFields=10000&detectTypes=yes&wktField=geometry&crs=EPSG:4326&spatialIndex=no&subsetIndex=no&watchFile=no", "Shape_Leng": 0.00023272123, "Shape_Area": 3.36e-09 }, "geometry": { "type": "MultiPolygon", "coordinates": [ [ [ [ 115.244852125924922, -8.491394466481381 ], [ 115.244843189361745, -8.49144711818991 ], [ 115.244781105563675, -8.491436673463681 ], [ 115.244790043026114, -8.491384021755152 ], [ 115.244852125924922, -8.491394466481381 ] ] ] ] } },
{ "type": "Feature", "properties": { "latitude": -8.48586784, "longitude": 115.246309, "area_in_me": 39.2611, "confidence": 0.6589, "full_plus": "6P3QG67W+MG39", "layer": "2dd_buildings_007", "path": "file:///C:/Users/BPN/Downloads/Compressed/2dd_buildings.csv/2dd_buildings_split/2dd_buildings_007.csv?type=csv&maxFields=10000&detectTypes=yes&wktField=geometry&crs=EPSG:4326&spatialIndex=no&subsetIndex=no&watchFile=no", "Shape_Leng": 0.00023116474, "Shape_Area": 3.21e-09 }, "geometry": { "type": "MultiPolygon", "coordinates": [ [ [ [ 115.24633312497383, -8.48590178334058 ], [ 115.246286721754814, -8.485903020807712 ], [ 115.246284861057575, -8.485833883626754 ], [ 115.246331265175854, -8.485832646159622 ], [ 115.24633312497383, -8.48590178334058 ] ] ] ] } },
{ "type": "Feature", "properties": { "latitude": -8.4868989, "longitude": 115.24654477, "area_in_me": 22.5025, "confidence": 0.6852, "full_plus": "6P3QG67W+6JV3", "layer": "2dd_buildings_007", "path": "file:///C:/Users/BPN/Downloads/Compressed/2dd_buildings.csv/2dd_buildings_split/2dd_buildings_007.csv?type=csv&maxFields=10000&detectTypes=yes&wktField=geometry&crs=EPSG:4326&spatialIndex=no&subsetIndex=no&watchFile=no", "Shape_Leng": 0.00017165976, "Shape_Area": 1.84e-09 }, "geometry": { "type": "MultiPolygon", "coordinates": [ [ [ [ 115.246567033242059, -8.486919566784536 ], [ 115.246525473771612, -8.486922315112679 ], [ 115.246522532988593, -8.486878233043967 ], [ 115.246564091559662, -8.486875484715824 ], [ 115.246567033242059, -8.486919566784536 ] ] ] ] } },
{ "type": "Feature", "properties": { "latitude": -8.48752299, "longitude": 115.24648541000001, "area_in_me": 36.5604, "confidence": 0.8572, "full_plus": "6P3QG66W+XHX4", "layer": "2dd_buildings_007", "path": "file:///C:/Users/BPN/Downloads/Compressed/2dd_buildings.csv/2dd_buildings_split/2dd_buildings_007.csv?type=csv&maxFields=10000&detectTypes=yes&wktField=geometry&crs=EPSG:4326&spatialIndex=no&subsetIndex=no&watchFile=no", "Shape_Leng": 0.00022077283, "Shape_Area": 2.99e-09 }, "geometry": { "type": "MultiPolygon", "coordinates": [ [ [ [ 115.246455153982197, -8.487548189297456 ], [ 115.246453018092325, -8.487500569295776 ], [ 115.246515674758598, -8.48749778409541 ], [ 115.24651781064847, -8.487545404097091 ], [ 115.246455153982197, -8.487548189297456 ] ] ] ] } },
{ "type": "Feature", "properties": { "latitude": -8.49210347, "longitude": 115.24566146, "area_in_me": 62.9421, "confidence": 0.8448, "full_plus": "6P3QG65W+573R", "layer": "2dd_buildings_007", "path": "file:///C:/Users/BPN/Downloads/Compressed/2dd_buildings.csv/2dd_buildings_split/2dd_buildings_007.csv?type=csv&maxFields=10000&detectTypes=yes&wktField=geometry&crs=EPSG:4326&spatialIndex=no&subsetIndex=no&watchFile=no", "Shape_Leng": 0.00028876837, "Shape_Area": 5.15e-09 }, "geometry": { "type": "MultiPolygon", "coordinates": [ [ [ [ 115.245706908147326, -8.492079454902864 ], [ 115.245703017680171, -8.492099775084512 ], [ 115.245698150549288, -8.492125198019437 ], [ 115.245694844641434, -8.492142463204061 ], [ 115.24561601996345, -8.492127504780456 ], [ 115.245628083469342, -8.492064496479259 ], [ 115.245706908147326, -8.492079454902864 ] ] ] ] } },
{ "type": "Feature", "properties": { "latitude": -8.48884823, "longitude": 115.2461608, "area_in_me": 17.1577, "confidence": 0.8016, "full_plus": "6P3QG66W+FF72", "layer": "2dd_buildings_007", "path": "file:///C:/Users/BPN/Downloads/Compressed/2dd_buildings.csv/2dd_buildings_split/2dd_buildings_007.csv?type=csv&maxFields=10000&detectTypes=yes&wktField=geometry&crs=EPSG:4326&spatialIndex=no&subsetIndex=no&watchFile=no", "Shape_Leng": 0.00015223784, "Shape_Area": 1.4e-09 }, "geometry": { "type": "MultiPolygon", "coordinates": [ [ [ [ 115.246182572167982, -8.488858155279615 ], [ 115.246182085634814, -8.488865357949862 ], [ 115.246137382134521, -8.488862365905391 ], [ 115.246137509838263, -8.488860468335872 ], [ 115.246139449675979, -8.488831752083627 ], [ 115.246139491944064, -8.488831121658905 ], [ 115.246147298958704, -8.488831644164975 ], [ 115.246184195444357, -8.488834113703319 ], [ 115.246182572167982, -8.488858155279615 ] ] ] ] } },
{ "type": "Feature", "properties": { "latitude": -8.48767987, "longitude": 115.24542415000001, "area_in_me": 40.5135, "confidence": 0.8403, "full_plus": "6P3QG66W+W5FW", "layer": "2dd_buildings_007", "path": "file:///C:/Users/BPN/Downloads/Compressed/2dd_buildings.csv/2dd_buildings_split/2dd_buildings_007.csv?type=csv&maxFields=10000&detectTypes=yes&wktField=geometry&crs=EPSG:4326&spatialIndex=no&subsetIndex=no&watchFile=no", "Shape_Leng": 0.00025543059, "Shape_Area": 3.31e-09 }, "geometry": { "type": "MultiPolygon", "coordinates": [ [ [ [ 115.245428969971044, -8.487643575890274 ], [ 115.245429705616516, -8.487668912490278 ], [ 115.245459863481983, -8.487668044644522 ], [ 115.245460262780966, -8.487681776392833 ], [ 115.245460480416909, -8.487689280335985 ], [ 115.245460971446732, -8.487706166006717 ], [ 115.245458540579193, -8.487706236153826 ], [ 115.245396767946545, -8.487708015012856 ], [ 115.245394924336324, -8.487644556151281 ], [ 115.245428969971044, -8.487643575890274 ] ] ] ] } },
{ "type": "Feature", "properties": { "latitude": -8.48771145, "longitude": 115.24692923000001, "area_in_me": 21.8784, "confidence": 0.7202, "full_plus": "6P3QG66W+WQ7G", "layer": "2dd_buildings_007", "path": "file:///C:/Users/BPN/Downloads/Compressed/2dd_buildings.csv/2dd_buildings_split/2dd_buildings_007.csv?type=csv&maxFields=10000&detectTypes=yes&wktField=geometry&crs=EPSG:4326&spatialIndex=no&subsetIndex=no&watchFile=no", "Shape_Leng": 0.00017134874, "Shape_Area": 1.79e-09 }, "geometry": { "type": "MultiPolygon", "coordinates": [ [ [ [ 115.246912327941686, -8.487737037034606 ], [ 115.246910103918253, -8.487687468202068 ], [ 115.246946124464102, -8.48768586650948 ], [ 115.246948347588273, -8.487735435342017 ], [ 115.246912327941686, -8.487737037034606 ] ] ] ] } },
{ "type": "Feature", "properties": { "latitude": -8.49147674, "longitude": 115.24604503, "area_in_me": 59.3628, "confidence": 0.7887, "full_plus": "6P3QG65W+CC3V", "layer": "2dd_buildings_007", "path": "file:///C:/Users/BPN/Downloads/Compressed/2dd_buildings.csv/2dd_buildings_split/2dd_buildings_007.csv?type=csv&maxFields=10000&detectTypes=yes&wktField=geometry&crs=EPSG:4326&spatialIndex=no&subsetIndex=no&watchFile=no", "Shape_Leng": 0.00030725385, "Shape_Area": 4.85e-09 }, "geometry": { "type": "MultiPolygon", "coordinates": [ [ [ [ 115.2460784783392, -8.491428164977776 ], [ 115.246055037510018, -8.491534773311116 ], [ 115.246014255053865, -8.491525885311319 ], [ 115.246011584966709, -8.491525303449976 ], [ 115.246025085589281, -8.491463902237228 ], [ 115.246035025795891, -8.491418696015955 ], [ 115.2460784783392, -8.491428164977776 ] ] ] ] } },
{ "type": "Feature", "properties": { "latitude": -8.48809208, "longitude": 115.24510979, "area_in_me": 244.9082, "confidence": 0.9216, "full_plus": "6P3QG66W+Q298", "layer": "2dd_buildings_007", "path": "file:///C:/Users/BPN/Downloads/Compressed/2dd_buildings.csv/2dd_buildings_split/2dd_buildings_007.csv?type=csv&maxFields=10000&detectTypes=yes&wktField=geometry&crs=EPSG:4326&spatialIndex=no&subsetIndex=no&watchFile=no", "Shape_Leng": 0.00058059296, "Shape_Area": 2.003e-08 }, "geometry": { "type": "MultiPolygon", "coordinates": [ [ [ [ 115.245195162426853, -8.488146858990319 ], [ 115.245194700175375, -8.488154100331428 ], [ 115.245179188668658, -8.48815310208397 ], [ 115.24501760028204, -8.488142699625826 ], [ 115.245024900079102, -8.488030100009041 ], [ 115.245201900147663, -8.48804139999055 ], [ 115.245195162426853, -8.488146858990319 ] ] ] ] } },
{ "type": "Feature", "properties": { "latitude": -8.48718856, "longitude": 115.24546866, "area_in_me": 49.0328, "confidence": 0.8346, "full_plus": "6P3QG67W+45GH", "layer": "2dd_buildings_007", "path": "file:///C:/Users/BPN/Downloads/Compressed/2dd_buildings.csv/2dd_buildings_split/2dd_buildings_007.csv?type=csv&maxFields=10000&detectTypes=yes&wktField=geometry&crs=EPSG:4326&spatialIndex=no&subsetIndex=no&watchFile=no", "Shape_Leng": 0.00025349608, "Shape_Area": 4.01e-09 }, "geometry": { "type": "MultiPolygon", "coordinates": [ [ [ [ 115.245504370030744, -8.487161206524434 ], [ 115.24549854871907, -8.487221937742163 ], [ 115.245485755863001, -8.487220721858762 ], [ 115.245436029649113, -8.487215997720057 ], [ 115.245432890115808, -8.487215699145167 ], [ 115.245438670957924, -8.487155398702669 ], [ 115.245504370030744, -8.487161206524434 ] ] ] ] } },
{ "type": "Feature", "properties": { "latitude": -8.48772304, "longitude": 115.24468886, "area_in_me": 86.0789, "confidence": 0.7797, "full_plus": "6P3QG66V+WV82", "layer": "2dd_buildings_007", "path": "file:///C:/Users/BPN/Downloads/Compressed/2dd_buildings.csv/2dd_buildings_split/2dd_buildings_007.csv?type=csv&maxFields=10000&detectTypes=yes&wktField=geometry&crs=EPSG:4326&spatialIndex=no&subsetIndex=no&watchFile=no", "Shape_Leng": 0.00033559424, "Shape_Area": 7.04e-09 }, "geometry": { "type": "MultiPolygon", "coordinates": [ [ [ [ 115.244733574594875, -8.487684027395915 ], [ 115.244727862101172, -8.487767725500078 ], [ 115.244644148708517, -8.487762061569811 ], [ 115.24464986120222, -8.487678364364967 ], [ 115.244733574594875, -8.487684027395915 ] ] ] ] } },
{ "type": "Feature", "properties": { "latitude": -8.48718391, "longitude": 115.24569859, "area_in_me": 42.4956, "confidence": 0.7466, "full_plus": "6P3QG67W+47GM", "layer": "2dd_buildings_007", "path": "file:///C:/Users/BPN/Downloads/Compressed/2dd_buildings.csv/2dd_buildings_split/2dd_buildings_007.csv?type=csv&maxFields=10000&detectTypes=yes&wktField=geometry&crs=EPSG:4326&spatialIndex=no&subsetIndex=no&watchFile=no", "Shape_Leng": 0.00024838672, "Shape_Area": 3.47e-09 }, "geometry": { "type": "MultiPolygon", "coordinates": [ [ [ [ 115.245720229804874, -8.487193513769625 ], [ 115.245721286508228, -8.487223960317465 ], [ 115.245678735085562, -8.487225424413737 ], [ 115.245675903120514, -8.487143856803527 ], [ 115.245718454543066, -8.487142392707199 ], [ 115.245720229804874, -8.487193513769625 ] ] ] ] } },
{ "type": "Feature", "properties": { "latitude": -8.48547859, "longitude": 115.24198838, "area_in_me": 61.3047, "confidence": 0.8575, "full_plus": "6P3QG67R+RQ5W", "layer": "2dd_buildings_007", "path": "file:///C:/Users/BPN/Downloads/Compressed/2dd_buildings.csv/2dd_buildings_split/2dd_buildings_007.csv?type=csv&maxFields=10000&detectTypes=yes&wktField=geometry&crs=EPSG:4326&spatialIndex=no&subsetIndex=no&watchFile=no", "Shape_Leng": 0.00028467649, "Shape_Area": 5.01e-09 }, "geometry": { "type": "MultiPolygon", "coordinates": [ [ [ [ 115.242013959076985, -8.485515746654357 ], [ 115.242009834786131, -8.485524296509027 ], [ 115.242003831811417, -8.48552142587306 ], [ 115.241939128288209, -8.48549048919466 ], [ 115.241966920936761, -8.485432876825769 ], [ 115.242037626535307, -8.485466684140135 ], [ 115.242013959076985, -8.485515746654357 ] ] ] ] } },
{ "type": "Feature", "properties": { "latitude": -8.48583941, "longitude": 115.24677974, "area_in_me": 334.4086, "confidence": 0.9324, "full_plus": "6P3QG67W+MP6H", "layer": "2dd_buildings_007", "path": "file:///C:/Users/BPN/Downloads/Compressed/2dd_buildings.csv/2dd_buildings_split/2dd_buildings_007.csv?type=csv&maxFields=10000&detectTypes=yes&wktField=geometry&crs=EPSG:4326&spatialIndex=no&subsetIndex=no&watchFile=no", "Shape_Leng": 0.0006631977, "Shape_Area": 2.734e-08 }, "geometry": { "type": "MultiPolygon", "coordinates": [ [ [ [ 115.246872264043759, -8.485767576612318 ], [ 115.246864800570165, -8.485920500031 ], [ 115.246690984101747, -8.485912102161763 ], [ 115.246687191660612, -8.485911918700026 ], [ 115.246688426429841, -8.485886594690555 ], [ 115.246694679416009, -8.485758322588481 ], [ 115.246872296419383, -8.485766903919455 ], [ 115.246872264043759, -8.485767576612318 ] ] ] ] } },
{ "type": "Feature", "properties": { "latitude": -8.48804284, "longitude": 115.24547681, "area_in_me": 21.5161, "confidence": 0.6996, "full_plus": "6P3QG66W+Q5Q7", "layer": "2dd_buildings_007", "path": "file:///C:/Users/BPN/Downloads/Compressed/2dd_buildings.csv/2dd_buildings_split/2dd_buildings_007.csv?type=csv&maxFields=10000&detectTypes=yes&wktField=geometry&crs=EPSG:4326&spatialIndex=no&subsetIndex=no&watchFile=no", "Shape_Leng": 0.00016779089, "Shape_Area": 1.76e-09 }, "geometry": { "type": "MultiPolygon", "coordinates": [ [ [ [ 115.24549866293296, -8.488062892888138 ], [ 115.2454563516294, -8.488064319212924 ], [ 115.24545493879441, -8.488022783124904 ], [ 115.24546640425126, -8.488022396416397 ], [ 115.245497250098083, -8.488021356800118 ], [ 115.24549741017745, -8.488026052160535 ], [ 115.24549866293296, -8.488062892888138 ] ] ] ] } },
{ "type": "Feature", "properties": { "latitude": -8.48880254, "longitude": 115.24422427, "area_in_me": 40.6152, "confidence": 0.7107, "full_plus": "6P3QG66V+FMHR", "layer": "2dd_buildings_007", "path": "file:///C:/Users/BPN/Downloads/Compressed/2dd_buildings.csv/2dd_buildings_split/2dd_buildings_007.csv?type=csv&maxFields=10000&detectTypes=yes&wktField=geometry&crs=EPSG:4326&spatialIndex=no&subsetIndex=no&watchFile=no", "Shape_Leng": 0.00023275012, "Shape_Area": 3.32e-09 }, "geometry": { "type": "MultiPolygon", "coordinates": [ [ [ [ 115.244255982427717, -8.488822304705536 ], [ 115.244255400566317, -8.488830012794836 ], [ 115.244209132245714, -8.488826553102911 ], [ 115.244189365147122, -8.488825074617466 ], [ 115.244193138702485, -8.488775061519846 ], [ 115.24425917412168, -8.488779999697158 ], [ 115.244255982427717, -8.488822304705536 ] ] ] ] } },
{ "type": "Feature", "properties": { "latitude": -8.48875045, "longitude": 115.24577401000001, "area_in_me": 25.2396, "confidence": 0.8014, "full_plus": "6P3QG66W+F8RX", "layer": "2dd_buildings_007", "path": "file:///C:/Users/BPN/Downloads/Compressed/2dd_buildings.csv/2dd_buildings_split/2dd_buildings_007.csv?type=csv&maxFields=10000&detectTypes=yes&wktField=geometry&crs=EPSG:4326&spatialIndex=no&subsetIndex=no&watchFile=no", "Shape_Leng": 0.00018212664, "Shape_Area": 2.06e-09 }, "geometry": { "type": "MultiPolygon", "coordinates": [ [ [ [ 115.245795639757034, -8.488774388826926 ], [ 115.245753146790321, -8.488775072311682 ], [ 115.245752358084928, -8.488726514317136 ], [ 115.245794851051642, -8.48872582993306 ], [ 115.245795639757034, -8.488774388826926 ] ] ] ] } },
{ "type": "Feature", "properties": { "latitude": -8.48914146, "longitude": 115.24768575, "area_in_me": 28.5551, "confidence": 0.8266, "full_plus": "6P3QG66X+83V9", "layer": "2dd_buildings_007", "path": "file:///C:/Users/BPN/Downloads/Compressed/2dd_buildings.csv/2dd_buildings_split/2dd_buildings_007.csv?type=csv&maxFields=10000&detectTypes=yes&wktField=geometry&crs=EPSG:4326&spatialIndex=no&subsetIndex=no&watchFile=no", "Shape_Leng": 0.00019383913, "Shape_Area": 2.34e-09 }, "geometry": { "type": "MultiPolygon", "coordinates": [ [ [ [ 115.247716052953592, -8.489125169391002 ], [ 115.247706351067336, -8.489168921408577 ], [ 115.247655461130648, -8.489157735640958 ], [ 115.247665163016904, -8.489113983623383 ], [ 115.247716052953592, -8.489125169391002 ] ] ] ] } },
{ "type": "Feature", "properties": { "latitude": -8.48595851, "longitude": 115.2473205, "area_in_me": 20.8212, "confidence": 0.755, "full_plus": "6P3QG67W+JW8M", "layer": "2dd_buildings_007", "path": "file:///C:/Users/BPN/Downloads/Compressed/2dd_buildings.csv/2dd_buildings_split/2dd_buildings_007.csv?type=csv&maxFields=10000&detectTypes=yes&wktField=geometry&crs=EPSG:4326&spatialIndex=no&subsetIndex=no&watchFile=no", "Shape_Leng": 0.00016661268, "Shape_Area": 1.7e-09 }, "geometry": { "type": "MultiPolygon", "coordinates": [ [ [ [ 115.24734707730579, -8.485945129763877 ], [ 115.247340480778576, -8.485980481214199 ], [ 115.24729392557424, -8.485971871104937 ], [ 115.247300522101455, -8.485936519654615 ], [ 115.247305313689367, -8.485937405486823 ], [ 115.247314377956286, -8.485939081823119 ], [ 115.24734707730579, -8.485945129763877 ] ] ] ] } },
{ "type": "Feature", "properties": { "latitude": -8.49080283, "longitude": 115.24780367, "area_in_me": 14.3424, "confidence": 0.6779, "full_plus": "6P3QG65X+M4FW", "layer": "2dd_buildings_007", "path": "file:///C:/Users/BPN/Downloads/Compressed/2dd_buildings.csv/2dd_buildings_split/2dd_buildings_007.csv?type=csv&maxFields=10000&detectTypes=yes&wktField=geometry&crs=EPSG:4326&spatialIndex=no&subsetIndex=no&watchFile=no", "Shape_Leng": 0.00014012285, "Shape_Area": 1.17e-09 }, "geometry": { "type": "MultiPolygon", "coordinates": [ [ [ [ 115.247822859137727, -8.490819388703756 ], [ 115.247796265285501, -8.49082699876692 ], [ 115.247784503951721, -8.490786262176186 ], [ 115.247811096904684, -8.490778652113079 ], [ 115.247822859137727, -8.490819388703756 ] ] ] ] } },
{ "type": "Feature", "properties": { "latitude": -8.48929017, "longitude": 115.24586738000001, "area_in_me": 12.4207, "confidence": 0.7512, "full_plus": "6P3QG66W+78Q9", "layer": "2dd_buildings_007", "path": "file:///C:/Users/BPN/Downloads/Compressed/2dd_buildings.csv/2dd_buildings_split/2dd_buildings_007.csv?type=csv&maxFields=10000&detectTypes=yes&wktField=geometry&crs=EPSG:4326&spatialIndex=no&subsetIndex=no&watchFile=no", "Shape_Leng": 0.00013050862, "Shape_Area": 1.02e-09 }, "geometry": { "type": "MultiPolygon", "coordinates": [ [ [ [ 115.245883481037936, -8.489307440386028 ], [ 115.245858234370075, -8.48931190192269 ], [ 115.245851280812076, -8.489272900124206 ], [ 115.245876526580446, -8.489268438587544 ], [ 115.245883481037936, -8.489307440386028 ] ] ] ] } },
{ "type": "Feature", "properties": { "latitude": -8.48723999, "longitude": 115.24594953, "area_in_me": 127.4703, "confidence": 0.8993, "full_plus": "6P3QG67W+494F", "layer": "2dd_buildings_007", "path": "file:///C:/Users/BPN/Downloads/Compressed/2dd_buildings.csv/2dd_buildings_split/2dd_buildings_007.csv?type=csv&maxFields=10000&detectTypes=yes&wktField=geometry&crs=EPSG:4326&spatialIndex=no&subsetIndex=no&watchFile=no", "Shape_Leng": 0.00042397429, "Shape_Area": 1.042e-08 }, "geometry": { "type": "MultiPolygon", "coordinates": [ [ [ [ 115.2458851519782, -8.487280867617926 ], [ 115.245883608741565, -8.487280917979945 ], [ 115.245881076250726, -8.487203879355491 ], [ 115.24588106186161, -8.487203443184285 ], [ 115.246015461044749, -8.487199064385266 ], [ 115.246018007924818, -8.487276539180868 ], [ 115.2458851519782, -8.487280867617926 ] ] ] ] } },
{ "type": "Feature", "properties": { "latitude": -8.48985876, "longitude": 115.24564027, "area_in_me": 24.1586, "confidence": 0.7484, "full_plus": "6P3QG66W+372M", "layer": "2dd_buildings_007", "path": "file:///C:/Users/BPN/Downloads/Compressed/2dd_buildings.csv/2dd_buildings_split/2dd_buildings_007.csv?type=csv&maxFields=10000&detectTypes=yes&wktField=geometry&crs=EPSG:4326&spatialIndex=no&subsetIndex=no&watchFile=no", "Shape_Leng": 0.00017779362, "Shape_Area": 1.98e-09 }, "geometry": { "type": "MultiPolygon", "coordinates": [ [ [ [ 115.245620401460428, -8.489834426017921 ], [ 115.245664946679995, -8.489839260773238 ], [ 115.245660147897524, -8.489883088333841 ], [ 115.245615601778695, -8.489878253578468 ], [ 115.245620401460428, -8.489834426017921 ] ] ] ] } },
{ "type": "Feature", "properties": { "latitude": -8.48645987, "longitude": 115.24492682, "area_in_me": 51.8876, "confidence": 0.8474, "full_plus": "6P3QG67V+CX7P", "layer": "2dd_buildings_007", "path": "file:///C:/Users/BPN/Downloads/Compressed/2dd_buildings.csv/2dd_buildings_split/2dd_buildings_007.csv?type=csv&maxFields=10000&detectTypes=yes&wktField=geometry&crs=EPSG:4326&spatialIndex=no&subsetIndex=no&watchFile=no", "Shape_Leng": 0.00027747253, "Shape_Area": 4.24e-09 }, "geometry": { "type": "MultiPolygon", "coordinates": [ [ [ [ 115.244877413062227, -8.486475737864964 ], [ 115.244883963723964, -8.4864306962196 ], [ 115.244976230568682, -8.48644399719268 ], [ 115.244969679007568, -8.486489039737364 ], [ 115.244877413062227, -8.486475737864964 ] ] ] ] } },
{ "type": "Feature", "properties": { "latitude": -8.49244389, "longitude": 115.24549906, "area_in_me": 78.357, "confidence": 0.8384, "full_plus": "6P3QG65W+25H9", "layer": "2dd_buildings_007", "path": "file:///C:/Users/BPN/Downloads/Compressed/2dd_buildings.csv/2dd_buildings_split/2dd_buildings_007.csv?type=csv&maxFields=10000&detectTypes=yes&wktField=geometry&crs=EPSG:4326&spatialIndex=no&subsetIndex=no&watchFile=no", "Shape_Leng": 0.00032085211, "Shape_Area": 6.41e-09 }, "geometry": { "type": "MultiPolygon", "coordinates": [ [ [ [ 115.245548828016013, -8.492416348135919 ], [ 115.245545356632988, -8.49243210785545 ], [ 115.245532683386728, -8.492489650976552 ], [ 115.245492267853933, -8.492480828627265 ], [ 115.245449281159495, -8.492471445101046 ], [ 115.245465426688156, -8.492398141361093 ], [ 115.245548828016013, -8.492416348135919 ] ] ] ] } },
{ "type": "Feature", "properties": { "latitude": -8.48617857, "longitude": 115.24718817, "area_in_me": 190.6789, "confidence": 0.8927, "full_plus": "6P3QG67W+GVGR", "layer": "2dd_buildings_007", "path": "file:///C:/Users/BPN/Downloads/Compressed/2dd_buildings.csv/2dd_buildings_split/2dd_buildings_007.csv?type=csv&maxFields=10000&detectTypes=yes&wktField=geometry&crs=EPSG:4326&spatialIndex=no&subsetIndex=no&watchFile=no", "Shape_Leng": 0.00049950269, "Shape_Area": 1.559e-08 }, "geometry": { "type": "MultiPolygon", "coordinates": [ [ [ [ 115.247255649528711, -8.486121555165596 ], [ 115.247243739806777, -8.486247143690662 ], [ 115.247120682873287, -8.486235576610511 ], [ 115.247132592595108, -8.486109988085445 ], [ 115.247255649528711, -8.486121555165596 ] ] ] ] } },
{ "type": "Feature", "properties": { "latitude": -8.48873239, "longitude": 115.24540783, "area_in_me": 58.9134, "confidence": 0.8828, "full_plus": "6P3QG66W+G53J", "layer": "2dd_buildings_007", "path": "file:///C:/Users/BPN/Downloads/Compressed/2dd_buildings.csv/2dd_buildings_split/2dd_buildings_007.csv?type=csv&maxFields=10000&detectTypes=yes&wktField=geometry&crs=EPSG:4326&spatialIndex=no&subsetIndex=no&watchFile=no", "Shape_Leng": 0.00027774422, "Shape_Area": 4.82e-09 }, "geometry": { "type": "MultiPolygon", "coordinates": [ [ [ [ 115.245370205570566, -8.488763971080346 ], [ 115.245374194963233, -8.488696609161138 ], [ 115.245445464436671, -8.488700792807322 ], [ 115.245441475044117, -8.488768154726529 ], [ 115.245370205570566, -8.488763971080346 ] ] ] ] } },
{ "type": "Feature", "properties": { "latitude": -8.49074785, "longitude": 115.24785122, "area_in_me": 157.3383, "confidence": 0.843, "full_plus": "6P3QG65X+P452", "layer": "2dd_buildings_007", "path": "file:///C:/Users/BPN/Downloads/Compressed/2dd_buildings.csv/2dd_buildings_split/2dd_buildings_007.csv?type=csv&maxFields=10000&detectTypes=yes&wktField=geometry&crs=EPSG:4326&spatialIndex=no&subsetIndex=no&watchFile=no", "Shape_Leng": 0.00047742755, "Shape_Area": 1.287e-08 }, "geometry": { "type": "MultiPolygon", "coordinates": [ [ [ [ 115.247893449623007, -8.490681251038836 ], [ 115.247911477432808, -8.490807078783632 ], [ 115.247823567803493, -8.490819562272918 ], [ 115.247815361489756, -8.490762288049098 ], [ 115.247792778613871, -8.490765495031496 ], [ 115.247782956218543, -8.490696942409897 ], [ 115.247893449623007, -8.490681251038836 ] ] ] ] } },
{ "type": "Feature", "properties": { "latitude": -8.48681521, "longitude": 115.24674484000001, "area_in_me": 58.3139, "confidence": 0.826, "full_plus": "6P3QG67W+7MH9", "layer": "2dd_buildings_007", "path": "file:///C:/Users/BPN/Downloads/Compressed/2dd_buildings.csv/2dd_buildings_split/2dd_buildings_007.csv?type=csv&maxFields=10000&detectTypes=yes&wktField=geometry&crs=EPSG:4326&spatialIndex=no&subsetIndex=no&watchFile=no", "Shape_Leng": 0.0002790988, "Shape_Area": 4.77e-09 }, "geometry": { "type": "MultiPolygon", "coordinates": [ [ [ [ 115.246759401824988, -8.486844504869964 ], [ 115.246706275274391, -8.486846776557456 ], [ 115.246706269878473, -8.486846653350312 ], [ 115.246703698716829, -8.486787057976301 ], [ 115.246783401133143, -8.486783649545771 ], [ 115.24678597769082, -8.48684336812687 ], [ 115.246759401824988, -8.486844504869964 ] ] ] ] } },
{ "type": "Feature", "properties": { "latitude": -8.49226067, "longitude": 115.2450405, "area_in_me": 14.5777, "confidence": 0.6778, "full_plus": "6P3QG65W+32VF", "layer": "2dd_buildings_007", "path": "file:///C:/Users/BPN/Downloads/Compressed/2dd_buildings.csv/2dd_buildings_split/2dd_buildings_007.csv?type=csv&maxFields=10000&detectTypes=yes&wktField=geometry&crs=EPSG:4326&spatialIndex=no&subsetIndex=no&watchFile=no", "Shape_Leng": 0.00014000988, "Shape_Area": 1.19e-09 }, "geometry": { "type": "MultiPolygon", "coordinates": [ [ [ [ 115.245056376350703, -8.492280098147944 ], [ 115.245027183457864, -8.492281923771714 ], [ 115.245024616792648, -8.492241250133532 ], [ 115.245053809685601, -8.492239423610442 ], [ 115.245056376350703, -8.492280098147944 ] ] ] ] } },
{ "type": "Feature", "properties": { "latitude": -8.48937582, "longitude": 115.24624478, "area_in_me": 21.8414, "confidence": 0.7245, "full_plus": "6P3QG66W+6FXX", "layer": "2dd_buildings_007", "path": "file:///C:/Users/BPN/Downloads/Compressed/2dd_buildings.csv/2dd_buildings_split/2dd_buildings_007.csv?type=csv&maxFields=10000&detectTypes=yes&wktField=geometry&crs=EPSG:4326&spatialIndex=no&subsetIndex=no&watchFile=no", "Shape_Leng": 0.00016908506, "Shape_Area": 1.79e-09 }, "geometry": { "type": "MultiPolygon", "coordinates": [ [ [ [ 115.246268441235657, -8.489357524530078 ], [ 115.246262027270859, -8.489400214448267 ], [ 115.24622110541975, -8.489394120642089 ], [ 115.246227518485284, -8.4893514307239 ], [ 115.246268441235657, -8.489357524530078 ] ] ] ] } },
{ "type": "Feature", "properties": { "latitude": -8.48757327, "longitude": 115.24529324, "area_in_me": 49.6491, "confidence": 0.805, "full_plus": "6P3QG66W+X4F3", "layer": "2dd_buildings_007", "path": "file:///C:/Users/BPN/Downloads/Compressed/2dd_buildings.csv/2dd_buildings_split/2dd_buildings_007.csv?type=csv&maxFields=10000&detectTypes=yes&wktField=geometry&crs=EPSG:4326&spatialIndex=no&subsetIndex=no&watchFile=no", "Shape_Leng": 0.00025494858, "Shape_Area": 4.06e-09 }, "geometry": { "type": "MultiPolygon", "coordinates": [ [ [ [ 115.245326149582183, -8.487542440830907 ], [ 115.245322401207886, -8.487607630887396 ], [ 115.245266018212192, -8.487604417609759 ], [ 115.245260320107718, -8.487604092954484 ], [ 115.245263906604123, -8.487541718675345 ], [ 115.245264067582752, -8.487538913689889 ], [ 115.245264115246755, -8.487538916387848 ], [ 115.245296784019388, -8.487540772588545 ], [ 115.245326149582183, -8.487542440830907 ] ] ] ] } },
{ "type": "Feature", "properties": { "latitude": -8.48630043, "longitude": 115.24668289, "area_in_me": 226.0238, "confidence": 0.8961, "full_plus": "6P3QG67W+FMFX", "layer": "2dd_buildings_007", "path": "file:///C:/Users/BPN/Downloads/Compressed/2dd_buildings.csv/2dd_buildings_split/2dd_buildings_007.csv?type=csv&maxFields=10000&detectTypes=yes&wktField=geometry&crs=EPSG:4326&spatialIndex=no&subsetIndex=no&watchFile=no", "Shape_Leng": 0.00057876032, "Shape_Area": 1.848e-08 }, "geometry": { "type": "MultiPolygon", "coordinates": [ [ [ [ 115.246755144434474, -8.486367427114999 ], [ 115.246627348972993, -8.486373934609333 ], [ 115.246622654511953, -8.486282564388773 ], [ 115.2465967990031, -8.486283880996268 ], [ 115.246594539006878, -8.486239899651594 ], [ 115.246748189977097, -8.486232075549822 ], [ 115.246755144434474, -8.486367427114999 ] ] ] ] } },
{ "type": "Feature", "properties": { "latitude": -8.49032254, "longitude": 115.24597136, "area_in_me": 180.3124, "confidence": 0.8574, "full_plus": "6P3QG65W+V9H2", "layer": "2dd_buildings_007", "path": "file:///C:/Users/BPN/Downloads/Compressed/2dd_buildings.csv/2dd_buildings_split/2dd_buildings_007.csv?type=csv&maxFields=10000&detectTypes=yes&wktField=geometry&crs=EPSG:4326&spatialIndex=no&subsetIndex=no&watchFile=no", "Shape_Leng": 0.00051341509, "Shape_Area": 1.474e-08 }, "geometry": { "type": "MultiPolygon", "coordinates": [ [ [ [ 115.246037841573184, -8.490253988530696 ], [ 115.245987872542401, -8.490416421380701 ], [ 115.245904833641248, -8.490391024526105 ], [ 115.24595494296625, -8.490228634843561 ], [ 115.246037841573184, -8.490253988530696 ] ] ] ] } },
{ "type": "Feature", "properties": { "latitude": -8.4894845, "longitude": 115.24773359, "area_in_me": 35.0762, "confidence": 0.6513, "full_plus": "6P3QG66X+635M", "layer": "2dd_buildings_007", "path": "file:///C:/Users/BPN/Downloads/Compressed/2dd_buildings.csv/2dd_buildings_split/2dd_buildings_007.csv?type=csv&maxFields=10000&detectTypes=yes&wktField=geometry&crs=EPSG:4326&spatialIndex=no&subsetIndex=no&watchFile=no", "Shape_Leng": 0.00021984533, "Shape_Area": 2.87e-09 }, "geometry": { "type": "MultiPolygon", "coordinates": [ [ [ [ 115.24777347196823, -8.489483196692106 ], [ 115.247751755139461, -8.489519866548562 ], [ 115.247693711095962, -8.489485794833513 ], [ 115.247715427924732, -8.489449125876433 ], [ 115.24777347196823, -8.489483196692106 ] ] ] ] } },
{ "type": "Feature", "properties": { "latitude": -8.49186418, "longitude": 115.24506487, "area_in_me": 14.5947, "confidence": 0.7126, "full_plus": "6P3QG65W+724C", "layer": "2dd_buildings_007", "path": "file:///C:/Users/BPN/Downloads/Compressed/2dd_buildings.csv/2dd_buildings_split/2dd_buildings_007.csv?type=csv&maxFields=10000&detectTypes=yes&wktField=geometry&crs=EPSG:4326&spatialIndex=no&subsetIndex=no&watchFile=no", "Shape_Leng": 0.00014843586, "Shape_Area": 1.19e-09 }, "geometry": { "type": "MultiPolygon", "coordinates": [ [ [ [ 115.245092091127162, -8.491857840367004 ], [ 115.245087232989476, -8.491880893588302 ], [ 115.245037644371905, -8.491870536995634 ], [ 115.245042501610214, -8.491847484673656 ], [ 115.245092091127162, -8.491857840367004 ] ] ] ] } },
{ "type": "Feature", "properties": { "latitude": -8.48896414, "longitude": 115.24621913, "area_in_me": 14.1508, "confidence": 0.6545, "full_plus": "6P3QG66W+CF9C", "layer": "2dd_buildings_007", "path": "file:///C:/Users/BPN/Downloads/Compressed/2dd_buildings.csv/2dd_buildings_split/2dd_buildings_007.csv?type=csv&maxFields=10000&detectTypes=yes&wktField=geometry&crs=EPSG:4326&spatialIndex=no&subsetIndex=no&watchFile=no", "Shape_Leng": 0.00013670293, "Shape_Area": 1.16e-09 }, "geometry": { "type": "MultiPolygon", "coordinates": [ [ [ [ 115.246201217811972, -8.488980535023643 ], [ 115.246199619716776, -8.488949690076083 ], [ 115.246237035111108, -8.488947768224875 ], [ 115.246238633206417, -8.488978614071755 ], [ 115.246201217811972, -8.488980535023643 ] ] ] ] } },
{ "type": "Feature", "properties": { "latitude": -8.48736135, "longitude": 115.24636948, "area_in_me": 120.3334, "confidence": 0.7767, "full_plus": "6P3QG67W+3G5H", "layer": "2dd_buildings_007", "path": "file:///C:/Users/BPN/Downloads/Compressed/2dd_buildings.csv/2dd_buildings_split/2dd_buildings_007.csv?type=csv&maxFields=10000&detectTypes=yes&wktField=geometry&crs=EPSG:4326&spatialIndex=no&subsetIndex=no&watchFile=no", "Shape_Leng": 0.00046802959, "Shape_Area": 9.84e-09 }, "geometry": { "type": "MultiPolygon", "coordinates": [ [ [ [ 115.246425219148591, -8.487356594131484 ], [ 115.246399963487534, -8.487357716485405 ], [ 115.246387512373872, -8.48735827046778 ], [ 115.246390859650546, -8.487432889016588 ], [ 115.246330302001866, -8.487435581586794 ], [ 115.246324956431636, -8.487316410623805 ], [ 115.246366703860303, -8.487314554423108 ], [ 115.246365970912848, -8.487298208345578 ], [ 115.24642248790758, -8.487295695639773 ], [ 115.246425219148591, -8.487356594131484 ] ] ] ] } },
{ "type": "Feature", "properties": { "latitude": -8.4907027, "longitude": 115.24546967000001, "area_in_me": 14.4348, "confidence": 0.6939, "full_plus": "6P3QG65W+P59R", "layer": "2dd_buildings_007", "path": "file:///C:/Users/BPN/Downloads/Compressed/2dd_buildings.csv/2dd_buildings_split/2dd_buildings_007.csv?type=csv&maxFields=10000&detectTypes=yes&wktField=geometry&crs=EPSG:4326&spatialIndex=no&subsetIndex=no&watchFile=no", "Shape_Leng": 0.00014894764, "Shape_Area": 1.18e-09 }, "geometry": { "type": "MultiPolygon", "coordinates": [ [ [ [ 115.245491053769229, -8.49071950280279 ], [ 115.24549012566888, -8.490722094648902 ], [ 115.245441497527167, -8.490704844752713 ], [ 115.245449206515673, -8.490683305989705 ], [ 115.245497834657385, -8.490700555885894 ], [ 115.245497094515372, -8.490702623427296 ], [ 115.245491053769229, -8.49071950280279 ] ] ] ] } },
{ "type": "Feature", "properties": { "latitude": -8.4864414, "longitude": 115.24479869, "area_in_me": 32.2503, "confidence": 0.7089, "full_plus": "6P3QG67V+CWF8", "layer": "2dd_buildings_007", "path": "file:///C:/Users/BPN/Downloads/Compressed/2dd_buildings.csv/2dd_buildings_split/2dd_buildings_007.csv?type=csv&maxFields=10000&detectTypes=yes&wktField=geometry&crs=EPSG:4326&spatialIndex=no&subsetIndex=no&watchFile=no", "Shape_Leng": 0.00020691192, "Shape_Area": 2.64e-09 }, "geometry": { "type": "MultiPolygon", "coordinates": [ [ [ [ 115.244829725611453, -8.486429251009099 ], [ 115.244824083264916, -8.486468049560813 ], [ 115.24479519704073, -8.486463884800401 ], [ 115.244766735296707, -8.48645978209322 ], [ 115.244773286857708, -8.486414740447856 ], [ 115.244810048445061, -8.486420040152666 ], [ 115.244830633926654, -8.486423007915448 ], [ 115.244829725611453, -8.486429251009099 ] ] ] ] } },
{ "type": "Feature", "properties": { "latitude": -8.48587795, "longitude": 115.24550795, "area_in_me": 17.4244, "confidence": 0.8017, "full_plus": "6P3QG67W+J6RV", "layer": "2dd_buildings_007", "path": "file:///C:/Users/BPN/Downloads/Compressed/2dd_buildings.csv/2dd_buildings_split/2dd_buildings_007.csv?type=csv&maxFields=10000&detectTypes=yes&wktField=geometry&crs=EPSG:4326&spatialIndex=no&subsetIndex=no&watchFile=no", "Shape_Leng": 0.00015797824, "Shape_Area": 1.42e-09 }, "geometry": { "type": "MultiPolygon", "coordinates": [ [ [ [ 115.245481363574186, -8.485889832249939 ], [ 115.245483579503684, -8.485862044997305 ], [ 115.245534534191506, -8.485866073060777 ], [ 115.245532318261894, -8.485893860313354 ], [ 115.245481363574186, -8.485889832249939 ] ] ] ] } },
{ "type": "Feature", "properties": { "latitude": -8.48956396, "longitude": 115.24783392000001, "area_in_me": 56.3348, "confidence": 0.8208, "full_plus": "6P3QG66X+54GG", "layer": "2dd_buildings_007", "path": "file:///C:/Users/BPN/Downloads/Compressed/2dd_buildings.csv/2dd_buildings_split/2dd_buildings_007.csv?type=csv&maxFields=10000&detectTypes=yes&wktField=geometry&crs=EPSG:4326&spatialIndex=no&subsetIndex=no&watchFile=no", "Shape_Leng": 0.00027364535, "Shape_Area": 4.61e-09 }, "geometry": { "type": "MultiPolygon", "coordinates": [ [ [ [ 115.247880632485248, -8.489549760912666 ], [ 115.247859129695144, -8.489605608811758 ], [ 115.247787210011779, -8.48957816420085 ], [ 115.247808712801884, -8.489522316301816 ], [ 115.247880632485248, -8.489549760912666 ] ] ] ] } },
{ "type": "Feature", "properties": { "latitude": -8.48761683, "longitude": 115.24599696, "area_in_me": 126.0191, "confidence": 0.8462, "full_plus": "6P3QG66W+X959", "layer": "2dd_buildings_007", "path": "file:///C:/Users/BPN/Downloads/Compressed/2dd_buildings.csv/2dd_buildings_split/2dd_buildings_007.csv?type=csv&maxFields=10000&detectTypes=yes&wktField=geometry&crs=EPSG:4326&spatialIndex=no&subsetIndex=no&watchFile=no", "Shape_Leng": 0.00053580854, "Shape_Area": 1.03e-08 }, "geometry": { "type": "MultiPolygon", "coordinates": [ [ [ [ 115.246108701855178, -8.487634341651471 ], [ 115.246071200125812, -8.487636286885106 ], [ 115.246027474188622, -8.487638555874582 ], [ 115.245997131962099, -8.487640129688202 ], [ 115.245979407223899, -8.487641049694616 ], [ 115.24588765029489, -8.487645809806224 ], [ 115.245885216729448, -8.487599318453761 ], [ 115.246106269188999, -8.487587850299008 ], [ 115.246108701855178, -8.487634341651471 ] ] ] ] } },
{ "type": "Feature", "properties": { "latitude": -8.48825788, "longitude": 115.2465358, "area_in_me": 97.076, "confidence": 0.774, "full_plus": "6P3QG66W+MJVJ", "layer": "2dd_buildings_007", "path": "file:///C:/Users/BPN/Downloads/Compressed/2dd_buildings.csv/2dd_buildings_split/2dd_buildings_007.csv?type=csv&maxFields=10000&detectTypes=yes&wktField=geometry&crs=EPSG:4326&spatialIndex=no&subsetIndex=no&watchFile=no", "Shape_Leng": 0.00050770176, "Shape_Area": 7.94e-09 }, "geometry": { "type": "MultiPolygon", "coordinates": [ [ [ [ 115.246585094326747, -8.488244803255043 ], [ 115.246586912755902, -8.488277015172059 ], [ 115.246606725719857, -8.48827590630799 ], [ 115.246606811155516, -8.488277417169002 ], [ 115.246608177225653, -8.488301617925288 ], [ 115.246546427975318, -8.488305074019877 ], [ 115.246543271354994, -8.488249180255423 ], [ 115.246521008637728, -8.488250425816432 ], [ 115.246522798288538, -8.488282119723976 ], [ 115.246469775160108, -8.488285087486759 ], [ 115.246466357736267, -8.488224565811038 ], [ 115.246495524548891, -8.488222933541522 ], [ 115.246583580767719, -8.48821800525667 ], [ 115.246585094326747, -8.488244803255043 ] ] ] ] } },
{ "type": "Feature", "properties": { "latitude": -8.48600373, "longitude": 115.24501257, "area_in_me": 140.2952, "confidence": 0.8219, "full_plus": "6P3QG67W+H2RV", "layer": "2dd_buildings_007", "path": "file:///C:/Users/BPN/Downloads/Compressed/2dd_buildings.csv/2dd_buildings_split/2dd_buildings_007.csv?type=csv&maxFields=10000&detectTypes=yes&wktField=geometry&crs=EPSG:4326&spatialIndex=no&subsetIndex=no&watchFile=no", "Shape_Leng": 0.00048088531, "Shape_Area": 1.147e-08 }, "geometry": { "type": "MultiPolygon", "coordinates": [ [ [ [ 115.245099108537147, -8.486016417223823 ], [ 115.245092707162712, -8.486051548340242 ], [ 115.245016316050169, -8.48603775184074 ], [ 115.24498169754736, -8.486031499753892 ], [ 115.244944847826559, -8.486024843871405 ], [ 115.244920672251283, -8.486020477662862 ], [ 115.244926408127299, -8.485988996894662 ], [ 115.244932286995549, -8.48595673371625 ], [ 115.244932436282966, -8.485955916232513 ], [ 115.244932544201561, -8.485955936017604 ], [ 115.245090889632934, -8.485984534458623 ], [ 115.245104471194395, -8.485986986909893 ], [ 115.245103517013717, -8.485992224561471 ], [ 115.245102238177765, -8.485999241072079 ], [ 115.245099108537147, -8.486016417223823 ] ] ] ] } },
{ "type": "Feature", "properties": { "latitude": -8.4864346, "longitude": 115.24599201, "area_in_me": 18.0706, "confidence": 0.74, "full_plus": "6P3QG67W+C9HP", "layer": "2dd_buildings_007", "path": "file:///C:/Users/BPN/Downloads/Compressed/2dd_buildings.csv/2dd_buildings_split/2dd_buildings_007.csv?type=csv&maxFields=10000&detectTypes=yes&wktField=geometry&crs=EPSG:4326&spatialIndex=no&subsetIndex=no&watchFile=no", "Shape_Leng": 0.00015991755, "Shape_Area": 1.48e-09 }, "geometry": { "type": "MultiPolygon", "coordinates": [ [ [ [ 115.246016625666812, -8.486448037846628 ], [ 115.246016434111198, -8.486450799664624 ], [ 115.245979688711714, -8.486448277066302 ], [ 115.245965588241347, -8.486447309395771 ], [ 115.245967343718007, -8.486421957507275 ], [ 115.245967591031558, -8.4864183854001 ], [ 115.246018436901409, -8.486421875668952 ], [ 115.246018140125102, -8.48642615824059 ], [ 115.246016625666812, -8.486448037846628 ] ] ] ] } },
{ "type": "Feature", "properties": { "latitude": -8.4859969, "longitude": 115.24629343, "area_in_me": 42.6308, "confidence": 0.8148, "full_plus": "6P3QG67W+JG33", "layer": "2dd_buildings_008", "path": "file:///C:/Users/BPN/Downloads/Compressed/2dd_buildings.csv/2dd_buildings_split/2dd_buildings_008.csv?type=csv&maxFields=10000&detectTypes=yes&wktField=geometry&crs=EPSG:4326&spatialIndex=no&subsetIndex=no&watchFile=no", "Shape_Leng": 0.00025265621, "Shape_Area": 3.49e-09 }, "geometry": { "type": "MultiPolygon", "coordinates": [ [ [ [ 115.246336471351128, -8.486016754469574 ], [ 115.246281718826367, -8.486017401981485 ], [ 115.246250871180791, -8.486017767106205 ], [ 115.246250385546887, -8.485977047602603 ], [ 115.246335985717224, -8.485976035865292 ], [ 115.246336471351128, -8.486016754469574 ] ] ] ] } },
{ "type": "Feature", "properties": { "latitude": -8.48908451, "longitude": 115.24624258, "area_in_me": 50.9628, "confidence": 0.8178, "full_plus": "6P3QG66W+9F9Q", "layer": "2dd_buildings_008", "path": "file:///C:/Users/BPN/Downloads/Compressed/2dd_buildings.csv/2dd_buildings_split/2dd_buildings_008.csv?type=csv&maxFields=10000&detectTypes=yes&wktField=geometry&crs=EPSG:4326&spatialIndex=no&subsetIndex=no&watchFile=no", "Shape_Leng": 0.00025970797, "Shape_Area": 4.17e-09 }, "geometry": { "type": "MultiPolygon", "coordinates": [ [ [ [ 115.246245614643499, -8.489113385574228 ], [ 115.246208199249054, -8.489115307425436 ], [ 115.246205199110705, -8.48905739108568 ], [ 115.246275654697797, -8.489053774012405 ], [ 115.246276965009997, -8.489053706563254 ], [ 115.246277552267316, -8.489065041618346 ], [ 115.246279965148346, -8.489111622003691 ], [ 115.246245614643499, -8.489113385574228 ] ] ] ] } },
{ "type": "Feature", "properties": { "latitude": -8.49212913, "longitude": 115.24583597, "area_in_me": 57.1964, "confidence": 0.8665, "full_plus": "6P3QG65W+48WX", "layer": "2dd_buildings_008", "path": "file:///C:/Users/BPN/Downloads/Compressed/2dd_buildings.csv/2dd_buildings_split/2dd_buildings_008.csv?type=csv&maxFields=10000&detectTypes=yes&wktField=geometry&crs=EPSG:4326&spatialIndex=no&subsetIndex=no&watchFile=no", "Shape_Leng": 0.00030442866, "Shape_Area": 4.68e-09 }, "geometry": { "type": "MultiPolygon", "coordinates": [ [ [ [ 115.245883881236182, -8.492103797752009 ], [ 115.245874882619773, -8.492144652153911 ], [ 115.245846516203869, -8.492138460321655 ], [ 115.245839414257603, -8.492170702815656 ], [ 115.245838354856232, -8.492175513289283 ], [ 115.245835894311085, -8.492174976393983 ], [ 115.245795949123817, -8.49216625656743 ], [ 115.245813108188486, -8.49208834829858 ], [ 115.245883881236182, -8.492103797752009 ] ] ] ] } },
{ "type": "Feature", "properties": { "latitude": -8.48787046, "longitude": 115.24677824, "area_in_me": 162.0776, "confidence": 0.8656, "full_plus": "6P3QG66W+VP25", "layer": "2dd_buildings_008", "path": "file:///C:/Users/BPN/Downloads/Compressed/2dd_buildings.csv/2dd_buildings_split/2dd_buildings_008.csv?type=csv&maxFields=10000&detectTypes=yes&wktField=geometry&crs=EPSG:4326&spatialIndex=no&subsetIndex=no&watchFile=no", "Shape_Leng": 0.00050808741, "Shape_Area": 1.325e-08 }, "geometry": { "type": "MultiPolygon", "coordinates": [ [ [ [ 115.246709276312117, -8.487924739035407 ], [ 115.246705767157437, -8.487846489024207 ], [ 115.246705016223586, -8.487829752640948 ], [ 115.246803397558779, -8.48782537923779 ], [ 115.246863821208422, -8.48782269296288 ], [ 115.246866133365415, -8.487874245699857 ], [ 115.246823376897396, -8.487876146866654 ], [ 115.246825324828933, -8.487919580524192 ], [ 115.246709276312117, -8.487924739035407 ] ] ] ] } },
{ "type": "Feature", "properties": { "latitude": -8.48869377, "longitude": 115.24602589, "area_in_me": 8.9477, "confidence": 0.774, "full_plus": "6P3QG66W+GCC9", "layer": "2dd_buildings_008", "path": "file:///C:/Users/BPN/Downloads/Compressed/2dd_buildings.csv/2dd_buildings_split/2dd_buildings_008.csv?type=csv&maxFields=10000&detectTypes=yes&wktField=geometry&crs=EPSG:4326&spatialIndex=no&subsetIndex=no&watchFile=no", "Shape_Leng": 0.00011137483, "Shape_Area": 7.3e-10 }, "geometry": { "type": "MultiPolygon", "coordinates": [ [ [ [ 115.246043561261445, -8.488703621175148 ], [ 115.246009146904612, -8.488705100559912 ], [ 115.246008225998935, -8.488683879257565 ], [ 115.246042640355654, -8.4886823998728 ], [ 115.246043561261445, -8.488703621175148 ] ] ] ] } },
{ "type": "Feature", "properties": { "latitude": -8.48661202, "longitude": 115.24590121, "area_in_me": 82.4934, "confidence": 0.8921, "full_plus": "6P3QG67W+992H", "layer": "2dd_buildings_008", "path": "file:///C:/Users/BPN/Downloads/Compressed/2dd_buildings.csv/2dd_buildings_split/2dd_buildings_008.csv?type=csv&maxFields=10000&detectTypes=yes&wktField=geometry&crs=EPSG:4326&spatialIndex=no&subsetIndex=no&watchFile=no", "Shape_Leng": 0.00032979301, "Shape_Area": 6.75e-09 }, "geometry": { "type": "MultiPolygon", "coordinates": [ [ [ [ 115.245939064536287, -8.486656490804364 ], [ 115.245863825455217, -8.486657191376253 ], [ 115.245863824555954, -8.48665706367251 ], [ 115.245863555658616, -8.486601356967014 ], [ 115.245863391082707, -8.486567367989608 ], [ 115.245866639433871, -8.486567352701115 ], [ 115.245891390575252, -8.486567233990627 ], [ 115.245925670933048, -8.486567069414662 ], [ 115.245938631962304, -8.48656700736143 ], [ 115.245938638257599, -8.486568298787915 ], [ 115.245939064536287, -8.486656490804364 ] ] ] ] } },
{ "type": "Feature", "properties": { "latitude": -8.4861323, "longitude": 115.24495843, "area_in_me": 64.5065, "confidence": 0.8278, "full_plus": "6P3QG67V+GXWP", "layer": "2dd_buildings_008", "path": "file:///C:/Users/BPN/Downloads/Compressed/2dd_buildings.csv/2dd_buildings_split/2dd_buildings_008.csv?type=csv&maxFields=10000&detectTypes=yes&wktField=geometry&crs=EPSG:4326&spatialIndex=no&subsetIndex=no&watchFile=no", "Shape_Leng": 0.00031912023, "Shape_Area": 5.27e-09 }, "geometry": { "type": "MultiPolygon", "coordinates": [ [ [ [ 115.244971982171251, -8.486084821457325 ], [ 115.244968776088172, -8.486102414894503 ], [ 115.244966687862416, -8.486113871358043 ], [ 115.245001306365225, -8.486120124344211 ], [ 115.244991015423125, -8.486176600869385 ], [ 115.244919547199402, -8.486163693799369 ], [ 115.244935131551188, -8.486078166474158 ], [ 115.244971982171251, -8.486084821457325 ] ] ] ] } },
{ "type": "Feature", "properties": { "latitude": -8.48480093, "longitude": 115.2431693, "area_in_me": 79.5004, "confidence": 0.7647, "full_plus": "6P3QG68V+37FV", "layer": "2dd_buildings_008", "path": "file:///C:/Users/BPN/Downloads/Compressed/2dd_buildings.csv/2dd_buildings_split/2dd_buildings_008.csv?type=csv&maxFields=10000&detectTypes=yes&wktField=geometry&crs=EPSG:4326&spatialIndex=no&subsetIndex=no&watchFile=no", "Shape_Leng": 0.0003225173, "Shape_Area": 6.5e-09 }, "geometry": { "type": "MultiPolygon", "coordinates": [ [ [ [ 115.24322412639242, -8.484816965330651 ], [ 115.243153785918594, -8.484855676648124 ], [ 115.243114480149188, -8.484784888311879 ], [ 115.243184821522391, -8.484746176095086 ], [ 115.24322412639242, -8.484816965330651 ] ] ] ] } },
{ "type": "Feature", "properties": { "latitude": -8.49122056, "longitude": 115.24629789, "area_in_me": 21.3458, "confidence": 0.7101, "full_plus": "6P3QG65W+GG74", "layer": "2dd_buildings_008", "path": "file:///C:/Users/BPN/Downloads/Compressed/2dd_buildings.csv/2dd_buildings_split/2dd_buildings_008.csv?type=csv&maxFields=10000&detectTypes=yes&wktField=geometry&crs=EPSG:4326&spatialIndex=no&subsetIndex=no&watchFile=no", "Shape_Leng": 0.0001675962, "Shape_Area": 1.75e-09 }, "geometry": { "type": "MultiPolygon", "coordinates": [ [ [ [ 115.246324122760143, -8.491206536952063 ], [ 115.246315649347821, -8.49124433365904 ], [ 115.246273984656682, -8.491235076037867 ], [ 115.246271659009949, -8.491234558927715 ], [ 115.24627734362457, -8.491209200743981 ], [ 115.246280132422271, -8.491196762220738 ], [ 115.246324122760143, -8.491206536952063 ] ] ] ] } },
{ "type": "Feature", "properties": { "latitude": -8.48649249, "longitude": 115.24504446, "area_in_me": 25.8849, "confidence": 0.6913, "full_plus": "6P3QG67W+C237", "layer": "2dd_buildings_008", "path": "file:///C:/Users/BPN/Downloads/Compressed/2dd_buildings.csv/2dd_buildings_split/2dd_buildings_008.csv?type=csv&maxFields=10000&detectTypes=yes&wktField=geometry&crs=EPSG:4326&spatialIndex=no&subsetIndex=no&watchFile=no", "Shape_Leng": 0.00018920874, "Shape_Area": 2.12e-09 }, "geometry": { "type": "MultiPolygon", "coordinates": [ [ [ [ 115.245030861684995, -8.48652185779747 ], [ 115.245026777863586, -8.486521924347301 ], [ 115.245025816488351, -8.486463638386169 ], [ 115.245062122119293, -8.486463044833613 ], [ 115.245062952193507, -8.48651337898923 ], [ 115.245063083494529, -8.486521330794744 ], [ 115.245030861684995, -8.48652185779747 ] ] ] ] } },
{ "type": "Feature", "properties": { "latitude": -8.48675256, "longitude": 115.24609199, "area_in_me": 28.7531, "confidence": 0.8128, "full_plus": "6P3QG67W+7CWX", "layer": "2dd_buildings_008", "path": "file:///C:/Users/BPN/Downloads/Compressed/2dd_buildings.csv/2dd_buildings_split/2dd_buildings_008.csv?type=csv&maxFields=10000&detectTypes=yes&wktField=geometry&crs=EPSG:4326&spatialIndex=no&subsetIndex=no&watchFile=no", "Shape_Leng": 0.000198813, "Shape_Area": 2.35e-09 }, "geometry": { "type": "MultiPolygon", "coordinates": [ [ [ [ 115.246122981290569, -8.486770846797071 ], [ 115.246062400259575, -8.486773025854404 ], [ 115.246060993719993, -8.486734265074233 ], [ 115.246121574750987, -8.4867320860169 ], [ 115.246122981290569, -8.486770846797071 ] ] ] ] } },
{ "type": "Feature", "properties": { "latitude": -8.48975387, "longitude": 115.24763641, "area_in_me": 71.9375, "confidence": 0.6614, "full_plus": "6P3QG66X+33RV", "layer": "2dd_buildings_008", "path": "file:///C:/Users/BPN/Downloads/Compressed/2dd_buildings.csv/2dd_buildings_split/2dd_buildings_008.csv?type=csv&maxFields=10000&detectTypes=yes&wktField=geometry&crs=EPSG:4326&spatialIndex=no&subsetIndex=no&watchFile=no", "Shape_Leng": 0.00030914941, "Shape_Area": 5.88e-09 }, "geometry": { "type": "MultiPolygon", "coordinates": [ [ [ [ 115.247645529017973, -8.489808080378566 ], [ 115.247585859899573, -8.489775961091709 ], [ 115.2476272907669, -8.489699675199802 ], [ 115.247686958986037, -8.489731793587339 ], [ 115.247645529017973, -8.489808080378566 ] ] ] ] } },
{ "type": "Feature", "properties": { "latitude": -8.48837405, "longitude": 115.24454145, "area_in_me": 44.5014, "confidence": 0.7941, "full_plus": "6P3QG66V+MR33", "layer": "2dd_buildings_008", "path": "file:///C:/Users/BPN/Downloads/Compressed/2dd_buildings.csv/2dd_buildings_split/2dd_buildings_008.csv?type=csv&maxFields=10000&detectTypes=yes&wktField=geometry&crs=EPSG:4326&spatialIndex=no&subsetIndex=no&watchFile=no", "Shape_Leng": 0.000247453, "Shape_Area": 3.64e-09 }, "geometry": { "type": "MultiPolygon", "coordinates": [ [ [ [ 115.244580300440589, -8.488351700270698 ], [ 115.244578099799583, -8.488399799610988 ], [ 115.244502599915108, -8.488396400173656 ], [ 115.244504800556115, -8.488348299934046 ], [ 115.244515778580421, -8.488348794561148 ], [ 115.244538191484367, -8.488349803600499 ], [ 115.244580300440589, -8.488351700270698 ] ] ] ] } },
{ "type": "Feature", "properties": { "latitude": -8.48579022, "longitude": 115.2420847, "area_in_me": 96.048, "confidence": 0.8522, "full_plus": "6P3QG67R+MRP8", "layer": "2dd_buildings_008", "path": "file:///C:/Users/BPN/Downloads/Compressed/2dd_buildings.csv/2dd_buildings_split/2dd_buildings_008.csv?type=csv&maxFields=10000&detectTypes=yes&wktField=geometry&crs=EPSG:4326&spatialIndex=no&subsetIndex=no&watchFile=no", "Shape_Leng": 0.00036275878, "Shape_Area": 7.85e-09 }, "geometry": { "type": "MultiPolygon", "coordinates": [ [ [ [ 115.242134508700701, -8.485747484858507 ], [ 115.242103483888741, -8.485852954650113 ], [ 115.242034897992198, -8.485832957325101 ], [ 115.242065922804159, -8.485727488432815 ], [ 115.242134508700701, -8.485747484858507 ] ] ] ] } },
{ "type": "Feature", "properties": { "latitude": -8.48639986, "longitude": 115.24500845, "area_in_me": 25.8021, "confidence": 0.8248, "full_plus": "6P3QG67W+C2R3", "layer": "2dd_buildings_008", "path": "file:///C:/Users/BPN/Downloads/Compressed/2dd_buildings.csv/2dd_buildings_split/2dd_buildings_008.csv?type=csv&maxFields=10000&detectTypes=yes&wktField=geometry&crs=EPSG:4326&spatialIndex=no&subsetIndex=no&watchFile=no", "Shape_Leng": 0.00018500517, "Shape_Area": 2.11e-09 }, "geometry": { "type": "MultiPolygon", "coordinates": [ [ [ [ 115.245036278301654, -8.486382237150451 ], [ 115.245031999327352, -8.486422854131376 ], [ 115.244980617461579, -8.486417488776056 ], [ 115.244984897335257, -8.48637687179513 ], [ 115.245036278301654, -8.486382237150451 ] ] ] ] } },
{ "type": "Feature", "properties": { "latitude": -8.49237663, "longitude": 115.2455239, "area_in_me": 85.9822, "confidence": 0.8719, "full_plus": "6P3QG65W+26RX", "layer": "2dd_buildings_008", "path": "file:///C:/Users/BPN/Downloads/Compressed/2dd_buildings.csv/2dd_buildings_split/2dd_buildings_008.csv?type=csv&maxFields=10000&detectTypes=yes&wktField=geometry&crs=EPSG:4326&spatialIndex=no&subsetIndex=no&watchFile=no", "Shape_Leng": 0.00034390228, "Shape_Area": 7.03e-09 }, "geometry": { "type": "MultiPolygon", "coordinates": [ [ [ [ 115.245582385318926, -8.492355110599817 ], [ 115.245567977280416, -8.492420528184766 ], [ 115.245548828016013, -8.492416348135919 ], [ 115.245465426688156, -8.492398141361093 ], [ 115.245479834726666, -8.492332723776144 ], [ 115.245582385318926, -8.492355110599817 ] ] ] ] } },
{ "type": "Feature", "properties": { "latitude": -8.48628371, "longitude": 115.24561984, "area_in_me": 101.8472, "confidence": 0.8248, "full_plus": "6P3QG67W+F6QQ", "layer": "2dd_buildings_008", "path": "file:///C:/Users/BPN/Downloads/Compressed/2dd_buildings.csv/2dd_buildings_split/2dd_buildings_008.csv?type=csv&maxFields=10000&detectTypes=yes&wktField=geometry&crs=EPSG:4326&spatialIndex=no&subsetIndex=no&watchFile=no", "Shape_Leng": 0.00036749572, "Shape_Area": 8.33e-09 }, "geometry": { "type": "MultiPolygon", "coordinates": [ [ [ [ 115.245673956987616, -8.486246969222179 ], [ 115.245667908147539, -8.486328013427055 ], [ 115.245652990193435, -8.486326909958905 ], [ 115.245639832212532, -8.486325936892399 ], [ 115.245565709190146, -8.48632045282659 ], [ 115.245571758030223, -8.486239408621771 ], [ 115.245673956987616, -8.486246969222179 ] ] ] ] } },
{ "type": "Feature", "properties": { "latitude": -8.48643014, "longitude": 115.24648675, "area_in_me": 43.3226, "confidence": 0.7971, "full_plus": "6P3QG67W+CHHP", "layer": "2dd_buildings_008", "path": "file:///C:/Users/BPN/Downloads/Compressed/2dd_buildings.csv/2dd_buildings_split/2dd_buildings_008.csv?type=csv&maxFields=10000&detectTypes=yes&wktField=geometry&crs=EPSG:4326&spatialIndex=no&subsetIndex=no&watchFile=no", "Shape_Leng": 0.00024935053, "Shape_Area": 3.54e-09 }, "geometry": { "type": "MultiPolygon", "coordinates": [ [ [ [ 115.246527650131043, -8.486438100338034 ], [ 115.246528259871411, -8.486449961496476 ], [ 115.246447496254973, -8.486454074096173 ], [ 115.246445248849227, -8.486410324776614 ], [ 115.246526012465552, -8.486406212176917 ], [ 115.246527650131043, -8.486438100338034 ] ] ] ] } },
{ "type": "Feature", "properties": { "latitude": -8.48651787, "longitude": 115.24630647, "area_in_me": 57.8198, "confidence": 0.7378, "full_plus": "6P3QG67W+9GV9", "layer": "2dd_buildings_008", "path": "file:///C:/Users/BPN/Downloads/Compressed/2dd_buildings.csv/2dd_buildings_split/2dd_buildings_008.csv?type=csv&maxFields=10000&detectTypes=yes&wktField=geometry&crs=EPSG:4326&spatialIndex=no&subsetIndex=no&watchFile=no", "Shape_Leng": 0.0003119444, "Shape_Area": 4.73e-09 }, "geometry": { "type": "MultiPolygon", "coordinates": [ [ [ [ 115.24632999173582, -8.486574128193411 ], [ 115.246288852248767, -8.4865762290097 ], [ 115.246282947300188, -8.486461601421695 ], [ 115.24632408678724, -8.486459501504726 ], [ 115.24632999173582, -8.486574128193411 ] ] ] ] } },
{ "type": "Feature", "properties": { "latitude": -8.48831891, "longitude": 115.2461906, "area_in_me": 18.3535, "confidence": 0.7374, "full_plus": "6P3QG66W+MFG6", "layer": "2dd_buildings_008", "path": "file:///C:/Users/BPN/Downloads/Compressed/2dd_buildings.csv/2dd_buildings_split/2dd_buildings_008.csv?type=csv&maxFields=10000&detectTypes=yes&wktField=geometry&crs=EPSG:4326&spatialIndex=no&subsetIndex=no&watchFile=no", "Shape_Leng": 0.00015556542, "Shape_Area": 1.5e-09 }, "geometry": { "type": "MultiPolygon", "coordinates": [ [ [ [ 115.246208392603307, -8.48830425293886 ], [ 115.246208229826038, -8.488340141284425 ], [ 115.246172759665228, -8.488339981205115 ], [ 115.246172915247939, -8.488305778189044 ], [ 115.246172952120105, -8.488297669002179 ], [ 115.246208421381652, -8.488297829081489 ], [ 115.246208392603307, -8.48830425293886 ] ] ] ] } },
{ "type": "Feature", "properties": { "latitude": -8.49185406, "longitude": 115.24551342, "area_in_me": 17.1649, "confidence": 0.7555, "full_plus": "6P3QG65W+762V", "layer": "2dd_buildings_008", "path": "file:///C:/Users/BPN/Downloads/Compressed/2dd_buildings.csv/2dd_buildings_split/2dd_buildings_008.csv?type=csv&maxFields=10000&detectTypes=yes&wktField=geometry&crs=EPSG:4326&spatialIndex=no&subsetIndex=no&watchFile=no", "Shape_Leng": 0.00015842511, "Shape_Area": 1.4e-09 }, "geometry": { "type": "MultiPolygon", "coordinates": [ [ [ [ 115.245529103185618, -8.491829129510677 ], [ 115.24552439973138, -8.491881370229009 ], [ 115.245497744725185, -8.491878991522185 ], [ 115.245502449078799, -8.491826750803853 ], [ 115.245529103185618, -8.491829129510677 ] ] ] ] } },
{ "type": "Feature", "properties": { "latitude": -8.4861899, "longitude": 115.24581107, "area_in_me": 42.2336, "confidence": 0.8251, "full_plus": "6P3QG67W+G8FH", "layer": "2dd_buildings_008", "path": "file:///C:/Users/BPN/Downloads/Compressed/2dd_buildings.csv/2dd_buildings_split/2dd_buildings_008.csv?type=csv&maxFields=10000&detectTypes=yes&wktField=geometry&crs=EPSG:4326&spatialIndex=no&subsetIndex=no&watchFile=no", "Shape_Leng": 0.00024007418, "Shape_Area": 3.45e-09 }, "geometry": { "type": "MultiPolygon", "coordinates": [ [ [ [ 115.245837192932186, -8.486156559477593 ], [ 115.245832600993822, -8.486227459329712 ], [ 115.245830632377874, -8.486227332525345 ], [ 115.245784874872129, -8.486224395339548 ], [ 115.245788211356967, -8.486172870481539 ], [ 115.245789541454201, -8.486152334462645 ], [ 115.245791998402069, -8.486152491843995 ], [ 115.24583726847527, -8.486155397553489 ], [ 115.245837192932186, -8.486156559477593 ] ] ] ] } },
{ "type": "Feature", "properties": { "latitude": -8.48838533, "longitude": 115.24687786, "area_in_me": 48.9376, "confidence": 0.8138, "full_plus": "6P3QG66W+JQRC", "layer": "2dd_buildings_008", "path": "file:///C:/Users/BPN/Downloads/Compressed/2dd_buildings.csv/2dd_buildings_split/2dd_buildings_008.csv?type=csv&maxFields=10000&detectTypes=yes&wktField=geometry&crs=EPSG:4326&spatialIndex=no&subsetIndex=no&watchFile=no", "Shape_Leng": 0.00028395966, "Shape_Area": 4.0000000000000002e-09 }, "geometry": { "type": "MultiPolygon", "coordinates": [ [ [ [ 115.246930680406649, -8.488401135104255 ], [ 115.246827717025553, -8.488408191185044 ], [ 115.246825041542479, -8.48836950864586 ], [ 115.246928004923575, -8.48836245256507 ], [ 115.246930680406649, -8.488401135104255 ] ] ] ] } },
{ "type": "Feature", "properties": { "latitude": -8.48562474, "longitude": 115.2438126, "area_in_me": 151.4825, "confidence": 0.7731, "full_plus": "6P3QG67V+QG42", "layer": "2dd_buildings_008", "path": "file:///C:/Users/BPN/Downloads/Compressed/2dd_buildings.csv/2dd_buildings_split/2dd_buildings_008.csv?type=csv&maxFields=10000&detectTypes=yes&wktField=geometry&crs=EPSG:4326&spatialIndex=no&subsetIndex=no&watchFile=no", "Shape_Leng": 0.00044781631, "Shape_Area": 1.239e-08 }, "geometry": { "type": "MultiPolygon", "coordinates": [ [ [ [ 115.243762154799697, -8.485686257214979 ], [ 115.24374159359968, -8.485588549471913 ], [ 115.243863039847497, -8.485563218267885 ], [ 115.243883601946777, -8.485660926010894 ], [ 115.243762154799697, -8.485686257214979 ] ] ] ] } },
{ "type": "Feature", "properties": { "latitude": -8.48587381, "longitude": 115.2441719, "area_in_me": 45.3246, "confidence": 0.7213, "full_plus": "6P3QG67V+MM34", "layer": "2dd_buildings_008", "path": "file:///C:/Users/BPN/Downloads/Compressed/2dd_buildings.csv/2dd_buildings_split/2dd_buildings_008.csv?type=csv&maxFields=10000&detectTypes=yes&wktField=geometry&crs=EPSG:4326&spatialIndex=no&subsetIndex=no&watchFile=no", "Shape_Leng": 0.00027990018, "Shape_Area": 3.71e-09 }, "geometry": { "type": "MultiPolygon", "coordinates": [ [ [ [ 115.244184318151838, -8.485896426079137 ], [ 115.244125132868703, -8.48590347136809 ], [ 115.244125056426242, -8.485902835547392 ], [ 115.244122291910344, -8.485879811104326 ], [ 115.244153061314819, -8.485876148165687 ], [ 115.244149481113709, -8.485846341035767 ], [ 115.244204206658878, -8.485839827246195 ], [ 115.244210627818234, -8.485893294639766 ], [ 115.244184318151838, -8.485896426079137 ] ] ] ] } },
{ "type": "Feature", "properties": { "latitude": -8.49239991, "longitude": 115.24563055, "area_in_me": 92.8542, "confidence": 0.8584, "full_plus": "6P3QG65W+27R2", "layer": "2dd_buildings_008", "path": "file:///C:/Users/BPN/Downloads/Compressed/2dd_buildings.csv/2dd_buildings_split/2dd_buildings_008.csv?type=csv&maxFields=10000&detectTypes=yes&wktField=geometry&crs=EPSG:4326&spatialIndex=no&subsetIndex=no&watchFile=no", "Shape_Leng": 0.00036068095, "Shape_Area": 7.59e-09 }, "geometry": { "type": "MultiPolygon", "coordinates": [ [ [ [ 115.245689483782712, -8.492395851687149 ], [ 115.245678724293725, -8.492444703760043 ], [ 115.245657815056234, -8.492440139700648 ], [ 115.245632330967396, -8.492434576494475 ], [ 115.245567977280416, -8.492420528184766 ], [ 115.245582385318926, -8.492355110599817 ], [ 115.245693132332235, -8.492379286175094 ], [ 115.245689483782712, -8.492395851687149 ] ] ] ] } },
{ "type": "Feature", "properties": { "latitude": -8.48911956, "longitude": 115.24489095, "area_in_me": 99.9088, "confidence": 0.8286, "full_plus": "6P3QG66V+9X28", "layer": "2dd_buildings_008", "path": "file:///C:/Users/BPN/Downloads/Compressed/2dd_buildings.csv/2dd_buildings_split/2dd_buildings_008.csv?type=csv&maxFields=10000&detectTypes=yes&wktField=geometry&crs=EPSG:4326&spatialIndex=no&subsetIndex=no&watchFile=no", "Shape_Leng": 0.00036170823, "Shape_Area": 8.17e-09 }, "geometry": { "type": "MultiPolygon", "coordinates": [ [ [ [ 115.244945309178775, -8.489085745810485 ], [ 115.244927853337799, -8.489171746179125 ], [ 115.244836582042694, -8.489153383821588 ], [ 115.244854037883556, -8.489067383452948 ], [ 115.244945309178775, -8.489085745810485 ] ] ] ] } },
{ "type": "Feature", "properties": { "latitude": -8.4887365, "longitude": 115.24445068, "area_in_me": 62.078, "confidence": 0.8807, "full_plus": "6P3QG66V+GQ4F", "layer": "2dd_buildings_008", "path": "file:///C:/Users/BPN/Downloads/Compressed/2dd_buildings.csv/2dd_buildings_split/2dd_buildings_008.csv?type=csv&maxFields=10000&detectTypes=yes&wktField=geometry&crs=EPSG:4326&spatialIndex=no&subsetIndex=no&watchFile=no", "Shape_Leng": 0.00028550424, "Shape_Area": 5.08e-09 }, "geometry": { "type": "MultiPolygon", "coordinates": [ [ [ [ 115.244488699993553, -8.488769799586521 ], [ 115.244413100284419, -8.488770299609598 ], [ 115.244412600261398, -8.488703200292434 ], [ 115.244488299795307, -8.488702700269357 ], [ 115.244488699993553, -8.488769799586521 ] ] ] ] } },
{ "type": "Feature", "properties": { "latitude": -8.48777175, "longitude": 115.24542018, "area_in_me": 69.4146, "confidence": 0.8719, "full_plus": "6P3QG66W+V5V3", "layer": "2dd_buildings_008", "path": "file:///C:/Users/BPN/Downloads/Compressed/2dd_buildings.csv/2dd_buildings_split/2dd_buildings_008.csv?type=csv&maxFields=10000&detectTypes=yes&wktField=geometry&crs=EPSG:4326&spatialIndex=no&subsetIndex=no&watchFile=no", "Shape_Leng": 0.00030137651, "Shape_Area": 5.68e-09 }, "geometry": { "type": "MultiPolygon", "coordinates": [ [ [ [ 115.245455093477858, -8.487812016211535 ], [ 115.245380842751729, -8.487807444058262 ], [ 115.245384967941959, -8.487731552968739 ], [ 115.24545980682467, -8.487736161094915 ], [ 115.245455093477858, -8.487812016211535 ] ] ] ] } },
{ "type": "Feature", "properties": { "latitude": -8.48744811, "longitude": 115.24663237, "area_in_me": 43.518, "confidence": 0.7921, "full_plus": "6P3QG67W+2MC2", "layer": "2dd_buildings_008", "path": "file:///C:/Users/BPN/Downloads/Compressed/2dd_buildings.csv/2dd_buildings_split/2dd_buildings_008.csv?type=csv&maxFields=10000&detectTypes=yes&wktField=geometry&crs=EPSG:4326&spatialIndex=no&subsetIndex=no&watchFile=no", "Shape_Leng": 0.00024096654, "Shape_Area": 3.56e-09 }, "geometry": { "type": "MultiPolygon", "coordinates": [ [ [ [ 115.246599249655674, -8.4874755258748 ], [ 115.246596926706843, -8.487423728522231 ], [ 115.246665491918975, -8.487420679820445 ], [ 115.246667815767182, -8.487472478072334 ], [ 115.246599249655674, -8.4874755258748 ] ] ] ] } },
{ "type": "Feature", "properties": { "latitude": -8.49145493, "longitude": 115.24628835, "area_in_me": 31.7919, "confidence": 0.7569, "full_plus": "6P3QG65W+CG7R", "layer": "2dd_buildings_008", "path": "file:///C:/Users/BPN/Downloads/Compressed/2dd_buildings.csv/2dd_buildings_split/2dd_buildings_008.csv?type=csv&maxFields=10000&detectTypes=yes&wktField=geometry&crs=EPSG:4326&spatialIndex=no&subsetIndex=no&watchFile=no", "Shape_Leng": 0.00020952663, "Shape_Area": 2.6e-09 }, "geometry": { "type": "MultiPolygon", "coordinates": [ [ [ [ 115.246325046363836, -8.491444915750208 ], [ 115.246313286828808, -8.491483546128677 ], [ 115.246251648195084, -8.491464948148803 ], [ 115.246263407730112, -8.491426318669596 ], [ 115.246325046363836, -8.491444915750208 ] ] ] ] } },
{ "type": "Feature", "properties": { "latitude": -8.48489997, "longitude": 115.24258803, "area_in_me": 99.4522, "confidence": 0.8464, "full_plus": "6P3QG68V+22W5", "layer": "2dd_buildings_008", "path": "file:///C:/Users/BPN/Downloads/Compressed/2dd_buildings.csv/2dd_buildings_split/2dd_buildings_008.csv?type=csv&maxFields=10000&detectTypes=yes&wktField=geometry&crs=EPSG:4326&spatialIndex=no&subsetIndex=no&watchFile=no", "Shape_Leng": 0.0003683886, "Shape_Area": 8.13e-09 }, "geometry": { "type": "MultiPolygon", "coordinates": [ [ [ [ 115.242645373984828, -8.484866194219421 ], [ 115.24259675393705, -8.484965742874692 ], [ 115.24253068164569, -8.484933757586816 ], [ 115.242579302592844, -8.484834208931545 ], [ 115.242645373984828, -8.484866194219421 ] ] ] ] } },
{ "type": "Feature", "properties": { "latitude": -8.48861889, "longitude": 115.24621189, "area_in_me": 17.8072, "confidence": 0.7397, "full_plus": "6P3QG66W+HF49", "layer": "2dd_buildings_008", "path": "file:///C:/Users/BPN/Downloads/Compressed/2dd_buildings.csv/2dd_buildings_split/2dd_buildings_008.csv?type=csv&maxFields=10000&detectTypes=yes&wktField=geometry&crs=EPSG:4326&spatialIndex=no&subsetIndex=no&watchFile=no", "Shape_Leng": 0.00015263908, "Shape_Area": 1.46e-09 }, "geometry": { "type": "MultiPolygon", "coordinates": [ [ [ [ 115.246231286644615, -8.488637647809128 ], [ 115.246193157188486, -8.488638309710154 ], [ 115.246192488092902, -8.488600131690703 ], [ 115.246230617549031, -8.488599468890357 ], [ 115.246231286644615, -8.488637647809128 ] ] ] ] } },
{ "type": "Feature", "properties": { "latitude": -8.48767667, "longitude": 115.24593527, "area_in_me": 74.7997, "confidence": 0.8878, "full_plus": "6P3QG66W+W9FX", "layer": "2dd_buildings_008", "path": "file:///C:/Users/BPN/Downloads/Compressed/2dd_buildings.csv/2dd_buildings_split/2dd_buildings_008.csv?type=csv&maxFields=10000&detectTypes=yes&wktField=geometry&crs=EPSG:4326&spatialIndex=no&subsetIndex=no&watchFile=no", "Shape_Leng": 0.00031690388, "Shape_Area": 6.12e-09 }, "geometry": { "type": "MultiPolygon", "coordinates": [ [ [ [ 115.24588765029489, -8.487645809806224 ], [ 115.245979407223899, -8.487641049694616 ], [ 115.245982887600235, -8.487707529378952 ], [ 115.245891129771849, -8.487712290389823 ], [ 115.24588765029489, -8.487645809806224 ] ] ] ] } },
{ "type": "Feature", "properties": { "latitude": -8.48897698, "longitude": 115.24678427000001, "area_in_me": 65.4173, "confidence": 0.765, "full_plus": "6P3QG66W+CP3R", "layer": "2dd_buildings_008", "path": "file:///C:/Users/BPN/Downloads/Compressed/2dd_buildings.csv/2dd_buildings_split/2dd_buildings_008.csv?type=csv&maxFields=10000&detectTypes=yes&wktField=geometry&crs=EPSG:4326&spatialIndex=no&subsetIndex=no&watchFile=no", "Shape_Leng": 0.00032022839, "Shape_Area": 5.35e-09 }, "geometry": { "type": "MultiPolygon", "coordinates": [ [ [ [ 115.246840705034515, -8.48900041273879 ], [ 115.246728095525214, -8.48900103956629 ], [ 115.246727978613421, -8.488980222958901 ], [ 115.246727828426629, -8.488953537375778 ], [ 115.24673188077179, -8.488953514892728 ], [ 115.24684043793593, -8.488952910548335 ], [ 115.246840705034515, -8.48900041273879 ] ] ] ] } },
{ "type": "Feature", "properties": { "latitude": -8.48783837, "longitude": 115.24603131000001, "area_in_me": 124.6173, "confidence": 0.8671, "full_plus": "6P3QG66W+VC7C", "layer": "2dd_buildings_008", "path": "file:///C:/Users/BPN/Downloads/Compressed/2dd_buildings.csv/2dd_buildings_split/2dd_buildings_008.csv?type=csv&maxFields=10000&detectTypes=yes&wktField=geometry&crs=EPSG:4326&spatialIndex=no&subsetIndex=no&watchFile=no", "Shape_Leng": 0.00047923634, "Shape_Area": 1.019e-08 }, "geometry": { "type": "MultiPolygon", "coordinates": [ [ [ [ 115.246124687304587, -8.487861648895944 ], [ 115.246035448477187, -8.487865847830562 ], [ 115.24599040503324, -8.487867966633303 ], [ 115.245940553813625, -8.487870312065183 ], [ 115.245939018670811, -8.487837967048506 ], [ 115.245937933189111, -8.487815092792232 ], [ 115.24612206578081, -8.487806429622992 ], [ 115.246124687304587, -8.487861648895944 ] ] ] ] } },
{ "type": "Feature", "properties": { "latitude": -8.48835762, "longitude": 115.24659607, "area_in_me": 33.2787, "confidence": 0.6927, "full_plus": "6P3QG66W+MJ5J", "layer": "2dd_buildings_008", "path": "file:///C:/Users/BPN/Downloads/Compressed/2dd_buildings.csv/2dd_buildings_split/2dd_buildings_008.csv?type=csv&maxFields=10000&detectTypes=yes&wktField=geometry&crs=EPSG:4326&spatialIndex=no&subsetIndex=no&watchFile=no", "Shape_Leng": 0.00020896454, "Shape_Area": 2.72e-09 }, "geometry": { "type": "MultiPolygon", "coordinates": [ [ [ [ 115.246622636525558, -8.488383379789127 ], [ 115.246573306912637, -8.488386760340688 ], [ 115.246569509974961, -8.488331854931118 ], [ 115.246618840487145, -8.488328474379557 ], [ 115.246622636525558, -8.488383379789127 ] ] ] ] } },
{ "type": "Feature", "properties": { "latitude": -8.48646208, "longitude": 115.24567936, "area_in_me": 90.3338, "confidence": 0.8844, "full_plus": "6P3QG67W+C77G", "layer": "2dd_buildings_008", "path": "file:///C:/Users/BPN/Downloads/Compressed/2dd_buildings.csv/2dd_buildings_split/2dd_buildings_008.csv?type=csv&maxFields=10000&detectTypes=yes&wktField=geometry&crs=EPSG:4326&spatialIndex=no&subsetIndex=no&watchFile=no", "Shape_Leng": 0.00034455156, "Shape_Area": 7.39e-09 }, "geometry": { "type": "MultiPolygon", "coordinates": [ [ [ [ 115.245726677943935, -8.48644519329099 ], [ 115.245722172340493, -8.48650555848468 ], [ 115.245630556604965, -8.486498781193745 ], [ 115.245636540693909, -8.486418594942165 ], [ 115.245728157328699, -8.4864253722331 ], [ 115.245726677943935, -8.48644519329099 ] ] ] ] } },
{ "type": "Feature", "properties": { "latitude": -8.48596945, "longitude": 115.24327315, "area_in_me": 228.3605, "confidence": 0.8853, "full_plus": "6P3QG67V+J868", "layer": "2dd_buildings_008", "path": "file:///C:/Users/BPN/Downloads/Compressed/2dd_buildings.csv/2dd_buildings_split/2dd_buildings_008.csv?type=csv&maxFields=10000&detectTypes=yes&wktField=geometry&crs=EPSG:4326&spatialIndex=no&subsetIndex=no&watchFile=no", "Shape_Leng": 0.00057087425, "Shape_Area": 1.867e-08 }, "geometry": { "type": "MultiPolygon", "coordinates": [ [ [ [ 115.243336306025753, -8.486053442312482 ], [ 115.243235737539294, -8.486067533789594 ], [ 115.243222971662817, -8.485977198688715 ], [ 115.243209998043085, -8.485885457947461 ], [ 115.24321100618306, -8.485885316753922 ], [ 115.243310566529431, -8.485871366470349 ], [ 115.243336306025753, -8.486053442312482 ] ] ] ] } },
{ "type": "Feature", "properties": { "latitude": -8.48599084, "longitude": 115.24704008, "area_in_me": 179.4099, "confidence": 0.8402, "full_plus": "6P3QG67W+JR37", "layer": "2dd_buildings_008", "path": "file:///C:/Users/BPN/Downloads/Compressed/2dd_buildings.csv/2dd_buildings_split/2dd_buildings_008.csv?type=csv&maxFields=10000&detectTypes=yes&wktField=geometry&crs=EPSG:4326&spatialIndex=no&subsetIndex=no&watchFile=no", "Shape_Leng": 0.00051563846, "Shape_Area": 1.467e-08 }, "geometry": { "type": "MultiPolygon", "coordinates": [ [ [ [ 115.247093752674573, -8.485931529316588 ], [ 115.247098004669283, -8.486063213446471 ], [ 115.247018734826838, -8.486065750433966 ], [ 115.247017279723764, -8.486020687204928 ], [ 115.246975294874005, -8.486021912081526 ], [ 115.246972340601133, -8.485930428546396 ], [ 115.24703339827272, -8.485928646989407 ], [ 115.24709360248778, -8.485926890613484 ], [ 115.247093752674573, -8.485931529316588 ] ] ] ] } },
{ "type": "Feature", "properties": { "latitude": -8.48806889, "longitude": 115.24540465, "area_in_me": 65.8708, "confidence": 0.8714, "full_plus": "6P3QG66W+Q5C9", "layer": "2dd_buildings_008", "path": "file:///C:/Users/BPN/Downloads/Compressed/2dd_buildings.csv/2dd_buildings_split/2dd_buildings_008.csv?type=csv&maxFields=10000&detectTypes=yes&wktField=geometry&crs=EPSG:4326&spatialIndex=no&subsetIndex=no&watchFile=no", "Shape_Leng": 0.00029662145, "Shape_Area": 5.39e-09 }, "geometry": { "type": "MultiPolygon", "coordinates": [ [ [ [ 115.245448490655349, -8.488039136396992 ], [ 115.245445486919721, -8.488102613244962 ], [ 115.245360817547748, -8.488098642738123 ], [ 115.245363820384114, -8.488035165890153 ], [ 115.245448490655349, -8.488039136396992 ] ] ] ] } },
{ "type": "Feature", "properties": { "latitude": -8.49115627, "longitude": 115.24701366, "area_in_me": 45.5015, "confidence": 0.6991, "full_plus": "6P3QG65W+GRJM", "layer": "2dd_buildings_008", "path": "file:///C:/Users/BPN/Downloads/Compressed/2dd_buildings.csv/2dd_buildings_split/2dd_buildings_008.csv?type=csv&maxFields=10000&detectTypes=yes&wktField=geometry&crs=EPSG:4326&spatialIndex=no&subsetIndex=no&watchFile=no", "Shape_Leng": 0.00024953405, "Shape_Area": 3.72e-09 }, "geometry": { "type": "MultiPolygon", "coordinates": [ [ [ [ 115.24704937832621, -8.491128691635765 ], [ 115.24702455433976, -8.491199944921448 ], [ 115.246977941578848, -8.491183849754805 ], [ 115.247002765565185, -8.491112596469122 ], [ 115.24704937832621, -8.491128691635765 ] ] ] ] } },
{ "type": "Feature", "properties": { "latitude": -8.48983696, "longitude": 115.24625426, "area_in_me": 17.1597, "confidence": 0.7365, "full_plus": "6P3QG66W+3G6C", "layer": "2dd_buildings_008", "path": "file:///C:/Users/BPN/Downloads/Compressed/2dd_buildings.csv/2dd_buildings_split/2dd_buildings_008.csv?type=csv&maxFields=10000&detectTypes=yes&wktField=geometry&crs=EPSG:4326&spatialIndex=no&subsetIndex=no&watchFile=no", "Shape_Leng": 0.00015016459, "Shape_Area": 1.4e-09 }, "geometry": { "type": "MultiPolygon", "coordinates": [ [ [ [ 115.246234737343343, -8.48985503847922 ], [ 115.246238916492871, -8.489815239881352 ], [ 115.246273792201805, -8.489818868645841 ], [ 115.24626961395154, -8.489858668142972 ], [ 115.246234737343343, -8.48985503847922 ] ] ] ] } },
{ "type": "Feature", "properties": { "latitude": -8.48889386, "longitude": 115.24586326, "area_in_me": 52.0963, "confidence": 0.8206, "full_plus": "6P3QG66W+C8X8", "layer": "2dd_buildings_008", "path": "file:///C:/Users/BPN/Downloads/Compressed/2dd_buildings.csv/2dd_buildings_split/2dd_buildings_008.csv?type=csv&maxFields=10000&detectTypes=yes&wktField=geometry&crs=EPSG:4326&spatialIndex=no&subsetIndex=no&watchFile=no", "Shape_Leng": 0.00028487798, "Shape_Area": 4.26e-09 }, "geometry": { "type": "MultiPolygon", "coordinates": [ [ [ [ 115.245819627373976, -8.488906706978923 ], [ 115.245817802649526, -8.488868040627551 ], [ 115.245897626474289, -8.488864307541689 ], [ 115.24590057445198, -8.488926764558471 ], [ 115.245851639641501, -8.488929054232415 ], [ 115.245850517287636, -8.488905261768366 ], [ 115.245819627373976, -8.488906706978923 ] ] ] ] } },
{ "type": "Feature", "properties": { "latitude": -8.48965652, "longitude": 115.24599874, "area_in_me": 133.3078, "confidence": 0.8455, "full_plus": "6P3QG66W+49QQ", "layer": "2dd_buildings_008", "path": "file:///C:/Users/BPN/Downloads/Compressed/2dd_buildings.csv/2dd_buildings_split/2dd_buildings_008.csv?type=csv&maxFields=10000&detectTypes=yes&wktField=geometry&crs=EPSG:4326&spatialIndex=no&subsetIndex=no&watchFile=no", "Shape_Leng": 0.00041936333, "Shape_Area": 1.09e-08 }, "geometry": { "type": "MultiPolygon", "coordinates": [ [ [ [ 115.246050426685883, -8.489602919838831 ], [ 115.246042142131159, -8.48971697276005 ], [ 115.245947060408525, -8.489710128019965 ], [ 115.245955344963249, -8.489596074199426 ], [ 115.246050426685883, -8.489602919838831 ] ] ] ] } },
{ "type": "Feature", "properties": { "latitude": -8.48876944, "longitude": 115.24522942, "area_in_me": 48.8302, "confidence": 0.8046, "full_plus": "6P3QG66W+F3X7", "layer": "2dd_buildings_008", "path": "file:///C:/Users/BPN/Downloads/Compressed/2dd_buildings.csv/2dd_buildings_split/2dd_buildings_008.csv?type=csv&maxFields=10000&detectTypes=yes&wktField=geometry&crs=EPSG:4326&spatialIndex=no&subsetIndex=no&watchFile=no", "Shape_Leng": 0.00027724971, "Shape_Area": 3.99e-09 }, "geometry": { "type": "MultiPolygon", "coordinates": [ [ [ [ 115.245252692957479, -8.488721827050654 ], [ 115.245246911215986, -8.488819450257381 ], [ 115.24520615034362, -8.488817057161384 ], [ 115.245211932085112, -8.488719434853977 ], [ 115.245252692957479, -8.488721827050654 ] ] ] ] } },
{ "type": "Feature", "properties": { "latitude": -8.48879195, "longitude": 115.24514743, "area_in_me": 32.795, "confidence": 0.7941, "full_plus": "6P3QG66W+F3J8", "layer": "2dd_buildings_008", "path": "file:///C:/Users/BPN/Downloads/Compressed/2dd_buildings.csv/2dd_buildings_split/2dd_buildings_008.csv?type=csv&maxFields=10000&detectTypes=yes&wktField=geometry&crs=EPSG:4326&spatialIndex=no&subsetIndex=no&watchFile=no", "Shape_Leng": 0.00022063832, "Shape_Area": 2.68e-09 }, "geometry": { "type": "MultiPolygon", "coordinates": [ [ [ [ 115.245184588198299, -8.488774034494043 ], [ 115.245184423622277, -8.488810198931503 ], [ 115.245110270023019, -8.488809865283031 ], [ 115.245110434598928, -8.48877370084557 ], [ 115.245184588198299, -8.488774034494043 ] ] ] ] } },
{ "type": "Feature", "properties": { "latitude": -8.48725145, "longitude": 115.2466424, "area_in_me": 34.4634, "confidence": 0.7873, "full_plus": "6P3QG67W+3MRW", "layer": "2dd_buildings_008", "path": "file:///C:/Users/BPN/Downloads/Compressed/2dd_buildings.csv/2dd_buildings_split/2dd_buildings_008.csv?type=csv&maxFields=10000&detectTypes=yes&wktField=geometry&crs=EPSG:4326&spatialIndex=no&subsetIndex=no&watchFile=no", "Shape_Leng": 0.00022807078, "Shape_Area": 2.82e-09 }, "geometry": { "type": "MultiPolygon", "coordinates": [ [ [ [ 115.246611899519621, -8.487274074139179 ], [ 115.246610422832759, -8.487241148160422 ], [ 115.246609842770113, -8.487228208714839 ], [ 115.246656765797184, -8.487226123186986 ], [ 115.246657421402915, -8.487240738069545 ], [ 115.246678554571645, -8.48723979827804 ], [ 115.246679956614798, -8.487271048819821 ], [ 115.246611899519621, -8.487274074139179 ] ] ] ] } },
{ "type": "Feature", "properties": { "latitude": -8.48620813, "longitude": 115.24645211000001, "area_in_me": 61.5977, "confidence": 0.7903, "full_plus": "6P3QG67W+GH8M", "layer": "2dd_buildings_008", "path": "file:///C:/Users/BPN/Downloads/Compressed/2dd_buildings.csv/2dd_buildings_split/2dd_buildings_008.csv?type=csv&maxFields=10000&detectTypes=yes&wktField=geometry&crs=EPSG:4326&spatialIndex=no&subsetIndex=no&watchFile=no", "Shape_Leng": 0.00029886689, "Shape_Area": 5.04e-09 }, "geometry": { "type": "MultiPolygon", "coordinates": [ [ [ [ 115.246502401664543, -8.486231282347774 ], [ 115.24640445470186, -8.486236269987842 ], [ 115.246401819688344, -8.486184978054268 ], [ 115.246499766651027, -8.4861799904142 ], [ 115.246502401664543, -8.486231282347774 ] ] ] ] } },
{ "type": "Feature", "properties": { "latitude": -8.48820532, "longitude": 115.24536579, "area_in_me": 61.78, "confidence": 0.8633, "full_plus": "6P3QG66W+P49P", "layer": "2dd_buildings_008", "path": "file:///C:/Users/BPN/Downloads/Compressed/2dd_buildings.csv/2dd_buildings_split/2dd_buildings_008.csv?type=csv&maxFields=10000&detectTypes=yes&wktField=geometry&crs=EPSG:4326&spatialIndex=no&subsetIndex=no&watchFile=no", "Shape_Leng": 0.00028601017, "Shape_Area": 5.05e-09 }, "geometry": { "type": "MultiPolygon", "coordinates": [ [ [ [ 115.245406259391416, -8.488236133790508 ], [ 115.24532699494489, -8.488238197734574 ], [ 115.245325641465229, -8.488186676473902 ], [ 115.245325321306609, -8.488174505948621 ], [ 115.24540054599845, -8.488172547225247 ], [ 115.245404585753136, -8.488172442004554 ], [ 115.245404750329044, -8.488178722869691 ], [ 115.245404905012379, -8.488184612529778 ], [ 115.245406259391416, -8.488236133790508 ] ] ] ] } },
{ "type": "Feature", "properties": { "latitude": -8.48534562, "longitude": 115.24291509, "area_in_me": 113.0361, "confidence": 0.8628, "full_plus": "6P3QG67V+V573", "layer": "2dd_buildings_008", "path": "file:///C:/Users/BPN/Downloads/Compressed/2dd_buildings.csv/2dd_buildings_split/2dd_buildings_008.csv?type=csv&maxFields=10000&detectTypes=yes&wktField=geometry&crs=EPSG:4326&spatialIndex=no&subsetIndex=no&watchFile=no", "Shape_Leng": 0.00039762072, "Shape_Area": 9.24e-09 }, "geometry": { "type": "MultiPolygon", "coordinates": [ [ [ [ 115.242987668546107, -8.485342551617407 ], [ 115.242952318894481, -8.485407727284723 ], [ 115.242842514370636, -8.48534869848362 ], [ 115.242877863122999, -8.485283522816303 ], [ 115.242987668546107, -8.485342551617407 ] ] ] ] } },
{ "type": "Feature", "properties": { "latitude": -8.48730796, "longitude": 115.24683293, "area_in_me": 52.1882, "confidence": 0.839, "full_plus": "6P3QG67W+3PGP", "layer": "2dd_buildings_008", "path": "file:///C:/Users/BPN/Downloads/Compressed/2dd_buildings.csv/2dd_buildings_split/2dd_buildings_008.csv?type=csv&maxFields=10000&detectTypes=yes&wktField=geometry&crs=EPSG:4326&spatialIndex=no&subsetIndex=no&watchFile=no", "Shape_Leng": 0.00026193271, "Shape_Area": 4.27e-09 }, "geometry": { "type": "MultiPolygon", "coordinates": [ [ [ [ 115.246796595986211, -8.487279063577887 ], [ 115.246866533563775, -8.487275954621566 ], [ 115.246869264804786, -8.48733685311322 ], [ 115.246799327227222, -8.487339962069541 ], [ 115.246796595986211, -8.487279063577887 ] ] ] ] } },
{ "type": "Feature", "properties": { "latitude": -8.48730356, "longitude": 115.2452646, "area_in_me": 61.1677, "confidence": 0.9063, "full_plus": "6P3QG67W+34CV", "layer": "2dd_buildings_008", "path": "file:///C:/Users/BPN/Downloads/Compressed/2dd_buildings.csv/2dd_buildings_split/2dd_buildings_008.csv?type=csv&maxFields=10000&detectTypes=yes&wktField=geometry&crs=EPSG:4326&spatialIndex=no&subsetIndex=no&watchFile=no", "Shape_Leng": 0.00028462512, "Shape_Area": 5.0000000000000001e-09 }, "geometry": { "type": "MultiPolygon", "coordinates": [ [ [ [ 115.245306539864941, -8.487275188399167 ], [ 115.245301396642162, -8.487338301921056 ], [ 115.245222663695017, -8.487331942814876 ], [ 115.245227806917796, -8.487268828393667 ], [ 115.245306539864941, -8.487275188399167 ] ] ] ] } },
{ "type": "Feature", "properties": { "latitude": -8.48575959, "longitude": 115.24401704, "area_in_me": 384.1564, "confidence": 0.9228, "full_plus": "6P3QG67V+MJRP", "layer": "2dd_buildings_008", "path": "file:///C:/Users/BPN/Downloads/Compressed/2dd_buildings.csv/2dd_buildings_split/2dd_buildings_008.csv?type=csv&maxFields=10000&detectTypes=yes&wktField=geometry&crs=EPSG:4326&spatialIndex=no&subsetIndex=no&watchFile=no", "Shape_Leng": 0.00103355274, "Shape_Area": 3.141e-08 }, "geometry": { "type": "MultiPolygon", "coordinates": [ [ [ [ 115.244227290457161, -8.485699220042932 ], [ 115.244235504864719, -8.485767617981139 ], [ 115.244220050914691, -8.485769457094705 ], [ 115.244110603421632, -8.485782484673905 ], [ 115.244007297398866, -8.485794782003552 ], [ 115.24397628247948, -8.485798473720536 ], [ 115.243946273901429, -8.485802045827711 ], [ 115.243946551791964, -8.485804360682664 ], [ 115.24394946109885, -8.485828589317919 ], [ 115.243948736245216, -8.48582867565284 ], [ 115.243869763179077, -8.485838075366814 ], [ 115.24386657598177, -8.485811532775983 ], [ 115.243839561246773, -8.48581474785226 ], [ 115.243831346839215, -8.485746349914052 ], [ 115.243858361574212, -8.485743133938456 ], [ 115.24385568878904, -8.485720879315068 ], [ 115.243935386708813, -8.485711393266115 ], [ 115.243938059493871, -8.485733647889504 ], [ 115.244041158672644, -8.485721375740866 ], [ 115.244133158418549, -8.485710424696322 ], [ 115.244227290457161, -8.485699220042932 ] ] ] ] } },
{ "type": "Feature", "properties": { "latitude": -8.4868471, "longitude": 115.24502851, "area_in_me": 21.2915, "confidence": 0.708, "full_plus": "6P3QG67W+7265", "layer": "2dd_buildings_008", "path": "file:///C:/Users/BPN/Downloads/Compressed/2dd_buildings.csv/2dd_buildings_split/2dd_buildings_008.csv?type=csv&maxFields=10000&detectTypes=yes&wktField=geometry&crs=EPSG:4326&spatialIndex=no&subsetIndex=no&watchFile=no", "Shape_Leng": 0.00016807961, "Shape_Area": 1.74e-09 }, "geometry": { "type": "MultiPolygon", "coordinates": [ [ [ [ 115.245004933331074, -8.486865522026164 ], [ 115.245005101504262, -8.486828462763299 ], [ 115.245052081188646, -8.486828674104004 ], [ 115.245051913015459, -8.486865733366869 ], [ 115.245004933331074, -8.486865522026164 ] ] ] ] } },
{ "type": "Feature", "properties": { "latitude": -8.48796422, "longitude": 115.2478873, "area_in_me": 25.7937, "confidence": 0.7106, "full_plus": "6P3QG66X+R56F", "layer": "2dd_buildings_009", "path": "file:///C:/Users/BPN/Downloads/Compressed/2dd_buildings.csv/2dd_buildings_split/2dd_buildings_009.csv?type=csv&maxFields=10000&detectTypes=yes&wktField=geometry&crs=EPSG:4326&spatialIndex=no&subsetIndex=no&watchFile=no", "Shape_Leng": 0.00018391316, "Shape_Area": 2.11e-09 }, "geometry": { "type": "MultiPolygon", "coordinates": [ [ [ [ 115.247913517994562, -8.487944903634343 ], [ 115.247908994404611, -8.487988464995624 ], [ 115.247861085720615, -8.487983533113493 ], [ 115.247865610209828, -8.487939972651589 ], [ 115.247913517994562, -8.487944903634343 ] ] ] ] } },
{ "type": "Feature", "properties": { "latitude": -8.49090247, "longitude": 115.24564435000001, "area_in_me": 23.6009, "confidence": 0.7718, "full_plus": "6P3QG65W+J7JW", "layer": "2dd_buildings_009", "path": "file:///C:/Users/BPN/Downloads/Compressed/2dd_buildings.csv/2dd_buildings_split/2dd_buildings_009.csv?type=csv&maxFields=10000&detectTypes=yes&wktField=geometry&crs=EPSG:4326&spatialIndex=no&subsetIndex=no&watchFile=no", "Shape_Leng": 0.00018181341, "Shape_Area": 1.93e-09 }, "geometry": { "type": "MultiPolygon", "coordinates": [ [ [ [ 115.245676779959467, -8.490895292383811 ], [ 115.245666204831537, -8.4909273837917 ], [ 115.245611910061712, -8.490909650959566 ], [ 115.245622485189642, -8.490877558652357 ], [ 115.245676779959467, -8.490895292383811 ] ] ] ] } },
{ "type": "Feature", "properties": { "latitude": -8.49124676, "longitude": 115.24558925, "area_in_me": 49.1274, "confidence": 0.8278, "full_plus": "6P3QG65W+G645", "layer": "2dd_buildings_009", "path": "file:///C:/Users/BPN/Downloads/Compressed/2dd_buildings.csv/2dd_buildings_split/2dd_buildings_009.csv?type=csv&maxFields=10000&detectTypes=yes&wktField=geometry&crs=EPSG:4326&spatialIndex=no&subsetIndex=no&watchFile=no", "Shape_Leng": 0.00025420186, "Shape_Area": 4.02e-09 }, "geometry": { "type": "MultiPolygon", "coordinates": [ [ [ [ 115.245547198444569, -8.491263111503372 ], [ 115.245567059072528, -8.491207620635123 ], [ 115.245631299444995, -8.491230408556476 ], [ 115.245611438816923, -8.491285900323987 ], [ 115.245547198444569, -8.491263111503372 ] ] ] ] } },
{ "type": "Feature", "properties": { "latitude": -8.48586883, "longitude": 115.24560674, "area_in_me": 102.5795, "confidence": 0.8893, "full_plus": "6P3QG67W+M657", "layer": "2dd_buildings_009", "path": "file:///C:/Users/BPN/Downloads/Compressed/2dd_buildings.csv/2dd_buildings_split/2dd_buildings_009.csv?type=csv&maxFields=10000&detectTypes=yes&wktField=geometry&crs=EPSG:4326&spatialIndex=no&subsetIndex=no&watchFile=no", "Shape_Leng": 0.00038562934, "Shape_Area": 8.39e-09 }, "geometry": { "type": "MultiPolygon", "coordinates": [ [ [ [ 115.245670571040137, -8.485900873226683 ], [ 115.245544080494938, -8.485903086458222 ], [ 115.245542946449859, -8.485838845186493 ], [ 115.245542910476956, -8.485836792034263 ], [ 115.245543629035296, -8.485836779443787 ], [ 115.245669400122779, -8.485834577903404 ], [ 115.245670571040137, -8.485900873226683 ] ] ] ] } },
{ "type": "Feature", "properties": { "latitude": -8.48977924, "longitude": 115.24648115, "area_in_me": 24.0688, "confidence": 0.6579, "full_plus": "6P3QG66W+3HQV", "layer": "2dd_buildings_009", "path": "file:///C:/Users/BPN/Downloads/Compressed/2dd_buildings.csv/2dd_buildings_split/2dd_buildings_009.csv?type=csv&maxFields=10000&detectTypes=yes&wktField=geometry&crs=EPSG:4326&spatialIndex=no&subsetIndex=no&watchFile=no", "Shape_Leng": 0.00017816251, "Shape_Area": 1.97e-09 }, "geometry": { "type": "MultiPolygon", "coordinates": [ [ [ [ 115.246501892648325, -8.489803104429654 ], [ 115.246461317935541, -8.489803858960897 ], [ 115.246460408720964, -8.489755367516125 ], [ 115.246500982534371, -8.489754612984939 ], [ 115.246501892648325, -8.489803104429654 ] ] ] ] } },
{ "type": "Feature", "properties": { "latitude": -8.48487378, "longitude": 115.24236294000001, "area_in_me": 58.7529, "confidence": 0.8659, "full_plus": "6P3QG68R+3W54", "layer": "2dd_buildings_009", "path": "file:///C:/Users/BPN/Downloads/Compressed/2dd_buildings.csv/2dd_buildings_split/2dd_buildings_009.csv?type=csv&maxFields=10000&detectTypes=yes&wktField=geometry&crs=EPSG:4326&spatialIndex=no&subsetIndex=no&watchFile=no", "Shape_Leng": 0.00024199979, "Shape_Area": 3.36e-09 }, "geometry": { "type": "MultiPolygon", "coordinates": [ [ [ [ 115.242383342117591, -8.484903739116248 ], [ 115.242373504433772, -8.484920683242876 ], [ 115.242371844285231, -8.484919728162879 ], [ 115.242325289080895, -8.484892936459801 ], [ 115.242380454394493, -8.48483902390177 ], [ 115.242408704797981, -8.484855280946419 ], [ 115.242410783131163, -8.48485647704473 ], [ 115.24239547397201, -8.484882844267815 ], [ 115.242383342117591, -8.484903739116248 ] ] ] ] } },
{ "type": "Feature", "properties": { "latitude": -8.4904244, "longitude": 115.24624455, "area_in_me": 99.6047, "confidence": 0.8025, "full_plus": "6P3QG65W+RFQ5", "layer": "2dd_buildings_009", "path": "file:///C:/Users/BPN/Downloads/Compressed/2dd_buildings.csv/2dd_buildings_split/2dd_buildings_009.csv?type=csv&maxFields=10000&detectTypes=yes&wktField=geometry&crs=EPSG:4326&spatialIndex=no&subsetIndex=no&watchFile=no", "Shape_Leng": 0.00047198307, "Shape_Area": 8.15e-09 }, "geometry": { "type": "MultiPolygon", "coordinates": [ [ [ [ 115.246342970751584, -8.490437613005383 ], [ 115.246328602283256, -8.490477061766967 ], [ 115.246146120846902, -8.490411186427082 ], [ 115.246158609732106, -8.49037689617677 ], [ 115.246160488415853, -8.490371738564818 ], [ 115.246341185597316, -8.490436968191489 ], [ 115.246342970751584, -8.490437613005383 ] ] ] ] } },
{ "type": "Feature", "properties": { "latitude": -8.48918799, "longitude": 115.24463174, "area_in_me": 91.811, "confidence": 0.8179, "full_plus": "6P3QG66V+8VCC", "layer": "2dd_buildings_009", "path": "file:///C:/Users/BPN/Downloads/Compressed/2dd_buildings.csv/2dd_buildings_split/2dd_buildings_009.csv?type=csv&maxFields=10000&detectTypes=yes&wktField=geometry&crs=EPSG:4326&spatialIndex=no&subsetIndex=no&watchFile=no", "Shape_Leng": 0.00034676232, "Shape_Area": 7.51e-09 }, "geometry": { "type": "MultiPolygon", "coordinates": [ [ [ [ 115.244686774774891, -8.489160730383333 ], [ 115.244655399227327, -8.489244476151612 ], [ 115.244576699555068, -8.489215252681731 ], [ 115.244608075102633, -8.489131506014132 ], [ 115.244686774774891, -8.489160730383333 ] ] ] ] } },
{ "type": "Feature", "properties": { "latitude": -8.4853173, "longitude": 115.24276134, "area_in_me": 115.0311, "confidence": 0.8937, "full_plus": "6P3QG67V+V4C7", "layer": "2dd_buildings_009", "path": "file:///C:/Users/BPN/Downloads/Compressed/2dd_buildings.csv/2dd_buildings_split/2dd_buildings_009.csv?type=csv&maxFields=10000&detectTypes=yes&wktField=geometry&crs=EPSG:4326&spatialIndex=no&subsetIndex=no&watchFile=no", "Shape_Leng": 0.00040533906, "Shape_Area": 9.41e-09 }, "geometry": { "type": "MultiPolygon", "coordinates": [ [ [ [ 115.242835888165814, -8.485312353282438 ], [ 115.242805246464968, -8.485377474990457 ], [ 115.242686795858958, -8.485322231435759 ], [ 115.242717437559804, -8.485257110627117 ], [ 115.242835888165814, -8.485312353282438 ] ] ] ] } },
{ "type": "Feature", "properties": { "latitude": -8.48765807, "longitude": 115.24460376, "area_in_me": 14.774, "confidence": 0.6641, "full_plus": "6P3QG66V+WRQM", "layer": "2dd_buildings_009", "path": "file:///C:/Users/BPN/Downloads/Compressed/2dd_buildings.csv/2dd_buildings_split/2dd_buildings_009.csv?type=csv&maxFields=10000&detectTypes=yes&wktField=geometry&crs=EPSG:4326&spatialIndex=no&subsetIndex=no&watchFile=no", "Shape_Leng": 0.00013903978, "Shape_Area": 1.21e-09 }, "geometry": { "type": "MultiPolygon", "coordinates": [ [ [ [ 115.24458400115077, -8.487672723817127 ], [ 115.244589542773269, -8.487638033368512 ], [ 115.244623509267626, -8.487643411314309 ], [ 115.244617967645127, -8.487678101762924 ], [ 115.24458400115077, -8.487672723817127 ] ] ] ] } },
{ "type": "Feature", "properties": { "latitude": -8.48947775, "longitude": 115.24611648, "area_in_me": 45.6668, "confidence": 0.832, "full_plus": "6P3QG66W+6C5W", "layer": "2dd_buildings_009", "path": "file:///C:/Users/BPN/Downloads/Compressed/2dd_buildings.csv/2dd_buildings_split/2dd_buildings_009.csv?type=csv&maxFields=10000&detectTypes=yes&wktField=geometry&crs=EPSG:4326&spatialIndex=no&subsetIndex=no&watchFile=no", "Shape_Leng": 0.0002444468, "Shape_Area": 3.73e-09 }, "geometry": { "type": "MultiPolygon", "coordinates": [ [ [ [ 115.246129659656162, -8.489448515236745 ], [ 115.246149992428286, -8.489450345357113 ], [ 115.246144294323813, -8.489510774402675 ], [ 115.246082929983345, -8.489505039425978 ], [ 115.246088608302671, -8.489444820821802 ], [ 115.246129659656162, -8.489448515236745 ] ] ] ] } },
{ "type": "Feature", "properties": { "latitude": -8.48897062, "longitude": 115.24541924, "area_in_me": 48.8347, "confidence": 0.8811, "full_plus": "6P3QG66W+C573", "layer": "2dd_buildings_009", "path": "file:///C:/Users/BPN/Downloads/Compressed/2dd_buildings.csv/2dd_buildings_split/2dd_buildings_009.csv?type=csv&maxFields=10000&detectTypes=yes&wktField=geometry&crs=EPSG:4326&spatialIndex=no&subsetIndex=no&watchFile=no", "Shape_Leng": 0.00025360267, "Shape_Area": 3.99e-09 }, "geometry": { "type": "MultiPolygon", "coordinates": [ [ [ [ 115.245455528749744, -8.488944025246496 ], [ 115.245451292043526, -8.489002148430359 ], [ 115.245382945366714, -8.48899721025299 ], [ 115.245387182972195, -8.488939087968504 ], [ 115.245455528749744, -8.488944025246496 ] ] ] ] } },
{ "type": "Feature", "properties": { "latitude": -8.4875575, "longitude": 115.24581831, "area_in_me": 26.9634, "confidence": 0.783, "full_plus": "6P3QG66W+X8GJ", "layer": "2dd_buildings_009", "path": "file:///C:/Users/BPN/Downloads/Compressed/2dd_buildings.csv/2dd_buildings_split/2dd_buildings_009.csv?type=csv&maxFields=10000&detectTypes=yes&wktField=geometry&crs=EPSG:4326&spatialIndex=no&subsetIndex=no&watchFile=no", "Shape_Leng": 0.00018788015, "Shape_Area": 2.2e-09 }, "geometry": { "type": "MultiPolygon", "coordinates": [ [ [ [ 115.245841614898723, -8.487564586636324 ], [ 115.245842439577018, -8.487580334664642 ], [ 115.245796685668552, -8.487582707975548 ], [ 115.245794170264844, -8.487534649104703 ], [ 115.245839924173197, -8.487532275793853 ], [ 115.245841614898723, -8.487564586636324 ] ] ] ] } },
{ "type": "Feature", "properties": { "latitude": -8.48886634, "longitude": 115.24564778, "area_in_me": 12.8452, "confidence": 0.7726, "full_plus": "6P3QG66W+F728", "layer": "2dd_buildings_009", "path": "file:///C:/Users/BPN/Downloads/Compressed/2dd_buildings.csv/2dd_buildings_split/2dd_buildings_009.csv?type=csv&maxFields=10000&detectTypes=yes&wktField=geometry&crs=EPSG:4326&spatialIndex=no&subsetIndex=no&watchFile=no", "Shape_Leng": 0.00013208245, "Shape_Area": 1.05e-09 }, "geometry": { "type": "MultiPolygon", "coordinates": [ [ [ [ 115.245667515143737, -8.488879587922611 ], [ 115.245628173401542, -8.488879787572102 ], [ 115.245628051993094, -8.488856076047 ], [ 115.245628036704602, -8.488853088499184 ], [ 115.245667377547534, -8.488852888849692 ], [ 115.245667391037273, -8.488855540950397 ], [ 115.245667515143737, -8.488879587922611 ] ] ] ] } },
{ "type": "Feature", "properties": { "latitude": -8.49151814, "longitude": 115.24576751, "area_in_me": 18.367, "confidence": 0.7366, "full_plus": "6P3QG65W+98R8", "layer": "2dd_buildings_009", "path": "file:///C:/Users/BPN/Downloads/Compressed/2dd_buildings.csv/2dd_buildings_split/2dd_buildings_009.csv?type=csv&maxFields=10000&detectTypes=yes&wktField=geometry&crs=EPSG:4326&spatialIndex=no&subsetIndex=no&watchFile=no", "Shape_Leng": 0.00015511396, "Shape_Area": 1.5e-09 }, "geometry": { "type": "MultiPolygon", "coordinates": [ [ [ [ 115.245786282311087, -8.49150667579238 ], [ 115.245786138419589, -8.491538288760978 ], [ 115.245751242026245, -8.491538131379627 ], [ 115.245748710434668, -8.491538119688414 ], [ 115.245748829145214, -8.491512027657905 ], [ 115.245748892997085, -8.491497991938729 ], [ 115.245786320982006, -8.491498160111973 ], [ 115.245786304794137, -8.491501729521133 ], [ 115.245786282311087, -8.49150667579238 ] ] ] ] } },
{ "type": "Feature", "properties": { "latitude": -8.48782111, "longitude": 115.24786855000001, "area_in_me": 24.3626, "confidence": 0.7234, "full_plus": "6P3QG66X+V4H5", "layer": "2dd_buildings_009", "path": "file:///C:/Users/BPN/Downloads/Compressed/2dd_buildings.csv/2dd_buildings_split/2dd_buildings_009.csv?type=csv&maxFields=10000&detectTypes=yes&wktField=geometry&crs=EPSG:4326&spatialIndex=no&subsetIndex=no&watchFile=no", "Shape_Leng": 0.00017891999, "Shape_Area": 1.99e-09 }, "geometry": { "type": "MultiPolygon", "coordinates": [ [ [ [ 115.247891564644078, -8.48784292141363 ], [ 115.247849934127203, -8.48784675432421 ], [ 115.247845526549895, -8.487799305193732 ], [ 115.247887157066657, -8.487795472283153 ], [ 115.247891564644078, -8.48784292141363 ] ] ] ] } },
{ "type": "Feature", "properties": { "latitude": -8.48896834, "longitude": 115.24462372000001, "area_in_me": 94.6608, "confidence": 0.8358, "full_plus": "6P3QG66V+CR99", "layer": "2dd_buildings_009", "path": "file:///C:/Users/BPN/Downloads/Compressed/2dd_buildings.csv/2dd_buildings_split/2dd_buildings_009.csv?type=csv&maxFields=10000&detectTypes=yes&wktField=geometry&crs=EPSG:4326&spatialIndex=no&subsetIndex=no&watchFile=no", "Shape_Leng": 0.00035247537, "Shape_Area": 7.74e-09 }, "geometry": { "type": "MultiPolygon", "coordinates": [ [ [ [ 115.244668219063101, -8.48892455672285 ], [ 115.244662258356584, -8.489017398234296 ], [ 115.244579221254071, -8.489012114717298 ], [ 115.244585181960588, -8.488919273205852 ], [ 115.244668219063101, -8.48892455672285 ] ] ] ] } },
{ "type": "Feature", "properties": { "latitude": -8.4870655, "longitude": 115.24554759, "area_in_me": 46.1323, "confidence": 0.8386, "full_plus": "6P3QG67W+56F8", "layer": "2dd_buildings_009", "path": "file:///C:/Users/BPN/Downloads/Compressed/2dd_buildings.csv/2dd_buildings_split/2dd_buildings_009.csv?type=csv&maxFields=10000&detectTypes=yes&wktField=geometry&crs=EPSG:4326&spatialIndex=no&subsetIndex=no&watchFile=no", "Shape_Leng": 0.00024836719, "Shape_Area": 3.77e-09 }, "geometry": { "type": "MultiPolygon", "coordinates": [ [ [ [ 115.245584089534191, -8.487090746440742 ], [ 115.245564154262411, -8.487091432623458 ], [ 115.245512928878611, -8.487093195294676 ], [ 115.245511090664309, -8.487040246809897 ], [ 115.245582252219265, -8.487037797955963 ], [ 115.245584089534191, -8.487090746440742 ] ] ] ] } },
{ "type": "Feature", "properties": { "latitude": -8.4893187, "longitude": 115.24481526, "area_in_me": 92.5572, "confidence": 0.7788, "full_plus": "6P3QG66V+7WG6", "layer": "2dd_buildings_009", "path": "file:///C:/Users/BPN/Downloads/Compressed/2dd_buildings.csv/2dd_buildings_split/2dd_buildings_009.csv?type=csv&maxFields=10000&detectTypes=yes&wktField=geometry&crs=EPSG:4326&spatialIndex=no&subsetIndex=no&watchFile=no", "Shape_Leng": 0.00034924781, "Shape_Area": 7.57e-09 }, "geometry": { "type": "MultiPolygon", "coordinates": [ [ [ [ 115.244867761537989, -8.489351676238812 ], [ 115.244773978436456, -8.489364857602027 ], [ 115.244762757595254, -8.489285729852497 ], [ 115.244856539797524, -8.489272548489282 ], [ 115.244867761537989, -8.489351676238812 ] ] ] ] } },
{ "type": "Feature", "properties": { "latitude": -8.48756833, "longitude": 115.24612605, "area_in_me": 18.7654, "confidence": 0.8093, "full_plus": "6P3QG66W+XFC6", "layer": "2dd_buildings_009", "path": "file:///C:/Users/BPN/Downloads/Compressed/2dd_buildings.csv/2dd_buildings_split/2dd_buildings_009.csv?type=csv&maxFields=10000&detectTypes=yes&wktField=geometry&crs=EPSG:4326&spatialIndex=no&subsetIndex=no&watchFile=no", "Shape_Leng": 0.00015695995, "Shape_Area": 1.53e-09 }, "geometry": { "type": "MultiPolygon", "coordinates": [ [ [ [ 115.246147749519082, -8.487585698221324 ], [ 115.246126752147916, -8.487586787300359 ], [ 115.246106269188999, -8.487587850299008 ], [ 115.246104337445331, -8.48755095741069 ], [ 115.246145818674677, -8.487548805333063 ], [ 115.246147749519082, -8.487585698221324 ] ] ] ] } },
{ "type": "Feature", "properties": { "latitude": -8.48712072, "longitude": 115.24617362, "area_in_me": 8.4354, "confidence": 0.7468, "full_plus": "6P3QG67W+5F34", "layer": "2dd_buildings_009", "path": "file:///C:/Users/BPN/Downloads/Compressed/2dd_buildings.csv/2dd_buildings_split/2dd_buildings_009.csv?type=csv&maxFields=10000&detectTypes=yes&wktField=geometry&crs=EPSG:4326&spatialIndex=no&subsetIndex=no&watchFile=no", "Shape_Leng": 0.00014727576, "Shape_Area": 6.9e-10 }, "geometry": { "type": "MultiPolygon", "coordinates": [ [ [ [ 115.246205098386667, -8.487125212058857 ], [ 115.246142508270168, -8.487127251721233 ], [ 115.246142146742727, -8.487116242220736 ], [ 115.24620473595985, -8.487114203457679 ], [ 115.246205098386667, -8.487125212058857 ] ] ] ] } },
{ "type": "Feature", "properties": { "latitude": -8.48699728, "longitude": 115.24555652, "area_in_me": 42.441, "confidence": 0.832, "full_plus": "6P3QG67W+6635", "layer": "2dd_buildings_009", "path": "file:///C:/Users/BPN/Downloads/Compressed/2dd_buildings.csv/2dd_buildings_split/2dd_buildings_009.csv?type=csv&maxFields=10000&detectTypes=yes&wktField=geometry&crs=EPSG:4326&spatialIndex=no&subsetIndex=no&watchFile=no", "Shape_Leng": 0.00023574171, "Shape_Area": 3.47e-09 }, "geometry": { "type": "MultiPolygon", "coordinates": [ [ [ [ 115.245589639250511, -8.486972286841535 ], [ 115.2455837504898, -8.487028882976517 ], [ 115.245523490516689, -8.487022668661211 ], [ 115.24552945931714, -8.486965301807174 ], [ 115.245589639250511, -8.486972286841535 ] ] ] ] } },
{ "type": "Feature", "properties": { "latitude": -8.49013098, "longitude": 115.24606033000001, "area_in_me": 16.0352, "confidence": 0.6738, "full_plus": "6P3QG65W+WCVQ", "layer": "2dd_buildings_009", "path": "file:///C:/Users/BPN/Downloads/Compressed/2dd_buildings.csv/2dd_buildings_split/2dd_buildings_009.csv?type=csv&maxFields=10000&detectTypes=yes&wktField=geometry&crs=EPSG:4326&spatialIndex=no&subsetIndex=no&watchFile=no", "Shape_Leng": 0.0001557567, "Shape_Area": 1.31e-09 }, "geometry": { "type": "MultiPolygon", "coordinates": [ [ [ [ 115.24608067628219, -8.490109779542649 ], [ 115.246063247421034, -8.490160155067031 ], [ 115.24603981378641, -8.490151901988611 ], [ 115.246057629356187, -8.490101766583223 ], [ 115.24608067628219, -8.490109779542649 ] ] ] ] } },
{ "type": "Feature", "properties": { "latitude": -8.48631362, "longitude": 115.24506489, "area_in_me": 30.9234, "confidence": 0.7285, "full_plus": "6P3QG67W+F2GC", "layer": "2dd_buildings_009", "path": "file:///C:/Users/BPN/Downloads/Compressed/2dd_buildings.csv/2dd_buildings_split/2dd_buildings_009.csv?type=csv&maxFields=10000&detectTypes=yes&wktField=geometry&crs=EPSG:4326&spatialIndex=no&subsetIndex=no&watchFile=no", "Shape_Leng": 0.00021866905, "Shape_Area": 2.53e-09 }, "geometry": { "type": "MultiPolygon", "coordinates": [ [ [ [ 115.245085389379256, -8.486277493111743 ], [ 115.245077427681167, -8.486353185451094 ], [ 115.245044382991978, -8.486349741047661 ], [ 115.24505234379069, -8.48627404780899 ], [ 115.245085389379256, -8.486277493111743 ] ] ] ] } },
{ "type": "Feature", "properties": { "latitude": -8.48747515, "longitude": 115.24637162000001, "area_in_me": 29.9717, "confidence": 0.7407, "full_plus": "6P3QG67W+2G5X", "layer": "2dd_buildings_009", "path": "file:///C:/Users/BPN/Downloads/Compressed/2dd_buildings.csv/2dd_buildings_split/2dd_buildings_009.csv?type=csv&maxFields=10000&detectTypes=yes&wktField=geometry&crs=EPSG:4326&spatialIndex=no&subsetIndex=no&watchFile=no", "Shape_Leng": 0.00020052203, "Shape_Area": 2.45e-09 }, "geometry": { "type": "MultiPolygon", "coordinates": [ [ [ [ 115.246394012673591, -8.487503192618192 ], [ 115.246351810188003, -8.48750506860398 ], [ 115.246349211147276, -8.487447109996083 ], [ 115.246391413632864, -8.487445234010295 ], [ 115.246394012673591, -8.487503192618192 ] ] ] ] } },
{ "type": "Feature", "properties": { "latitude": -8.48759527, "longitude": 115.24681023, "area_in_me": 178.31, "confidence": 0.8452, "full_plus": "6P3QG66W+XP75", "layer": "2dd_buildings_009", "path": "file:///C:/Users/BPN/Downloads/Compressed/2dd_buildings.csv/2dd_buildings_split/2dd_buildings_009.csv?type=csv&maxFields=10000&detectTypes=yes&wktField=geometry&crs=EPSG:4326&spatialIndex=no&subsetIndex=no&watchFile=no", "Shape_Leng": 0.00053501524, "Shape_Area": 1.458e-08 }, "geometry": { "type": "MultiPolygon", "coordinates": [ [ [ [ 115.246907490488411, -8.487629100402614 ], [ 115.246716399842057, -8.487637599895265 ], [ 115.246713002203364, -8.487561444405117 ], [ 115.246713000404725, -8.487561400338336 ], [ 115.246791402401414, -8.487557955934847 ], [ 115.246809069582923, -8.487557176222651 ], [ 115.24690407306457, -8.487553000670403 ], [ 115.246904100044276, -8.487552999771083 ], [ 115.246907490488411, -8.487629100402614 ] ] ] ] } },
{ "type": "Feature", "properties": { "latitude": -8.4874542, "longitude": 115.24505782, "area_in_me": 27.6034, "confidence": 0.7485, "full_plus": "6P3QG67W+227X", "layer": "2dd_buildings_009", "path": "file:///C:/Users/BPN/Downloads/Compressed/2dd_buildings.csv/2dd_buildings_split/2dd_buildings_009.csv?type=csv&maxFields=10000&detectTypes=yes&wktField=geometry&crs=EPSG:4326&spatialIndex=no&subsetIndex=no&watchFile=no", "Shape_Leng": 0.00019084568, "Shape_Area": 2.26e-09 }, "geometry": { "type": "MultiPolygon", "coordinates": [ [ [ [ 115.245084476567399, -8.487475111287324 ], [ 115.245032413015565, -8.487476610457179 ], [ 115.245031154864023, -8.487433291013531 ], [ 115.245083218415857, -8.487431791843676 ], [ 115.245084476567399, -8.487475111287324 ] ] ] ] } },
{ "type": "Feature", "properties": { "latitude": -8.48850892, "longitude": 115.24665702, "area_in_me": 15.6285, "confidence": 0.8157, "full_plus": "6P3QG66W+HMVJ", "layer": "2dd_buildings_009", "path": "file:///C:/Users/BPN/Downloads/Compressed/2dd_buildings.csv/2dd_buildings_split/2dd_buildings_009.csv?type=csv&maxFields=10000&detectTypes=yes&wktField=geometry&crs=EPSG:4326&spatialIndex=no&subsetIndex=no&watchFile=no", "Shape_Leng": 0.00014301844, "Shape_Area": 1.28e-09 }, "geometry": { "type": "MultiPolygon", "coordinates": [ [ [ [ 115.246675678539759, -8.488525982587987 ], [ 115.246639312654224, -8.488526962848994 ], [ 115.246639229017319, -8.488523868281845 ], [ 115.246638358473547, -8.488491845222427 ], [ 115.246674724359082, -8.48849086586074 ], [ 115.246675553534033, -8.48852137895841 ], [ 115.246675678539759, -8.488525982587987 ] ] ] ] } },
{ "type": "Feature", "properties": { "latitude": -8.48856548, "longitude": 115.24542616, "area_in_me": 25.6137, "confidence": 0.7893, "full_plus": "6P3QG66W+H5F8", "layer": "2dd_buildings_009", "path": "file:///C:/Users/BPN/Downloads/Compressed/2dd_buildings.csv/2dd_buildings_split/2dd_buildings_009.csv?type=csv&maxFields=10000&detectTypes=yes&wktField=geometry&crs=EPSG:4326&spatialIndex=no&subsetIndex=no&watchFile=no", "Shape_Leng": 0.00018539035, "Shape_Area": 2.09e-09 }, "geometry": { "type": "MultiPolygon", "coordinates": [ [ [ [ 115.245454418986355, -8.488548080729288 ], [ 115.245451399962235, -8.488586990796932 ], [ 115.245397889401147, -8.488582875499276 ], [ 115.24540090932453, -8.488543965431631 ], [ 115.245454418986355, -8.488548080729288 ] ] ] ] } },
{ "type": "Feature", "properties": { "latitude": -8.48888872, "longitude": 115.24598684, "area_in_me": 34.0672, "confidence": 0.8473, "full_plus": "6P3QG66W+C9XG", "layer": "2dd_buildings_009", "path": "file:///C:/Users/BPN/Downloads/Compressed/2dd_buildings.csv/2dd_buildings_split/2dd_buildings_009.csv?type=csv&maxFields=10000&detectTypes=yes&wktField=geometry&crs=EPSG:4326&spatialIndex=no&subsetIndex=no&watchFile=no", "Shape_Leng": 0.00021791108, "Shape_Area": 2.79e-09 }, "geometry": { "type": "MultiPolygon", "coordinates": [ [ [ [ 115.246021840835397, -8.488907448919576 ], [ 115.245953961805981, -8.48891093469183 ], [ 115.245951841204601, -8.488870002048884 ], [ 115.246019720234017, -8.488866517176007 ], [ 115.246021840835397, -8.488907448919576 ] ] ] ] } },
{ "type": "Feature", "properties": { "latitude": -8.49072256, "longitude": 115.24551391, "area_in_me": 20.2584, "confidence": 0.7179, "full_plus": "6P3QG65W+P663", "layer": "2dd_buildings_009", "path": "file:///C:/Users/BPN/Downloads/Compressed/2dd_buildings.csv/2dd_buildings_split/2dd_buildings_009.csv?type=csv&maxFields=10000&detectTypes=yes&wktField=geometry&crs=EPSG:4326&spatialIndex=no&subsetIndex=no&watchFile=no", "Shape_Leng": 0.00016408244, "Shape_Area": 1.66e-09 }, "geometry": { "type": "MultiPolygon", "coordinates": [ [ [ [ 115.245538844642056, -8.490707265727679 ], [ 115.245534840860273, -8.490742954423752 ], [ 115.245488994321704, -8.490737856167073 ], [ 115.245491053769229, -8.49071950280279 ], [ 115.245492998103487, -8.490702168370319 ], [ 115.245497094515372, -8.490702623427296 ], [ 115.245521188252269, -8.490705302507649 ], [ 115.245530515121231, -8.490706339425969 ], [ 115.245538844642056, -8.490707265727679 ] ] ] ] } },
{ "type": "Feature", "properties": { "latitude": -8.48670036, "longitude": 115.24688153, "area_in_me": 140.2382, "confidence": 0.9105, "full_plus": "6P3QG67W+8Q6R", "layer": "2dd_buildings_009", "path": "file:///C:/Users/BPN/Downloads/Compressed/2dd_buildings.csv/2dd_buildings_split/2dd_buildings_009.csv?type=csv&maxFields=10000&detectTypes=yes&wktField=geometry&crs=EPSG:4326&spatialIndex=no&subsetIndex=no&watchFile=no", "Shape_Leng": 0.00043058674, "Shape_Area": 1.147e-08 }, "geometry": { "type": "MultiPolygon", "coordinates": [ [ [ [ 115.246933107676796, -8.486643816658784 ], [ 115.246926505753663, -8.486762242083785 ], [ 115.246829968927955, -8.486756908204711 ], [ 115.246836570851087, -8.486638482779711 ], [ 115.246845866243802, -8.486638996292584 ], [ 115.246874468282158, -8.486640576401442 ], [ 115.246933107676796, -8.486643816658784 ] ] ] ] } },
{ "type": "Feature", "properties": { "latitude": -8.49150063, "longitude": 115.24597829, "area_in_me": 95.2284, "confidence": 0.8535, "full_plus": "6P3QG65W+99XV", "layer": "2dd_buildings_009", "path": "file:///C:/Users/BPN/Downloads/Compressed/2dd_buildings.csv/2dd_buildings_split/2dd_buildings_009.csv?type=csv&maxFields=10000&detectTypes=yes&wktField=geometry&crs=EPSG:4326&spatialIndex=no&subsetIndex=no&watchFile=no", "Shape_Leng": 0.00035382202, "Shape_Area": 7.79e-09 }, "geometry": { "type": "MultiPolygon", "coordinates": [ [ [ [ 115.246014255053865, -8.491525885311319 ], [ 115.246006218712068, -8.491556682594762 ], [ 115.245926481222227, -8.491536061140266 ], [ 115.245950353725902, -8.491444574007858 ], [ 115.246025085589281, -8.491463902237228 ], [ 115.246030091215744, -8.491465196361673 ], [ 115.246014255053865, -8.491525885311319 ] ] ] ] } },
{ "type": "Feature", "properties": { "latitude": -8.48930282, "longitude": 115.24746616, "area_in_me": 97.5094, "confidence": 0.7059, "full_plus": "6P3QG66W+7XGX", "layer": "2dd_buildings_009", "path": "file:///C:/Users/BPN/Downloads/Compressed/2dd_buildings.csv/2dd_buildings_split/2dd_buildings_009.csv?type=csv&maxFields=10000&detectTypes=yes&wktField=geometry&crs=EPSG:4326&spatialIndex=no&subsetIndex=no&watchFile=no", "Shape_Leng": 0.00035722826, "Shape_Area": 7.97e-09 }, "geometry": { "type": "MultiPolygon", "coordinates": [ [ [ [ 115.247519114015972, -8.489268299192588 ], [ 115.247502320076023, -8.489354536982262 ], [ 115.24741320895248, -8.489337337448092 ], [ 115.247430002892429, -8.489251098759155 ], [ 115.247519114015972, -8.489268299192588 ] ] ] ] } },
{ "type": "Feature", "properties": { "latitude": -8.48779445, "longitude": 115.24647409000001, "area_in_me": 46.1546, "confidence": 0.8009, "full_plus": "6P3QG66W+VHQ6", "layer": "2dd_buildings_009", "path": "file:///C:/Users/BPN/Downloads/Compressed/2dd_buildings.csv/2dd_buildings_split/2dd_buildings_009.csv?type=csv&maxFields=10000&detectTypes=yes&wktField=geometry&crs=EPSG:4326&spatialIndex=no&subsetIndex=no&watchFile=no", "Shape_Leng": 0.000246422, "Shape_Area": 3.77e-09 }, "geometry": { "type": "MultiPolygon", "coordinates": [ [ [ [ 115.24650742797553, -8.487822711848651 ], [ 115.246451098939133, -8.487831554882291 ], [ 115.246444713752567, -8.487791241872287 ], [ 115.246441620084738, -8.487771705899434 ], [ 115.246440744145048, -8.487766177766844 ], [ 115.246497073181445, -8.487757334733146 ], [ 115.24650742797553, -8.487822711848651 ] ] ] ] } },
{ "type": "Feature", "properties": { "latitude": -8.4860354, "longitude": 115.24582208, "area_in_me": 96.3431, "confidence": 0.8799, "full_plus": "6P3QG67W+H8PF", "layer": "2dd_buildings_009", "path": "file:///C:/Users/BPN/Downloads/Compressed/2dd_buildings.csv/2dd_buildings_split/2dd_buildings_009.csv?type=csv&maxFields=10000&detectTypes=yes&wktField=geometry&crs=EPSG:4326&spatialIndex=no&subsetIndex=no&watchFile=no", "Shape_Leng": 0.00035711832, "Shape_Area": 7.88e-09 }, "geometry": { "type": "MultiPolygon", "coordinates": [ [ [ [ 115.245869234877318, -8.486072510637825 ], [ 115.245868858960762, -8.486078315761631 ], [ 115.245770161963492, -8.486071979138501 ], [ 115.245775309682813, -8.485992487163514 ], [ 115.245872440960397, -8.485998723062551 ], [ 115.245874007579459, -8.485998823786645 ], [ 115.245869234877318, -8.486072510637825 ] ] ] ] } },
{ "type": "Feature", "properties": { "latitude": -8.48874428, "longitude": 115.24615274, "area_in_me": 22.8326, "confidence": 0.7487, "full_plus": "6P3QG66W+GF29", "layer": "2dd_buildings_009", "path": "file:///C:/Users/BPN/Downloads/Compressed/2dd_buildings.csv/2dd_buildings_split/2dd_buildings_009.csv?type=csv&maxFields=10000&detectTypes=yes&wktField=geometry&crs=EPSG:4326&spatialIndex=no&subsetIndex=no&watchFile=no", "Shape_Leng": 0.00017303989, "Shape_Area": 1.87e-09 }, "geometry": { "type": "MultiPolygon", "coordinates": [ [ [ [ 115.246132452051029, -8.488767223028901 ], [ 115.246131820726987, -8.488721890902468 ], [ 115.246173000683484, -8.488721323430298 ], [ 115.246173632007526, -8.488766654657354 ], [ 115.246132452051029, -8.488767223028901 ] ] ] ] } },
{ "type": "Feature", "properties": { "latitude": -8.48968192, "longitude": 115.24584118, "area_in_me": 180.3105, "confidence": 0.9229, "full_plus": "6P3QG66W+48GQ", "layer": "2dd_buildings_009", "path": "file:///C:/Users/BPN/Downloads/Compressed/2dd_buildings.csv/2dd_buildings_split/2dd_buildings_009.csv?type=csv&maxFields=10000&detectTypes=yes&wktField=geometry&crs=EPSG:4326&spatialIndex=no&subsetIndex=no&watchFile=no", "Shape_Leng": 0.00051380203, "Shape_Area": 1.474e-08 }, "geometry": { "type": "MultiPolygon", "coordinates": [ [ [ [ 115.245928474119864, -8.489643070970885 ], [ 115.245923994596751, -8.489729514705289 ], [ 115.245753877939137, -8.489720777791604 ], [ 115.245758356562988, -8.4896343340572 ], [ 115.245928474119864, -8.489643070970885 ] ] ] ] } },
{ "type": "Feature", "properties": { "latitude": -8.48632073, "longitude": 115.24594374, "area_in_me": 64.272, "confidence": 0.8774, "full_plus": "6P3QG67W+F9G2", "layer": "2dd_buildings_009", "path": "file:///C:/Users/BPN/Downloads/Compressed/2dd_buildings.csv/2dd_buildings_split/2dd_buildings_009.csv?type=csv&maxFields=10000&detectTypes=yes&wktField=geometry&crs=EPSG:4326&spatialIndex=no&subsetIndex=no&watchFile=no", "Shape_Leng": 0.00029891609, "Shape_Area": 5.26e-09 }, "geometry": { "type": "MultiPolygon", "coordinates": [ [ [ [ 115.24599236465599, -8.486296342901881 ], [ 115.245987659402999, -8.486352745682609 ], [ 115.245895115567237, -8.486345092451984 ], [ 115.245895138050287, -8.486344822655383 ], [ 115.245898669687904, -8.486302496962594 ], [ 115.245899377454407, -8.486294009161156 ], [ 115.24589982171949, -8.486288689671255 ], [ 115.245983646628019, -8.486295621645581 ], [ 115.24599236465599, -8.486296342901881 ] ] ] ] } },
{ "type": "Feature", "properties": { "latitude": -8.49118819, "longitude": 115.24619725, "area_in_me": 57.211, "confidence": 0.7491, "full_plus": "6P3QG65W+GFGF", "layer": "2dd_buildings_009", "path": "file:///C:/Users/BPN/Downloads/Compressed/2dd_buildings.csv/2dd_buildings_split/2dd_buildings_009.csv?type=csv&maxFields=10000&detectTypes=yes&wktField=geometry&crs=EPSG:4326&spatialIndex=no&subsetIndex=no&watchFile=no", "Shape_Leng": 0.00032630968, "Shape_Area": 4.68e-09 }, "geometry": { "type": "MultiPolygon", "coordinates": [ [ [ [ 115.246241875262399, -8.49113989269182 ], [ 115.246185957216198, -8.491252843943528 ], [ 115.246152632837834, -8.49123649247008 ], [ 115.246208550883921, -8.491123541218428 ], [ 115.246241875262399, -8.49113989269182 ] ] ] ] } },
{ "type": "Feature", "properties": { "latitude": -8.48620497, "longitude": 115.24589593, "area_in_me": 138.4154, "confidence": 0.9034, "full_plus": "6P3QG67W+G96W", "layer": "2dd_buildings_009", "path": "file:///C:/Users/BPN/Downloads/Compressed/2dd_buildings.csv/2dd_buildings_split/2dd_buildings_009.csv?type=csv&maxFields=10000&detectTypes=yes&wktField=geometry&crs=EPSG:4326&spatialIndex=no&subsetIndex=no&watchFile=no", "Shape_Leng": 0.00043244767, "Shape_Area": 1.132e-08 }, "geometry": { "type": "MultiPolygon", "coordinates": [ [ [ [ 115.24595664358435, -8.486251483818876 ], [ 115.245956509585312, -8.486253500998203 ], [ 115.245899356769996, -8.48624973643615 ], [ 115.245829449769303, -8.486245131007934 ], [ 115.245830632377874, -8.486227332525345 ], [ 115.245835344825309, -8.486156438069088 ], [ 115.245837192932186, -8.486156559477593 ], [ 115.245962404641318, -8.486164808059414 ], [ 115.245957726368033, -8.48623519349934 ], [ 115.24595664358435, -8.486251483818876 ] ] ] ] } },
{ "type": "Feature", "properties": { "latitude": -8.48672136, "longitude": 115.2452309, "area_in_me": 108.7583, "confidence": 0.8987, "full_plus": "6P3QG67W+8393", "layer": "2dd_buildings_009", "path": "file:///C:/Users/BPN/Downloads/Compressed/2dd_buildings.csv/2dd_buildings_split/2dd_buildings_009.csv?type=csv&maxFields=10000&detectTypes=yes&wktField=geometry&crs=EPSG:4326&spatialIndex=no&subsetIndex=no&watchFile=no", "Shape_Leng": 0.00043779825, "Shape_Area": 8.89e-09 }, "geometry": { "type": "MultiPolygon", "coordinates": [ [ [ [ 115.24531451415362, -8.486702229424282 ], [ 115.245311885435171, -8.486752542895488 ], [ 115.24531185845558, -8.486752541096848 ], [ 115.245147111649999, -8.486744009228573 ], [ 115.245149924729276, -8.486690181206825 ], [ 115.245314699413939, -8.486698709477821 ], [ 115.24531451415362, -8.486702229424282 ] ] ] ] } },
{ "type": "Feature", "properties": { "latitude": -8.48953509, "longitude": 115.24749401, "area_in_me": 72.3853, "confidence": 0.7602, "full_plus": "6P3QG66W+5XQH", "layer": "2dd_buildings_009", "path": "file:///C:/Users/BPN/Downloads/Compressed/2dd_buildings.csv/2dd_buildings_split/2dd_buildings_009.csv?type=csv&maxFields=10000&detectTypes=yes&wktField=geometry&crs=EPSG:4326&spatialIndex=no&subsetIndex=no&watchFile=no", "Shape_Leng": 0.00031173796, "Shape_Area": 5.92e-09 }, "geometry": { "type": "MultiPolygon", "coordinates": [ [ [ [ 115.247544216792221, -8.489510618819963 ], [ 115.24753283317375, -8.489575124492376 ], [ 115.247443818277702, -8.489559555429082 ], [ 115.247455200996797, -8.48949504975667 ], [ 115.247544216792221, -8.489510618819963 ] ] ] ] } },
{ "type": "Feature", "properties": { "latitude": -8.48654626, "longitude": 115.24200727, "area_in_me": 36.2307, "confidence": 0.6823, "full_plus": "6P3QG67R+9RJ2", "layer": "2dd_buildings_009", "path": "file:///C:/Users/BPN/Downloads/Compressed/2dd_buildings.csv/2dd_buildings_split/2dd_buildings_009.csv?type=csv&maxFields=10000&detectTypes=yes&wktField=geometry&crs=EPSG:4326&spatialIndex=no&subsetIndex=no&watchFile=no", "Shape_Leng": 0.00021865705, "Shape_Area": 2.96e-09 }, "geometry": { "type": "MultiPolygon", "coordinates": [ [ [ [ 115.242027980406988, -8.486571894277461 ], [ 115.242026580162587, -8.486579905438248 ], [ 115.242016201986189, -8.486578106794127 ], [ 115.241977693915487, -8.486571434723885 ], [ 115.241987975864504, -8.48651261366615 ], [ 115.242036863010867, -8.486521083481193 ], [ 115.242027980406988, -8.486571894277461 ] ] ] ] } },
{ "type": "Feature", "properties": { "latitude": -8.48681203, "longitude": 115.24196224000001, "area_in_me": 78.152, "confidence": 0.8703, "full_plus": "6P3QG67R+7QGH", "layer": "2dd_buildings_009", "path": "file:///C:/Users/BPN/Downloads/Compressed/2dd_buildings.csv/2dd_buildings_split/2dd_buildings_009.csv?type=csv&maxFields=10000&detectTypes=yes&wktField=geometry&crs=EPSG:4326&spatialIndex=no&subsetIndex=no&watchFile=no", "Shape_Leng": 0.00031986433, "Shape_Area": 6.39e-09 }, "geometry": { "type": "MultiPolygon", "coordinates": [ [ [ [ 115.242008072114913, -8.486778824682972 ], [ 115.241997609402233, -8.486856118714854 ], [ 115.241916404218728, -8.486845224327567 ], [ 115.241926866931408, -8.486767929396365 ], [ 115.242008072114913, -8.486778824682972 ] ] ] ] } },
{ "type": "Feature", "properties": { "latitude": -8.48637005, "longitude": 115.24571259, "area_in_me": 65.5447, "confidence": 0.895, "full_plus": "6P3QG67W+F745", "layer": "2dd_buildings_009", "path": "file:///C:/Users/BPN/Downloads/Compressed/2dd_buildings.csv/2dd_buildings_split/2dd_buildings_009.csv?type=csv&maxFields=10000&detectTypes=yes&wktField=geometry&crs=EPSG:4326&spatialIndex=no&subsetIndex=no&watchFile=no", "Shape_Leng": 0.00029293186, "Shape_Area": 5.36e-09 }, "geometry": { "type": "MultiPolygon", "coordinates": [ [ [ [ 115.2457481339693, -8.486407545871486 ], [ 115.245676938240194, -8.486407665481352 ], [ 115.245676811435715, -8.486332629647109 ], [ 115.245729136690329, -8.486332542412867 ], [ 115.245748474812331, -8.486332510037244 ], [ 115.245748468517036, -8.486333972334933 ], [ 115.2457481339693, -8.486407545871486 ] ] ] ] } },
{ "type": "Feature", "properties": { "latitude": -8.49081663, "longitude": 115.24566312, "area_in_me": 63.1666, "confidence": 0.8584, "full_plus": "6P3QG65W+M7F6", "layer": "2dd_buildings_009", "path": "file:///C:/Users/BPN/Downloads/Compressed/2dd_buildings.csv/2dd_buildings_split/2dd_buildings_009.csv?type=csv&maxFields=10000&detectTypes=yes&wktField=geometry&crs=EPSG:4326&spatialIndex=no&subsetIndex=no&watchFile=no", "Shape_Leng": 0.00029027924, "Shape_Area": 5.17e-09 }, "geometry": { "type": "MultiPolygon", "coordinates": [ [ [ [ 115.245656936418527, -8.49078126824088 ], [ 115.245712586466766, -8.490801009259144 ], [ 115.245691518948547, -8.490859874383659 ], [ 115.245613654746421, -8.49083225350563 ], [ 115.245626370260879, -8.490796725788243 ], [ 115.24563472226464, -8.490773388381115 ], [ 115.245656936418527, -8.49078126824088 ] ] ] ] } },
{ "type": "Feature", "properties": { "latitude": -8.48800084, "longitude": 115.24646786, "area_in_me": 184.3709, "confidence": 0.886, "full_plus": "6P3QG66W+QHWX", "layer": "2dd_buildings_009", "path": "file:///C:/Users/BPN/Downloads/Compressed/2dd_buildings.csv/2dd_buildings_split/2dd_buildings_009.csv?type=csv&maxFields=10000&detectTypes=yes&wktField=geometry&crs=EPSG:4326&spatialIndex=no&subsetIndex=no&watchFile=no", "Shape_Leng": 0.00049566685, "Shape_Area": 1.508e-08 }, "geometry": { "type": "MultiPolygon", "coordinates": [ [ [ [ 115.246540500543688, -8.488051275445969 ], [ 115.246477843877415, -8.488054060646334 ], [ 115.246400028238781, -8.488057520338259 ], [ 115.24639522316113, -8.487950405686604 ], [ 115.246451740155749, -8.487947892980856 ], [ 115.246535695466036, -8.487944160794314 ], [ 115.246540500543688, -8.488051275445969 ] ] ] ] } },
{ "type": "Feature", "properties": { "latitude": -8.48791759, "longitude": 115.24617962000001, "area_in_me": 23.2894, "confidence": 0.7698, "full_plus": "6P3QG66W+RFM8", "layer": "2dd_buildings_009", "path": "file:///C:/Users/BPN/Downloads/Compressed/2dd_buildings.csv/2dd_buildings_split/2dd_buildings_009.csv?type=csv&maxFields=10000&detectTypes=yes&wktField=geometry&crs=EPSG:4326&spatialIndex=no&subsetIndex=no&watchFile=no", "Shape_Leng": 0.00018476029, "Shape_Area": 1.9e-09 }, "geometry": { "type": "MultiPolygon", "coordinates": [ [ [ [ 115.246210725444712, -8.487932208804352 ], [ 115.246149426754755, -8.487933987663325 ], [ 115.246148517540064, -8.48790294576429 ], [ 115.246209817129397, -8.48790116690526 ], [ 115.246210725444712, -8.487932208804352 ] ] ] ] } },
{ "type": "Feature", "properties": { "latitude": -8.48722352, "longitude": 115.24553219000001, "area_in_me": 6.7375, "confidence": 0.6588, "full_plus": "6P3QG67W+4672", "layer": "2dd_buildings_009", "path": "file:///C:/Users/BPN/Downloads/Compressed/2dd_buildings.csv/2dd_buildings_split/2dd_buildings_009.csv?type=csv&maxFields=10000&detectTypes=yes&wktField=geometry&crs=EPSG:4326&spatialIndex=no&subsetIndex=no&watchFile=no", "Shape_Leng": 9.422587e-05, "Shape_Area": 5.5e-10 }, "geometry": { "type": "MultiPolygon", "coordinates": [ [ [ [ 115.24554682072926, -8.48721542844919 ], [ 115.245542590318337, -8.487236577805788 ], [ 115.245517533407451, -8.487231609950811 ], [ 115.245520599196311, -8.48721628190583 ], [ 115.245521763818374, -8.487210460594213 ], [ 115.245546611187251, -8.487215387080425 ], [ 115.24554682072926, -8.48721542844919 ] ] ] ] } },
{ "type": "Feature", "properties": { "latitude": -8.48833908, "longitude": 115.2459299, "area_in_me": 249.1337, "confidence": 0.8792, "full_plus": "6P3QG66W+M97H", "layer": "2dd_buildings_009", "path": "file:///C:/Users/BPN/Downloads/Compressed/2dd_buildings.csv/2dd_buildings_split/2dd_buildings_009.csv?type=csv&maxFields=10000&detectTypes=yes&wktField=geometry&crs=EPSG:4326&spatialIndex=no&subsetIndex=no&watchFile=no", "Shape_Leng": 0.00069141535, "Shape_Area": 2.037e-08 }, "geometry": { "type": "MultiPolygon", "coordinates": [ [ [ [ 115.245991467132512, -8.488297570076725 ], [ 115.245958792963961, -8.488298974817781 ], [ 115.245960640171461, -8.488341551421399 ], [ 115.245993314340012, -8.4883401466804 ], [ 115.245997271357055, -8.488431347828396 ], [ 115.245893044428499, -8.488435829150148 ], [ 115.245889644991166, -8.488357470320977 ], [ 115.245863594329421, -8.488358589976883 ], [ 115.245859079732782, -8.488254515033816 ], [ 115.245989356423706, -8.488248913156781 ], [ 115.245991467132512, -8.488297570076725 ] ] ] ] } },
{ "type": "Feature", "properties": { "latitude": -8.48538408, "longitude": 115.24231499, "area_in_me": 91.9671, "confidence": 0.8511, "full_plus": "6P3QG67R+RWWJ", "layer": "2dd_buildings_009", "path": "file:///C:/Users/BPN/Downloads/Compressed/2dd_buildings.csv/2dd_buildings_split/2dd_buildings_009.csv?type=csv&maxFields=10000&detectTypes=yes&wktField=geometry&crs=EPSG:4326&spatialIndex=no&subsetIndex=no&watchFile=no", "Shape_Leng": 0.00035678043, "Shape_Area": 7.52e-09 }, "geometry": { "type": "MultiPolygon", "coordinates": [ [ [ [ 115.242371402718163, -8.485352017881269 ], [ 115.242318695251697, -8.485448633847341 ], [ 115.242258587264018, -8.485416132348576 ], [ 115.242311294730484, -8.485319516382503 ], [ 115.242371402718163, -8.485352017881269 ] ] ] ] } },
{ "type": "Feature", "properties": { "latitude": -8.48667205, "longitude": 115.24212484, "area_in_me": 15.098, "confidence": 0.6901, "full_plus": "6P3QG67R+8RQ5", "layer": "2dd_buildings_010", "path": "file:///C:/Users/BPN/Downloads/Compressed/2dd_buildings.csv/2dd_buildings_split/2dd_buildings_010.csv?type=csv&maxFields=10000&detectTypes=yes&wktField=geometry&crs=EPSG:4326&spatialIndex=no&subsetIndex=no&watchFile=no", "Shape_Leng": 0.00014335309, "Shape_Area": 1.23e-09 }, "geometry": { "type": "MultiPolygon", "coordinates": [ [ [ [ 115.242143898522158, -8.486654575248394 ], [ 115.242133770357327, -8.486696254328649 ], [ 115.242105786153161, -8.4866895148092 ], [ 115.242115915217369, -8.486647834829682 ], [ 115.242143898522158, -8.486654575248394 ] ] ] ] } },
{ "type": "Feature", "properties": { "latitude": -8.49151978, "longitude": 115.24626611, "area_in_me": 16.7938, "confidence": 0.7811, "full_plus": "6P3QG65W+9GR8", "layer": "2dd_buildings_010", "path": "file:///C:/Users/BPN/Downloads/Compressed/2dd_buildings.csv/2dd_buildings_split/2dd_buildings_010.csv?type=csv&maxFields=10000&detectTypes=yes&wktField=geometry&crs=EPSG:4326&spatialIndex=no&subsetIndex=no&watchFile=no", "Shape_Leng": 0.00014907358, "Shape_Area": 1.37e-09 }, "geometry": { "type": "MultiPolygon", "coordinates": [ [ [ [ 115.246291255237338, -8.491511311797581 ], [ 115.246279626103956, -8.491542530863057 ], [ 115.246240955255985, -8.491528253226249 ], [ 115.24625258528863, -8.491497034160773 ], [ 115.246291255237338, -8.491511311797581 ] ] ] ] } },
{ "type": "Feature", "properties": { "latitude": -8.48630836, "longitude": 115.24679015, "area_in_me": 145.5362, "confidence": 0.8357, "full_plus": "6P3QG67W+FPFM", "layer": "2dd_buildings_010", "path": "file:///C:/Users/BPN/Downloads/Compressed/2dd_buildings.csv/2dd_buildings_split/2dd_buildings_010.csv?type=csv&maxFields=10000&detectTypes=yes&wktField=geometry&crs=EPSG:4326&spatialIndex=no&subsetIndex=no&watchFile=no", "Shape_Leng": 0.0004652296, "Shape_Area": 1.19e-08 }, "geometry": { "type": "MultiPolygon", "coordinates": [ [ [ [ 115.246829146947675, -8.486327052051763 ], [ 115.246832105717203, -8.486384642836924 ], [ 115.246784497406679, -8.486387066509849 ], [ 115.246756227218157, -8.486388506324488 ], [ 115.246755144434474, -8.486367427114999 ], [ 115.246748189977097, -8.486232075549822 ], [ 115.246824069375407, -8.486228211162995 ], [ 115.246829146947675, -8.486327052051763 ] ] ] ] } },
{ "type": "Feature", "properties": { "latitude": -8.49016697, "longitude": 115.24318409, "area_in_me": 17.0218, "confidence": 0.695, "full_plus": "6P3QG65V+W7M9", "layer": "2dd_buildings_010", "path": "file:///C:/Users/BPN/Downloads/Compressed/2dd_buildings.csv/2dd_buildings_split/2dd_buildings_010.csv?type=csv&maxFields=10000&detectTypes=yes&wktField=geometry&crs=EPSG:4326&spatialIndex=no&subsetIndex=no&watchFile=no", "Shape_Leng": 0.00015580877, "Shape_Area": 1.39e-09 }, "geometry": { "type": "MultiPolygon", "coordinates": [ [ [ [ 115.24319923135954, -8.490182799096829 ], [ 115.243176092702583, -8.490196976009599 ], [ 115.243166433084525, -8.490181351188369 ], [ 115.243172936082146, -8.490148539423501 ], [ 115.243196755525901, -8.490133944326033 ], [ 115.24319923135954, -8.490182799096829 ] ] ] ] } },
{ "type": "Feature", "properties": { "latitude": -8.49211563, "longitude": 115.24524027, "area_in_me": 62.6818, "confidence": 0.8794, "full_plus": "6P3QG65W+5358", "layer": "2dd_buildings_010", "path": "file:///C:/Users/BPN/Downloads/Compressed/2dd_buildings.csv/2dd_buildings_split/2dd_buildings_010.csv?type=csv&maxFields=10000&detectTypes=yes&wktField=geometry&crs=EPSG:4326&spatialIndex=no&subsetIndex=no&watchFile=no", "Shape_Leng": 0.00028643587, "Shape_Area": 5.13e-09 }, "geometry": { "type": "MultiPolygon", "coordinates": [ [ [ [ 115.245283250121929, -8.492088766483334 ], [ 115.245268780929564, -8.492157433318823 ], [ 115.245197280330331, -8.492142500975604 ], [ 115.245211749522696, -8.492073834140115 ], [ 115.245283250121929, -8.492088766483334 ] ] ] ] } },
{ "type": "Feature", "properties": { "latitude": -8.48652897, "longitude": 115.24552746000001, "area_in_me": 185.5036, "confidence": 0.9175, "full_plus": "6P3QG67W+96JX", "layer": "2dd_buildings_010", "path": "file:///C:/Users/BPN/Downloads/Compressed/2dd_buildings.csv/2dd_buildings_split/2dd_buildings_010.csv?type=csv&maxFields=10000&detectTypes=yes&wktField=geometry&crs=EPSG:4326&spatialIndex=no&subsetIndex=no&watchFile=no", "Shape_Leng": 0.00055309753, "Shape_Area": 1.517e-08 }, "geometry": { "type": "MultiPolygon", "coordinates": [ [ [ [ 115.245630556604965, -8.486498781193745 ], [ 115.245626326194042, -8.486555466361665 ], [ 115.245624943036773, -8.48657399239579 ], [ 115.245424362744188, -8.48655915448137 ], [ 115.24542997631238, -8.486483943279325 ], [ 115.245630556604965, -8.486498781193745 ] ] ] ] } },
{ "type": "Feature", "properties": { "latitude": -8.48627022, "longitude": 115.24486534, "area_in_me": 68.8682, "confidence": 0.8637, "full_plus": "6P3QG67V+FWX4", "layer": "2dd_buildings_010", "path": "file:///C:/Users/BPN/Downloads/Compressed/2dd_buildings.csv/2dd_buildings_split/2dd_buildings_010.csv?type=csv&maxFields=10000&detectTypes=yes&wktField=geometry&crs=EPSG:4326&spatialIndex=no&subsetIndex=no&watchFile=no", "Shape_Leng": 0.00030172551, "Shape_Area": 5.63e-09 }, "geometry": { "type": "MultiPolygon", "coordinates": [ [ [ [ 115.24491132289927, -8.486242596718398 ], [ 115.244901564355814, -8.486309687941684 ], [ 115.244819348334318, -8.486297834877121 ], [ 115.244829106877887, -8.486230744553154 ], [ 115.24491132289927, -8.486242596718398 ] ] ] ] } },
{ "type": "Feature", "properties": { "latitude": -8.48812558, "longitude": 115.24607193, "area_in_me": 54.0567, "confidence": 0.8232, "full_plus": "6P3QG66W+PCWV", "layer": "2dd_buildings_010", "path": "file:///C:/Users/BPN/Downloads/Compressed/2dd_buildings.csv/2dd_buildings_split/2dd_buildings_010.csv?type=csv&maxFields=10000&detectTypes=yes&wktField=geometry&crs=EPSG:4326&spatialIndex=no&subsetIndex=no&watchFile=no", "Shape_Leng": 0.00026598628, "Shape_Area": 4.42e-09 }, "geometry": { "type": "MultiPolygon", "coordinates": [ [ [ [ 115.246041081830526, -8.488161061084043 ], [ 115.246039294877619, -8.488126934510376 ], [ 115.246037542998238, -8.488093477032294 ], [ 115.246102771725646, -8.488090091984134 ], [ 115.246106310557821, -8.488157676035883 ], [ 115.246041081830526, -8.488161061084043 ] ] ] ] } },
{ "type": "Feature", "properties": { "latitude": -8.4878748, "longitude": 115.24528127000001, "area_in_me": 227.6821, "confidence": 0.8518, "full_plus": "6P3QG66W+V432", "layer": "2dd_buildings_010", "path": "file:///C:/Users/BPN/Downloads/Compressed/2dd_buildings.csv/2dd_buildings_split/2dd_buildings_010.csv?type=csv&maxFields=10000&detectTypes=yes&wktField=geometry&crs=EPSG:4326&spatialIndex=no&subsetIndex=no&watchFile=no", "Shape_Leng": 0.00065197834, "Shape_Area": 1.862e-08 }, "geometry": { "type": "MultiPolygon", "coordinates": [ [ [ [ 115.245179612249331, -8.487892793317712 ], [ 115.24517879386633, -8.487864640940359 ], [ 115.245177434990637, -8.487817862704162 ], [ 115.245292269422748, -8.487814555896989 ], [ 115.245324400400818, -8.4878136304946 ], [ 115.245325759276398, -8.487860409630173 ], [ 115.245375374873674, -8.487858980607427 ], [ 115.245377770667687, -8.487941475418722 ], [ 115.245296024991603, -8.487943828944481 ], [ 115.245295488096303, -8.487925366762227 ], [ 115.245246673795009, -8.487926772402602 ], [ 115.24524563148077, -8.487890893050235 ], [ 115.245179612249331, -8.487892793317712 ] ] ] ] } },
{ "type": "Feature", "properties": { "latitude": -8.48493498, "longitude": 115.24283999, "area_in_me": 53.1635, "confidence": 0.8447, "full_plus": "6P3QG68V+24GQ", "layer": "2dd_buildings_010", "path": "file:///C:/Users/BPN/Downloads/Compressed/2dd_buildings.csv/2dd_buildings_split/2dd_buildings_010.csv?type=csv&maxFields=10000&detectTypes=yes&wktField=geometry&crs=EPSG:4326&spatialIndex=no&subsetIndex=no&watchFile=no", "Shape_Leng": 0.00026645254, "Shape_Area": 4.35e-09 }, "geometry": { "type": "MultiPolygon", "coordinates": [ [ [ [ 115.242881268855513, -8.48491126644177 ], [ 115.242874251445642, -8.48496796150215 ], [ 115.242798719185657, -8.484958694887837 ], [ 115.242805736595528, -8.4849019998274 ], [ 115.242881268855513, -8.48491126644177 ] ] ] ] } },
{ "type": "Feature", "properties": { "latitude": -8.48594659, "longitude": 115.24754463, "area_in_me": 28.7163, "confidence": 0.8583, "full_plus": "6P3QG67X+J2F3", "layer": "2dd_buildings_010", "path": "file:///C:/Users/BPN/Downloads/Compressed/2dd_buildings.csv/2dd_buildings_split/2dd_buildings_010.csv?type=csv&maxFields=10000&detectTypes=yes&wktField=geometry&crs=EPSG:4326&spatialIndex=no&subsetIndex=no&watchFile=no", "Shape_Leng": 0.00019447838, "Shape_Area": 2.35e-09 }, "geometry": { "type": "MultiPolygon", "coordinates": [ [ [ [ 115.247569506627542, -8.485922676390373 ], [ 115.247564198828741, -8.485974984557856 ], [ 115.247519760628506, -8.48597051492726 ], [ 115.247525068427194, -8.485918206759777 ], [ 115.247569506627542, -8.485922676390373 ] ] ] ] } },
{ "type": "Feature", "properties": { "latitude": -8.48815035, "longitude": 115.24591785, "area_in_me": 10.4031, "confidence": 0.7839, "full_plus": "6P3QG66W+P9MV", "layer": "2dd_buildings_010", "path": "file:///C:/Users/BPN/Downloads/Compressed/2dd_buildings.csv/2dd_buildings_split/2dd_buildings_010.csv?type=csv&maxFields=10000&detectTypes=yes&wktField=geometry&crs=EPSG:4326&spatialIndex=no&subsetIndex=no&watchFile=no", "Shape_Leng": 0.00011813437, "Shape_Area": 8.5e-10 }, "geometry": { "type": "MultiPolygon", "coordinates": [ [ [ [ 115.245931172085989, -8.488166764584491 ], [ 115.245906312126635, -8.488168055111601 ], [ 115.245904525173728, -8.488133927638614 ], [ 115.245929121631775, -8.488132651500621 ], [ 115.245929385133081, -8.488132638010768 ], [ 115.245929555104908, -8.488135885462725 ], [ 115.245931172085989, -8.488166764584491 ] ] ] ] } },
{ "type": "Feature", "properties": { "latitude": -8.48732426, "longitude": 115.24673163, "area_in_me": 101.8033, "confidence": 0.8984, "full_plus": "6P3QG67W+3MH3", "layer": "2dd_buildings_010", "path": "file:///C:/Users/BPN/Downloads/Compressed/2dd_buildings.csv/2dd_buildings_split/2dd_buildings_010.csv?type=csv&maxFields=10000&detectTypes=yes&wktField=geometry&crs=EPSG:4326&spatialIndex=no&subsetIndex=no&watchFile=no", "Shape_Leng": 0.00036602403, "Shape_Area": 8.32e-09 }, "geometry": { "type": "MultiPolygon", "coordinates": [ [ [ [ 115.24678271584969, -8.487364298623447 ], [ 115.246684335413761, -8.487368672925868 ], [ 115.246680547469396, -8.487284222988478 ], [ 115.246700493533012, -8.487283336256894 ], [ 115.246778927905211, -8.48727984958532 ], [ 115.24678271584969, -8.487364298623447 ] ] ] ] } },
{ "type": "Feature", "properties": { "latitude": -8.48842138, "longitude": 115.24774283000001, "area_in_me": 22.1776, "confidence": 0.7888, "full_plus": "6P3QG66X+J3Q5", "layer": "2dd_buildings_010", "path": "file:///C:/Users/BPN/Downloads/Compressed/2dd_buildings.csv/2dd_buildings_split/2dd_buildings_010.csv?type=csv&maxFields=10000&detectTypes=yes&wktField=geometry&crs=EPSG:4326&spatialIndex=no&subsetIndex=no&watchFile=no", "Shape_Leng": 0.0001705925, "Shape_Area": 1.81e-09 }, "geometry": { "type": "MultiPolygon", "coordinates": [ [ [ [ 115.247766471645377, -8.488402556033066 ], [ 115.247764096535889, -8.488442824976346 ], [ 115.247719215869211, -8.48844020075461 ], [ 115.247721590978699, -8.48839993181133 ], [ 115.247766471645377, -8.488402556033066 ] ] ] ] } },
{ "type": "Feature", "properties": { "latitude": -8.48799875, "longitude": 115.24457395, "area_in_me": 24.7008, "confidence": 0.6938, "full_plus": "6P3QG66V+RR43", "layer": "2dd_buildings_010", "path": "file:///C:/Users/BPN/Downloads/Compressed/2dd_buildings.csv/2dd_buildings_split/2dd_buildings_010.csv?type=csv&maxFields=10000&detectTypes=yes&wktField=geometry&crs=EPSG:4326&spatialIndex=no&subsetIndex=no&watchFile=no", "Shape_Leng": 0.00017994245, "Shape_Area": 2.02e-09 }, "geometry": { "type": "MultiPolygon", "coordinates": [ [ [ [ 115.244599425423189, -8.487979630055861 ], [ 115.244595199508922, -8.488022444080457 ], [ 115.244548473433383, -8.488017872826504 ], [ 115.244552699347651, -8.487975058801851 ], [ 115.244599425423189, -8.487979630055861 ] ] ] ] } },
{ "type": "Feature", "properties": { "latitude": -8.49187586, "longitude": 115.24480643, "area_in_me": 52.8584, "confidence": 0.7114, "full_plus": "6P3QG65V+6WVX", "layer": "2dd_buildings_010", "path": "file:///C:/Users/BPN/Downloads/Compressed/2dd_buildings.csv/2dd_buildings_split/2dd_buildings_010.csv?type=csv&maxFields=10000&detectTypes=yes&wktField=geometry&crs=EPSG:4326&spatialIndex=no&subsetIndex=no&watchFile=no", "Shape_Leng": 0.00026319281, "Shape_Area": 4.32e-09 }, "geometry": { "type": "MultiPolygon", "coordinates": [ [ [ [ 115.244839120828829, -8.491875028209961 ], [ 115.244829128461561, -8.491916470768444 ], [ 115.244827480004233, -8.491916076865436 ], [ 115.244767690376648, -8.491901788436735 ], [ 115.244783729785354, -8.491835266484316 ], [ 115.244845167870267, -8.491849948816025 ], [ 115.244839120828829, -8.491875028209961 ] ] ] ] } },
{ "type": "Feature", "properties": { "latitude": -8.48709542, "longitude": 115.24588013, "area_in_me": 127.2937, "confidence": 0.8637, "full_plus": "6P3QG67W+5962", "layer": "2dd_buildings_010", "path": "file:///C:/Users/BPN/Downloads/Compressed/2dd_buildings.csv/2dd_buildings_split/2dd_buildings_010.csv?type=csv&maxFields=10000&detectTypes=yes&wktField=geometry&crs=EPSG:4326&spatialIndex=no&subsetIndex=no&watchFile=no", "Shape_Leng": 0.00047205204, "Shape_Area": 1.041e-08 }, "geometry": { "type": "MultiPolygon", "coordinates": [ [ [ [ 115.245969709834299, -8.487121861184903 ], [ 115.245792479539318, -8.487127635731781 ], [ 115.245790550493552, -8.487068965760102 ], [ 115.245912104659965, -8.487065005145837 ], [ 115.245967780788533, -8.487063191213281 ], [ 115.245969709834299, -8.487121861184903 ] ] ] ] } },
{ "type": "Feature", "properties": { "latitude": -8.49085859, "longitude": 115.24624115, "area_in_me": 82.871, "confidence": 0.7735, "full_plus": "6P3QG65W+MF5P", "layer": "2dd_buildings_010", "path": "file:///C:/Users/BPN/Downloads/Compressed/2dd_buildings.csv/2dd_buildings_split/2dd_buildings_010.csv?type=csv&maxFields=10000&detectTypes=yes&wktField=geometry&crs=EPSG:4326&spatialIndex=no&subsetIndex=no&watchFile=no", "Shape_Leng": 0.00033356997, "Shape_Area": 6.78e-09 }, "geometry": { "type": "MultiPolygon", "coordinates": [ [ [ [ 115.246286173168414, -8.490819278986464 ], [ 115.24626444015189, -8.490913523440327 ], [ 115.246196134843785, -8.490897912108892 ], [ 115.246217867860423, -8.490803666755767 ], [ 115.246286173168414, -8.490819278986464 ] ] ] ] } },
{ "type": "Feature", "properties": { "latitude": -8.48863614, "longitude": 115.24534158, "area_in_me": 107.2409, "confidence": 0.8891, "full_plus": "6P3QG66W+G4WH", "layer": "2dd_buildings_010", "path": "file:///C:/Users/BPN/Downloads/Compressed/2dd_buildings.csv/2dd_buildings_split/2dd_buildings_010.csv?type=csv&maxFields=10000&detectTypes=yes&wktField=geometry&crs=EPSG:4326&spatialIndex=no&subsetIndex=no&watchFile=no", "Shape_Leng": 0.00040578611, "Shape_Area": 8.77e-09 }, "geometry": { "type": "MultiPolygon", "coordinates": [ [ [ [ 115.245396503545862, -8.488639809779329 ], [ 115.245396827301761, -8.488681671421944 ], [ 115.24532824859989, -8.48868219662603 ], [ 115.24532806513821, -8.488658377182333 ], [ 115.245277430609008, -8.488658764790102 ], [ 115.245276967458153, -8.488598910411326 ], [ 115.245396179789964, -8.48859799670015 ], [ 115.245396503545862, -8.488639809779329 ] ] ] ] } },
{ "type": "Feature", "properties": { "latitude": -8.48702447, "longitude": 115.24478853, "area_in_me": 53.8663, "confidence": 0.67, "full_plus": "6P3QG67V+5WV2", "layer": "2dd_buildings_010", "path": "file:///C:/Users/BPN/Downloads/Compressed/2dd_buildings.csv/2dd_buildings_split/2dd_buildings_010.csv?type=csv&maxFields=10000&detectTypes=yes&wktField=geometry&crs=EPSG:4326&spatialIndex=no&subsetIndex=no&watchFile=no", "Shape_Leng": 0.00030914719, "Shape_Area": 4.4e-09 }, "geometry": { "type": "MultiPolygon", "coordinates": [ [ [ [ 115.244827227294763, -8.487014470441409 ], [ 115.244818022733625, -8.487069232858744 ], [ 115.244767983555676, -8.487060897042738 ], [ 115.244773312038774, -8.4870291923433 ], [ 115.244750408104892, -8.487025377419172 ], [ 115.244758443547425, -8.486977571257853 ], [ 115.244799515585214, -8.486984414199298 ], [ 115.24479535622072, -8.487009160844025 ], [ 115.244827227294763, -8.487014470441409 ] ] ] ] } },
{ "type": "Feature", "properties": { "latitude": -8.48612898, "longitude": 115.24503523, "area_in_me": 16.1478, "confidence": 0.8201, "full_plus": "6P3QG67W+G2VR", "layer": "2dd_buildings_010", "path": "file:///C:/Users/BPN/Downloads/Compressed/2dd_buildings.csv/2dd_buildings_split/2dd_buildings_010.csv?type=csv&maxFields=10000&detectTypes=yes&wktField=geometry&crs=EPSG:4326&spatialIndex=no&subsetIndex=no&watchFile=no", "Shape_Leng": 0.00015483259, "Shape_Area": 1.32e-09 }, "geometry": { "type": "MultiPolygon", "coordinates": [ [ [ [ 115.245062905428767, -8.486120437308273 ], [ 115.24505897539143, -8.486145503212356 ], [ 115.245007548559556, -8.48613751093734 ], [ 115.245011478596894, -8.486112445033257 ], [ 115.245062905428767, -8.486120437308273 ] ] ] ] } },
{ "type": "Feature", "properties": { "latitude": -8.48699315, "longitude": 115.24631832, "area_in_me": 17.3382, "confidence": 0.6868, "full_plus": "6P3QG67W+6G46", "layer": "2dd_buildings_010", "path": "file:///C:/Users/BPN/Downloads/Compressed/2dd_buildings.csv/2dd_buildings_split/2dd_buildings_010.csv?type=csv&maxFields=10000&detectTypes=yes&wktField=geometry&crs=EPSG:4326&spatialIndex=no&subsetIndex=no&watchFile=no", "Shape_Leng": 0.00017059091, "Shape_Area": 1.42e-09 }, "geometry": { "type": "MultiPolygon", "coordinates": [ [ [ [ 115.24633240821413, -8.487023344951353 ], [ 115.246309877498902, -8.487025374721213 ], [ 115.246304202776741, -8.486962959073253 ], [ 115.246322646073281, -8.486961298025449 ], [ 115.246326734391346, -8.486960929303393 ], [ 115.246329632007019, -8.486992802176019 ], [ 115.24633240821413, -8.487023344951353 ] ] ] ] } },
{ "type": "Feature", "properties": { "latitude": -8.49133215, "longitude": 115.24550027, "area_in_me": 14.6745, "confidence": 0.6501, "full_plus": "6P3QG65W+F66J", "layer": "2dd_buildings_010", "path": "file:///C:/Users/BPN/Downloads/Compressed/2dd_buildings.csv/2dd_buildings_split/2dd_buildings_010.csv?type=csv&maxFields=10000&detectTypes=yes&wktField=geometry&crs=EPSG:4326&spatialIndex=no&subsetIndex=no&watchFile=no", "Shape_Leng": 0.00014241927, "Shape_Area": 1.2e-09 }, "geometry": { "type": "MultiPolygon", "coordinates": [ [ [ [ 115.245518387763468, -8.491313693871803 ], [ 115.245508934989402, -8.491356459333076 ], [ 115.245482233218581, -8.491350682088239 ], [ 115.245491589765152, -8.491307823097486 ], [ 115.245518387763468, -8.491313693871803 ] ] ] ] } },
{ "type": "Feature", "properties": { "latitude": -8.49101092, "longitude": 115.24628492, "area_in_me": 137.4728, "confidence": 0.846, "full_plus": "6P3QG65W+HGVC", "layer": "2dd_buildings_010", "path": "file:///C:/Users/BPN/Downloads/Compressed/2dd_buildings.csv/2dd_buildings_split/2dd_buildings_010.csv?type=csv&maxFields=10000&detectTypes=yes&wktField=geometry&crs=EPSG:4326&spatialIndex=no&subsetIndex=no&watchFile=no", "Shape_Leng": 0.00059081646, "Shape_Area": 1.124e-08 }, "geometry": { "type": "MultiPolygon", "coordinates": [ [ [ [ 115.246254687004239, -8.491033338317834 ], [ 115.246282405908346, -8.490941743266774 ], [ 115.246299705267234, -8.490884576961605 ], [ 115.246342683867852, -8.490897468743128 ], [ 115.246270115773314, -8.491137266671501 ], [ 115.246227137172696, -8.491124374889921 ], [ 115.246254687004239, -8.491033338317834 ] ] ] ] } },
{ "type": "Feature", "properties": { "latitude": -8.48946451, "longitude": 115.24669011, "area_in_me": 12.7492, "confidence": 0.6545, "full_plus": "6P3QG66W+6M8C", "layer": "2dd_buildings_010", "path": "file:///C:/Users/BPN/Downloads/Compressed/2dd_buildings.csv/2dd_buildings_split/2dd_buildings_010.csv?type=csv&maxFields=10000&detectTypes=yes&wktField=geometry&crs=EPSG:4326&spatialIndex=no&subsetIndex=no&watchFile=no", "Shape_Leng": 0.0001294416, "Shape_Area": 1.04e-09 }, "geometry": { "type": "MultiPolygon", "coordinates": [ [ [ [ 115.246711004809072, -8.489455011039865 ], [ 115.246702263398788, -8.489483925142963 ], [ 115.246671592020448, -8.489474734970997 ], [ 115.246669201622467, -8.489474019110673 ], [ 115.246671331217044, -8.489466972922401 ], [ 115.246677942133374, -8.489445105007519 ], [ 115.246711004809072, -8.489455011039865 ] ] ] ] } },
{ "type": "Feature", "properties": { "latitude": -8.48785101, "longitude": 115.24624457, "area_in_me": 31.1279, "confidence": 0.7593, "full_plus": "6P3QG66W+VF5X", "layer": "2dd_buildings_010", "path": "file:///C:/Users/BPN/Downloads/Compressed/2dd_buildings.csv/2dd_buildings_split/2dd_buildings_010.csv?type=csv&maxFields=10000&detectTypes=yes&wktField=geometry&crs=EPSG:4326&spatialIndex=no&subsetIndex=no&watchFile=no", "Shape_Leng": 0.00020683618, "Shape_Area": 2.55e-09 }, "geometry": { "type": "MultiPolygon", "coordinates": [ [ [ [ 115.246225746820869, -8.487883349536901 ], [ 115.246223048854631, -8.487820367316033 ], [ 115.246263391542357, -8.48781865500689 ], [ 115.246266088609218, -8.487881636328382 ], [ 115.246225746820869, -8.487883349536901 ] ] ] ] } },
{ "type": "Feature", "properties": { "latitude": -8.48792112, "longitude": 115.24609459, "area_in_me": 22.9351, "confidence": 0.6871, "full_plus": "6P3QG66W+RCQ2", "layer": "2dd_buildings_010", "path": "file:///C:/Users/BPN/Downloads/Compressed/2dd_buildings.csv/2dd_buildings_split/2dd_buildings_010.csv?type=csv&maxFields=10000&detectTypes=yes&wktField=geometry&crs=EPSG:4326&spatialIndex=no&subsetIndex=no&watchFile=no", "Shape_Leng": 0.0001885923, "Shape_Area": 1.88e-09 }, "geometry": { "type": "MultiPolygon", "coordinates": [ [ [ [ 115.246128111922872, -8.48793381409422 ], [ 115.246062395763033, -8.487936905963409 ], [ 115.246061044082012, -8.487908430729476 ], [ 115.24612676024185, -8.48790533886023 ], [ 115.246128111922872, -8.48793381409422 ] ] ] ] } },
{ "type": "Feature", "properties": { "latitude": -8.48617832, "longitude": 115.24706022, "area_in_me": 103.2548, "confidence": 0.8341, "full_plus": "6P3QG67W+GRFX", "layer": "2dd_buildings_010", "path": "file:///C:/Users/BPN/Downloads/Compressed/2dd_buildings.csv/2dd_buildings_split/2dd_buildings_010.csv?type=csv&maxFields=10000&detectTypes=yes&wktField=geometry&crs=EPSG:4326&spatialIndex=no&subsetIndex=no&watchFile=no", "Shape_Leng": 0.00037373717, "Shape_Area": 8.44e-09 }, "geometry": { "type": "MultiPolygon", "coordinates": [ [ [ [ 115.247117584708803, -8.486143405993346 ], [ 115.247113014354227, -8.486219775522159 ], [ 115.247002845604925, -8.486213240148857 ], [ 115.247007415959501, -8.486136870620044 ], [ 115.247117584708803, -8.486143405993346 ] ] ] ] } },
{ "type": "Feature", "properties": { "latitude": -8.48716422, "longitude": 115.24604637, "area_in_me": 52.9951, "confidence": 0.8844, "full_plus": "6P3QG67W+4CMF", "layer": "2dd_buildings_010", "path": "file:///C:/Users/BPN/Downloads/Compressed/2dd_buildings.csv/2dd_buildings_split/2dd_buildings_010.csv?type=csv&maxFields=10000&detectTypes=yes&wktField=geometry&crs=EPSG:4326&spatialIndex=no&subsetIndex=no&watchFile=no", "Shape_Leng": 0.00026341752, "Shape_Area": 4.33e-09 }, "geometry": { "type": "MultiPolygon", "coordinates": [ [ [ [ 115.246015461044749, -8.487199064385266 ], [ 115.246015407085451, -8.48719743211575 ], [ 115.246013238819955, -8.487131463246385 ], [ 115.246077275945595, -8.487129376819212 ], [ 115.246079498170388, -8.487196977958092 ], [ 115.246015461044749, -8.487199064385266 ] ] ] ] } },
{ "type": "Feature", "properties": { "latitude": -8.48779236, "longitude": 115.24548521, "area_in_me": 28.3332, "confidence": 0.7652, "full_plus": "6P3QG66W+V5Q8", "layer": "2dd_buildings_010", "path": "file:///C:/Users/BPN/Downloads/Compressed/2dd_buildings.csv/2dd_buildings_split/2dd_buildings_010.csv?type=csv&maxFields=10000&detectTypes=yes&wktField=geometry&crs=EPSG:4326&spatialIndex=no&subsetIndex=no&watchFile=no", "Shape_Leng": 0.00019414637, "Shape_Area": 2.32e-09 }, "geometry": { "type": "MultiPolygon", "coordinates": [ [ [ [ 115.245503919470366, -8.487821454596428 ], [ 115.245461777239257, -8.487817837523153 ], [ 115.245466503176658, -8.487763265762055 ], [ 115.245508645407767, -8.487766882835331 ], [ 115.245503919470366, -8.487821454596428 ] ] ] ] } },
{ "type": "Feature", "properties": { "latitude": -8.48800053, "longitude": 115.24672834, "area_in_me": 333.0977, "confidence": 0.7704, "full_plus": "6P3QG66W+QMXV", "layer": "2dd_buildings_010", "path": "file:///C:/Users/BPN/Downloads/Compressed/2dd_buildings.csv/2dd_buildings_split/2dd_buildings_010.csv?type=csv&maxFields=10000&detectTypes=yes&wktField=geometry&crs=EPSG:4326&spatialIndex=no&subsetIndex=no&watchFile=no", "Shape_Leng": 0.0008868657, "Shape_Area": 2.724e-08 }, "geometry": { "type": "MultiPolygon", "coordinates": [ [ [ [ 115.246825799671001, -8.487931299589775 ], [ 115.246833496968407, -8.488102204053405 ], [ 115.24683360039046, -8.488104500022587 ], [ 115.246737509628474, -8.488108698957262 ], [ 115.246737452971161, -8.488107534335199 ], [ 115.246734558053504, -8.488042648249575 ], [ 115.246732500404619, -8.487996299889289 ], [ 115.246558700123956, -8.488003999884654 ], [ 115.246556000359192, -8.487943300143115 ], [ 115.246825799671001, -8.487931299589775 ] ] ] ] } },
{ "type": "Feature", "properties": { "latitude": -8.48987054, "longitude": 115.24607768, "area_in_me": 45.2847, "confidence": 0.8234, "full_plus": "6P3QG66W+3C43", "layer": "2dd_buildings_010", "path": "file:///C:/Users/BPN/Downloads/Compressed/2dd_buildings.csv/2dd_buildings_split/2dd_buildings_010.csv?type=csv&maxFields=10000&detectTypes=yes&wktField=geometry&crs=EPSG:4326&spatialIndex=no&subsetIndex=no&watchFile=no", "Shape_Leng": 0.00024431203, "Shape_Area": 3.7e-09 }, "geometry": { "type": "MultiPolygon", "coordinates": [ [ [ [ 115.24610592654733, -8.489903422904604 ], [ 115.246050089440132, -8.489903975987659 ], [ 115.246049427539106, -8.489837662677928 ], [ 115.246073893595394, -8.489837420760296 ], [ 115.24610526374704, -8.489837109594873 ], [ 115.24610530871314, -8.489841570232215 ], [ 115.24610592654733, -8.489903422904604 ] ] ] ] } },
{ "type": "Feature", "properties": { "latitude": -8.48704024, "longitude": 115.24470683, "area_in_me": 13.8262, "confidence": 0.7159, "full_plus": "6P3QG67V+5VP8", "layer": "2dd_buildings_010", "path": "file:///C:/Users/BPN/Downloads/Compressed/2dd_buildings.csv/2dd_buildings_split/2dd_buildings_010.csv?type=csv&maxFields=10000&detectTypes=yes&wktField=geometry&crs=EPSG:4326&spatialIndex=no&subsetIndex=no&watchFile=no", "Shape_Leng": 0.00013787492, "Shape_Area": 1.13e-09 }, "geometry": { "type": "MultiPolygon", "coordinates": [ [ [ [ 115.244720831201448, -8.487060904237296 ], [ 115.244693953163505, -8.487061605708504 ], [ 115.244692845198756, -8.487019570496727 ], [ 115.244719723236699, -8.487018868126199 ], [ 115.244720831201448, -8.487060904237296 ] ] ] ] } },
{ "type": "Feature", "properties": { "latitude": -8.49069345, "longitude": 115.2460947, "area_in_me": 53.8774, "confidence": 0.7739, "full_plus": "6P3QG65W+PCH6", "layer": "2dd_buildings_010", "path": "file:///C:/Users/BPN/Downloads/Compressed/2dd_buildings.csv/2dd_buildings_split/2dd_buildings_010.csv?type=csv&maxFields=10000&detectTypes=yes&wktField=geometry&crs=EPSG:4326&spatialIndex=no&subsetIndex=no&watchFile=no", "Shape_Leng": 0.00026906429, "Shape_Area": 4.41e-09 }, "geometry": { "type": "MultiPolygon", "coordinates": [ [ [ [ 115.24614076988064, -8.490679124142218 ], [ 115.246122770849297, -8.490732534878532 ], [ 115.2460486271425, -8.490707770247354 ], [ 115.246066626173956, -8.490654359511041 ], [ 115.24614076988064, -8.490679124142218 ] ] ] ] } },
{ "type": "Feature", "properties": { "latitude": -8.48498033, "longitude": 115.24326811, "area_in_me": 73.2136, "confidence": 0.7921, "full_plus": "6P3QG68V+282P", "layer": "2dd_buildings_010", "path": "file:///C:/Users/BPN/Downloads/Compressed/2dd_buildings.csv/2dd_buildings_split/2dd_buildings_010.csv?type=csv&maxFields=10000&detectTypes=yes&wktField=geometry&crs=EPSG:4326&spatialIndex=no&subsetIndex=no&watchFile=no", "Shape_Leng": 0.00032414699, "Shape_Area": 5.99e-09 }, "geometry": { "type": "MultiPolygon", "coordinates": [ [ [ [ 115.243318075868615, -8.484961134748517 ], [ 115.243286491678305, -8.485034864767158 ], [ 115.243237733134947, -8.485014163272979 ], [ 115.243245629182525, -8.484995730768333 ], [ 115.243219035330299, -8.484984439780021 ], [ 115.243242723472918, -8.484929141366706 ], [ 115.243318075868615, -8.484961134748517 ] ] ] ] } },
{ "type": "Feature", "properties": { "latitude": -8.49182237, "longitude": 115.2454288, "area_in_me": 9.9488, "confidence": 0.6733, "full_plus": "6P3QG65W+75F4", "layer": "2dd_buildings_010", "path": "file:///C:/Users/BPN/Downloads/Compressed/2dd_buildings.csv/2dd_buildings_split/2dd_buildings_010.csv?type=csv&maxFields=10000&detectTypes=yes&wktField=geometry&crs=EPSG:4326&spatialIndex=no&subsetIndex=no&watchFile=no", "Shape_Leng": 0.00012707058, "Shape_Area": 8.1e-10 }, "geometry": { "type": "MultiPolygon", "coordinates": [ [ [ [ 115.24545287754836, -8.491817572323043 ], [ 115.245449773088581, -8.4918350794253 ], [ 115.245437434390169, -8.491832911159861 ], [ 115.245413226439268, -8.491828657366625 ], [ 115.24540582232089, -8.491827356047622 ], [ 115.245404708960223, -8.49182715999541 ], [ 115.245406235109726, -8.491818548986828 ], [ 115.245407812520625, -8.491809652893096 ], [ 115.24545287754836, -8.491817572323043 ] ] ] ] } },
{ "type": "Feature", "properties": { "latitude": -8.48880587, "longitude": 115.24588103000001, "area_in_me": 90.0916, "confidence": 0.8608, "full_plus": "6P3QG66W+F9CJ", "layer": "2dd_buildings_010", "path": "file:///C:/Users/BPN/Downloads/Compressed/2dd_buildings.csv/2dd_buildings_split/2dd_buildings_010.csv?type=csv&maxFields=10000&detectTypes=yes&wktField=geometry&crs=EPSG:4326&spatialIndex=no&subsetIndex=no&watchFile=no", "Shape_Leng": 0.00035566081, "Shape_Area": 7.37e-09 }, "geometry": { "type": "MultiPolygon", "coordinates": [ [ [ [ 115.245824436048906, -8.488773924776751 ], [ 115.245936548233203, -8.488772119837392 ], [ 115.245937615728394, -8.488837814413557 ], [ 115.245825502644948, -8.488839619352916 ], [ 115.245824436048906, -8.488773924776751 ] ] ] ] } },
{ "type": "Feature", "properties": { "latitude": -8.4875195, "longitude": 115.2453483, "area_in_me": 81.9717, "confidence": 0.8029, "full_plus": "6P3QG66W+X4X6", "layer": "2dd_buildings_010", "path": "file:///C:/Users/BPN/Downloads/Compressed/2dd_buildings.csv/2dd_buildings_split/2dd_buildings_010.csv?type=csv&maxFields=10000&detectTypes=yes&wktField=geometry&crs=EPSG:4326&spatialIndex=no&subsetIndex=no&watchFile=no", "Shape_Leng": 0.00041799066, "Shape_Area": 6.7e-09 }, "geometry": { "type": "MultiPolygon", "coordinates": [ [ [ [ 115.245296784019388, -8.487540772588545 ], [ 115.245264196185758, -8.487541710581411 ], [ 115.245264115246755, -8.487538916387848 ], [ 115.245263047751564, -8.487502165592446 ], [ 115.245432410777198, -8.487497289468308 ], [ 115.245433560110769, -8.487536834457273 ], [ 115.245351477188933, -8.487539197875662 ], [ 115.245296784019388, -8.487540772588545 ] ] ] ] } },
{ "type": "Feature", "properties": { "latitude": -8.48742744, "longitude": 115.24595355, "area_in_me": 266.1658, "confidence": 0.8826, "full_plus": "6P3QG67W+29GW", "layer": "2dd_buildings_010", "path": "file:///C:/Users/BPN/Downloads/Compressed/2dd_buildings.csv/2dd_buildings_split/2dd_buildings_010.csv?type=csv&maxFields=10000&detectTypes=yes&wktField=geometry&crs=EPSG:4326&spatialIndex=no&subsetIndex=no&watchFile=no", "Shape_Leng": 0.00087977989, "Shape_Area": 2.176e-08 }, "geometry": { "type": "MultiPolygon", "coordinates": [ [ [ [ 115.245910956225657, -8.487401837224979 ], [ 115.245984459615215, -8.487398024099491 ], [ 115.24613751073764, -8.487390083085813 ], [ 115.246140560338631, -8.487448352859133 ], [ 115.246119562967465, -8.487449441938168 ], [ 115.246061578279296, -8.487452450170395 ], [ 115.246056025864959, -8.487452737953447 ], [ 115.245914006726139, -8.487460106098979 ], [ 115.245878027548997, -8.487461973091513 ], [ 115.245781061746698, -8.487467003899042 ], [ 115.245776885295072, -8.487387205255288 ], [ 115.24581211173961, -8.487385377832879 ], [ 115.245813238590131, -8.487406906703313 ], [ 115.245910956225657, -8.487401837224979 ] ] ] ] } },
{ "type": "Feature", "properties": { "latitude": -8.4865433, "longitude": 115.24587912, "area_in_me": 14.9668, "confidence": 0.776, "full_plus": "6P3QG67W+99J6", "layer": "2dd_buildings_010", "path": "file:///C:/Users/BPN/Downloads/Compressed/2dd_buildings.csv/2dd_buildings_split/2dd_buildings_010.csv?type=csv&maxFields=10000&detectTypes=yes&wktField=geometry&crs=EPSG:4326&spatialIndex=no&subsetIndex=no&watchFile=no", "Shape_Leng": 0.00014839955, "Shape_Area": 1.22e-09 }, "geometry": { "type": "MultiPolygon", "coordinates": [ [ [ [ 115.245891390575252, -8.486567233990627 ], [ 115.245891386977974, -8.486568086547891 ], [ 115.245866636735968, -8.48656797503196 ], [ 115.245866639433871, -8.486567352701115 ], [ 115.245866861566469, -8.486518525809288 ], [ 115.245891610909212, -8.486518637325219 ], [ 115.245891390575252, -8.486567233990627 ] ] ] ] } },
{ "type": "Feature", "properties": { "latitude": -8.48741173, "longitude": 115.24470569, "area_in_me": 12.1173, "confidence": 0.6552, "full_plus": "6P3QG67V+2VPG", "layer": "2dd_buildings_010", "path": "file:///C:/Users/BPN/Downloads/Compressed/2dd_buildings.csv/2dd_buildings_split/2dd_buildings_010.csv?type=csv&maxFields=10000&detectTypes=yes&wktField=geometry&crs=EPSG:4326&spatialIndex=no&subsetIndex=no&watchFile=no", "Shape_Leng": 0.00012598883, "Shape_Area": 9.9e-10 }, "geometry": { "type": "MultiPolygon", "coordinates": [ [ [ [ 115.244688808142087, -8.487397176938146 ], [ 115.244721381586601, -8.487395919685923 ], [ 115.244722564195058, -8.487426293388694 ], [ 115.244689990750544, -8.487427550640916 ], [ 115.244688808142087, -8.487397176938146 ] ] ] ] } },
{ "type": "Feature", "properties": { "latitude": -8.48598196, "longitude": 115.24598721, "area_in_me": 51.5514, "confidence": 0.8651, "full_plus": "6P3QG67W+J95P", "layer": "2dd_buildings_010", "path": "file:///C:/Users/BPN/Downloads/Compressed/2dd_buildings.csv/2dd_buildings_split/2dd_buildings_010.csv?type=csv&maxFields=10000&detectTypes=yes&wktField=geometry&crs=EPSG:4326&spatialIndex=no&subsetIndex=no&watchFile=no", "Shape_Leng": 0.00025978745, "Shape_Area": 4.22e-09 }, "geometry": { "type": "MultiPolygon", "coordinates": [ [ [ [ 115.246019238197391, -8.486014892872959 ], [ 115.245955913334797, -8.486015583552273 ], [ 115.245955181286604, -8.485949022029672 ], [ 115.246018506149198, -8.485948332249677 ], [ 115.246018572699086, -8.485954390982329 ], [ 115.246018586188825, -8.485955608664369 ], [ 115.246019238197391, -8.486014892872959 ] ] ] ] } },
{ "type": "Feature", "properties": { "latitude": -8.48739667, "longitude": 115.24663007, "area_in_me": 42.9052, "confidence": 0.7665, "full_plus": "6P3QG67W+2MR2", "layer": "2dd_buildings_010", "path": "file:///C:/Users/BPN/Downloads/Compressed/2dd_buildings.csv/2dd_buildings_split/2dd_buildings_010.csv?type=csv&maxFields=10000&detectTypes=yes&wktField=geometry&crs=EPSG:4326&spatialIndex=no&subsetIndex=no&watchFile=no", "Shape_Leng": 0.00023950461, "Shape_Area": 3.51e-09 }, "geometry": { "type": "MultiPolygon", "coordinates": [ [ [ [ 115.246665491918975, -8.487420679820445 ], [ 115.246596926706843, -8.487423728522231 ], [ 115.246594636133636, -8.487372660519839 ], [ 115.246663201345768, -8.48736961181811 ], [ 115.246665491918975, -8.487420679820445 ] ] ] ] } },
{ "type": "Feature", "properties": { "latitude": -8.48528016, "longitude": 115.24219794, "area_in_me": 70.6348, "confidence": 0.7792, "full_plus": "6P3QG67R+VVPM", "layer": "2dd_buildings_010", "path": "file:///C:/Users/BPN/Downloads/Compressed/2dd_buildings.csv/2dd_buildings_split/2dd_buildings_010.csv?type=csv&maxFields=10000&detectTypes=yes&wktField=geometry&crs=EPSG:4326&spatialIndex=no&subsetIndex=no&watchFile=no", "Shape_Leng": 0.00030412624, "Shape_Area": 5.78e-09 }, "geometry": { "type": "MultiPolygon", "coordinates": [ [ [ [ 115.242248032820498, -8.485260351783779 ], [ 115.242220509069284, -8.485328881922328 ], [ 115.242147842049349, -8.485299954329378 ], [ 115.242175366699826, -8.485231425090149 ], [ 115.242248032820498, -8.485260351783779 ] ] ] ] } },
{ "type": "Feature", "properties": { "latitude": -8.48565737, "longitude": 115.24291442000001, "area_in_me": 8.3127, "confidence": 0.7023, "full_plus": "6P3QG67V+P5MM", "layer": "2dd_buildings_010", "path": "file:///C:/Users/BPN/Downloads/Compressed/2dd_buildings.csv/2dd_buildings_split/2dd_buildings_010.csv?type=csv&maxFields=10000&detectTypes=yes&wktField=geometry&crs=EPSG:4326&spatialIndex=no&subsetIndex=no&watchFile=no", "Shape_Leng": 0.00010430623, "Shape_Area": 6.8e-10 }, "geometry": { "type": "MultiPolygon", "coordinates": [ [ [ [ 115.242927715241876, -8.485657136267776 ], [ 115.24292765588666, -8.485670216007634 ], [ 115.242913264935282, -8.485670151256443 ], [ 115.242901080020943, -8.485670096397769 ], [ 115.242901139376158, -8.485657016657967 ], [ 115.242901196033472, -8.485644519678772 ], [ 115.24292777189919, -8.485644639288637 ], [ 115.242927715241876, -8.485657136267776 ] ] ] ] } },
{ "type": "Feature", "properties": { "latitude": -8.48810633, "longitude": 115.24601817, "area_in_me": 12.4296, "confidence": 0.7715, "full_plus": "6P3QG66W+QC2P", "layer": "2dd_buildings_010", "path": "file:///C:/Users/BPN/Downloads/Compressed/2dd_buildings.csv/2dd_buildings_split/2dd_buildings_010.csv?type=csv&maxFields=10000&detectTypes=yes&wktField=geometry&crs=EPSG:4326&spatialIndex=no&subsetIndex=no&watchFile=no", "Shape_Leng": 0.00012758598, "Shape_Area": 1.02e-09 }, "geometry": { "type": "MultiPolygon", "coordinates": [ [ [ [ 115.246035336061937, -8.488121001682828 ], [ 115.246002489223542, -8.488122546718103 ], [ 115.246001024227894, -8.488091671193615 ], [ 115.246033870167025, -8.48809012615834 ], [ 115.246035336061937, -8.488121001682828 ] ] ] ] } },
{ "type": "Feature", "properties": { "latitude": -8.48644527, "longitude": 115.24536811, "area_in_me": 89.4786, "confidence": 0.7596, "full_plus": "6P3QG67W+C4H5", "layer": "2dd_buildings_010", "path": "file:///C:/Users/BPN/Downloads/Compressed/2dd_buildings.csv/2dd_buildings_split/2dd_buildings_010.csv?type=csv&maxFields=10000&detectTypes=yes&wktField=geometry&crs=EPSG:4326&spatialIndex=no&subsetIndex=no&watchFile=no", "Shape_Leng": 0.00045258381, "Shape_Area": 7.32e-09 }, "geometry": { "type": "MultiPolygon", "coordinates": [ [ [ [ 115.245434132079595, -8.486428264452798 ], [ 115.24542997631238, -8.486483943279325 ], [ 115.245331648936485, -8.486476668663272 ], [ 115.245334659866671, -8.486436328673562 ], [ 115.245267680159373, -8.486431374308438 ], [ 115.245269174832629, -8.486411349104458 ], [ 115.245434075422281, -8.48642354840797 ], [ 115.245434481915822, -8.486423578085635 ], [ 115.245434132079595, -8.486428264452798 ] ] ] ] } },
{ "type": "Feature", "properties": { "latitude": -8.48579325, "longitude": 115.24193531, "area_in_me": 65.1088, "confidence": 0.8718, "full_plus": "6P3QG67R+MQM9", "layer": "2dd_buildings_010", "path": "file:///C:/Users/BPN/Downloads/Compressed/2dd_buildings.csv/2dd_buildings_split/2dd_buildings_010.csv?type=csv&maxFields=10000&detectTypes=yes&wktField=geometry&crs=EPSG:4326&spatialIndex=no&subsetIndex=no&watchFile=no", "Shape_Leng": 0.00030203707, "Shape_Area": 5.32e-09 }, "geometry": { "type": "MultiPolygon", "coordinates": [ [ [ [ 115.241989126996714, -8.485781019678257 ], [ 115.241971914872011, -8.485834392643085 ], [ 115.241881483543693, -8.485805488432504 ], [ 115.241898695668283, -8.485752114568413 ], [ 115.241989126996714, -8.485781019678257 ] ] ] ] } },
{ "type": "Feature", "properties": { "latitude": -8.48874988, "longitude": 115.24580964, "area_in_me": 17.1039, "confidence": 0.6882, "full_plus": "6P3QG66W+G835", "layer": "2dd_buildings_010", "path": "file:///C:/Users/BPN/Downloads/Compressed/2dd_buildings.csv/2dd_buildings_split/2dd_buildings_010.csv?type=csv&maxFields=10000&detectTypes=yes&wktField=geometry&crs=EPSG:4326&spatialIndex=no&subsetIndex=no&watchFile=no", "Shape_Leng": 0.00015472975, "Shape_Area": 1.4e-09 }, "geometry": { "type": "MultiPolygon", "coordinates": [ [ [ [ 115.245824436048906, -8.488773924776751 ], [ 115.245795639757034, -8.488774388826926 ], [ 115.245794851051642, -8.48872582993306 ], [ 115.245819323403111, -8.488725436929315 ], [ 115.245822778598381, -8.488725381171378 ], [ 115.245823647343514, -8.488725366782205 ], [ 115.245823770550601, -8.48873297684537 ], [ 115.245824419861151, -8.488772934623171 ], [ 115.245824436048906, -8.488773924776751 ] ] ] ] } },
{ "type": "Feature", "properties": { "latitude": -8.48759794, "longitude": 115.24625198, "area_in_me": 12.0954, "confidence": 0.6666, "full_plus": "6P3QG66W+XG62", "layer": "2dd_buildings_010", "path": "file:///C:/Users/BPN/Downloads/Compressed/2dd_buildings.csv/2dd_buildings_split/2dd_buildings_010.csv?type=csv&maxFields=10000&detectTypes=yes&wktField=geometry&crs=EPSG:4326&spatialIndex=no&subsetIndex=no&watchFile=no", "Shape_Leng": 0.00012661555, "Shape_Area": 9.9e-10 }, "geometry": { "type": "MultiPolygon", "coordinates": [ [ [ [ 115.246238885016623, -8.487616262580389 ], [ 115.246237042305665, -8.487581065813515 ], [ 115.246265066979277, -8.48757961160976 ], [ 115.246266909690235, -8.487614809275954 ], [ 115.246238885016623, -8.487616262580389 ] ] ] ] } },
{ "type": "Feature", "properties": { "latitude": -8.48875598, "longitude": 115.24691893000001, "area_in_me": 115.4525, "confidence": 0.8072, "full_plus": "6P3QG66W+FQVM", "layer": "2dd_buildings_010", "path": "file:///C:/Users/BPN/Downloads/Compressed/2dd_buildings.csv/2dd_buildings_split/2dd_buildings_010.csv?type=csv&maxFields=10000&detectTypes=yes&wktField=geometry&crs=EPSG:4326&spatialIndex=no&subsetIndex=no&watchFile=no", "Shape_Leng": 0.00045925817, "Shape_Area": 9.44e-09 }, "geometry": { "type": "MultiPolygon", "coordinates": [ [ [ [ 115.246932126516526, -8.488708855229447 ], [ 115.24693383432907, -8.488745937874683 ], [ 115.247003598337415, -8.488742753375334 ], [ 115.247005613718215, -8.488786503594213 ], [ 115.246857057407283, -8.488793284482426 ], [ 115.246853335113428, -8.488712451618312 ], [ 115.246932126516526, -8.488708855229447 ] ] ] ] } },
{ "type": "Feature", "properties": { "latitude": -8.48949128, "longitude": 115.24605216, "area_in_me": 21.0634, "confidence": 0.6796, "full_plus": "6P3QG66W+6C38", "layer": "2dd_buildings_010", "path": "file:///C:/Users/BPN/Downloads/Compressed/2dd_buildings.csv/2dd_buildings_split/2dd_buildings_010.csv?type=csv&maxFields=10000&detectTypes=yes&wktField=geometry&crs=EPSG:4326&spatialIndex=no&subsetIndex=no&watchFile=no", "Shape_Leng": 0.00016975968, "Shape_Area": 1.72e-09 }, "geometry": { "type": "MultiPolygon", "coordinates": [ [ [ [ 115.246078764323556, -8.489476023699467 ], [ 115.246076787613674, -8.489509533338264 ], [ 115.246025563129251, -8.489506538595833 ], [ 115.246027539839133, -8.489473028957093 ], [ 115.246078764323556, -8.489476023699467 ] ] ] ] } },
{ "type": "Feature", "properties": { "latitude": -8.4866534, "longitude": 115.24653347, "area_in_me": 17.1578, "confidence": 0.6979, "full_plus": "6P3QG67W+8JMR", "layer": "2dd_buildings_010", "path": "file:///C:/Users/BPN/Downloads/Compressed/2dd_buildings.csv/2dd_buildings_split/2dd_buildings_010.csv?type=csv&maxFields=10000&detectTypes=yes&wktField=geometry&crs=EPSG:4326&spatialIndex=no&subsetIndex=no&watchFile=no", "Shape_Leng": 0.00015223784, "Shape_Area": 1.4e-09 }, "geometry": { "type": "MultiPolygon", "coordinates": [ [ [ [ 115.246556870902964, -8.486639282276997 ], [ 115.246554761093421, -8.48667052652354 ], [ 115.246510057593127, -8.486667534479068 ], [ 115.24651216740267, -8.486636290232582 ], [ 115.246556870902964, -8.486639282276997 ] ] ] ] } },
{ "type": "Feature", "properties": { "latitude": -8.48620688, "longitude": 115.24506923, "area_in_me": 43.8713, "confidence": 0.8733, "full_plus": "6P3QG67W+G28J", "layer": "2dd_buildings_010", "path": "file:///C:/Users/BPN/Downloads/Compressed/2dd_buildings.csv/2dd_buildings_split/2dd_buildings_010.csv?type=csv&maxFields=10000&detectTypes=yes&wktField=geometry&crs=EPSG:4326&spatialIndex=no&subsetIndex=no&watchFile=no", "Shape_Leng": 0.00024647719, "Shape_Area": 3.59e-09 }, "geometry": { "type": "MultiPolygon", "coordinates": [ [ [ [ 115.245105590850358, -8.486226570799545 ], [ 115.245104901969739, -8.48623388318714 ], [ 115.245057039151106, -8.486229412657224 ], [ 115.245029140382599, -8.486226806421939 ], [ 115.245032774543006, -8.486188247989219 ], [ 115.245033564147775, -8.486179867207056 ], [ 115.245080288424674, -8.48618423161696 ], [ 115.245109325734802, -8.486186943972257 ], [ 115.245105590850358, -8.486226570799545 ] ] ] ] } },
{ "type": "Feature", "properties": { "latitude": -8.48668666, "longitude": 115.24507113, "area_in_me": 41.1489, "confidence": 0.8135, "full_plus": "6P3QG67W+82GF", "layer": "2dd_buildings_010", "path": "file:///C:/Users/BPN/Downloads/Compressed/2dd_buildings.csv/2dd_buildings_split/2dd_buildings_010.csv?type=csv&maxFields=10000&detectTypes=yes&wktField=geometry&crs=EPSG:4326&spatialIndex=no&subsetIndex=no&watchFile=no", "Shape_Leng": 0.0002324424, "Shape_Area": 3.36e-09 }, "geometry": { "type": "MultiPolygon", "coordinates": [ [ [ [ 115.245066017982367, -8.486717114103499 ], [ 115.245041106761732, -8.486714848711244 ], [ 115.245046732021137, -8.486653535632115 ], [ 115.245101158091984, -8.486658484601321 ], [ 115.245095532832579, -8.48671979768045 ], [ 115.245066017982367, -8.486717114103499 ] ] ] ] } },
{ "type": "Feature", "properties": { "latitude": -8.48891009, "longitude": 115.24616841, "area_in_me": 14.4459, "confidence": 0.7908, "full_plus": "6P3QG66W+CFMF", "layer": "2dd_buildings_010", "path": "file:///C:/Users/BPN/Downloads/Compressed/2dd_buildings.csv/2dd_buildings_split/2dd_buildings_010.csv?type=csv&maxFields=10000&detectTypes=yes&wktField=geometry&crs=EPSG:4326&spatialIndex=no&subsetIndex=no&watchFile=no", "Shape_Leng": 0.00015705201, "Shape_Area": 1.18e-09 }, "geometry": { "type": "MultiPolygon", "coordinates": [ [ [ [ 115.246198014426909, -8.488918711129543 ], [ 115.246139847176323, -8.488921697778096 ], [ 115.246138797667413, -8.488901443246959 ], [ 115.246196965817376, -8.488898456598463 ], [ 115.246198014426909, -8.488918711129543 ] ] ] ] } },
{ "type": "Feature", "properties": { "latitude": -8.48748149, "longitude": 115.24616028, "area_in_me": 29.9568, "confidence": 0.7688, "full_plus": "6P3QG67W+2F3J", "layer": "2dd_buildings_010", "path": "file:///C:/Users/BPN/Downloads/Compressed/2dd_buildings.csv/2dd_buildings_split/2dd_buildings_010.csv?type=csv&maxFields=10000&detectTypes=yes&wktField=geometry&crs=EPSG:4326&spatialIndex=no&subsetIndex=no&watchFile=no", "Shape_Leng": 0.00020827098, "Shape_Area": 2.45e-09 }, "geometry": { "type": "MultiPolygon", "coordinates": [ [ [ [ 115.246149678564848, -8.48751620580822 ], [ 115.246144127049888, -8.487516493591272 ], [ 115.246143414786843, -8.487502885050048 ], [ 115.246140560338631, -8.487448352859133 ], [ 115.246176413610669, -8.487446493061157 ], [ 115.246179980321926, -8.487514633793296 ], [ 115.246149678564848, -8.48751620580822 ] ] ] ] } },
{ "type": "Feature", "properties": { "latitude": -8.48612534, "longitude": 115.24583136, "area_in_me": 201.2082, "confidence": 0.8728, "full_plus": "6P3QG67W+G8WW", "layer": "2dd_buildings_010", "path": "file:///C:/Users/BPN/Downloads/Compressed/2dd_buildings.csv/2dd_buildings_split/2dd_buildings_010.csv?type=csv&maxFields=10000&detectTypes=yes&wktField=geometry&crs=EPSG:4326&spatialIndex=no&subsetIndex=no&watchFile=no", "Shape_Leng": 0.00067392893, "Shape_Area": 1.645e-08 }, "geometry": { "type": "MultiPolygon", "coordinates": [ [ [ [ 115.245971843925531, -8.486104670394184 ], [ 115.245968015511608, -8.486163790926184 ], [ 115.24583726847527, -8.486155397553489 ], [ 115.245791998402069, -8.486152491843995 ], [ 115.245789541454201, -8.486152334462645 ], [ 115.245770644000117, -8.486151121277203 ], [ 115.245734672017534, -8.486148811818168 ], [ 115.245690900214981, -8.486146000537474 ], [ 115.245690865141341, -8.486145998738778 ], [ 115.245694696253281, -8.486086899790564 ], [ 115.245694694454642, -8.486086879106153 ], [ 115.245971843925531, -8.486104670394184 ] ] ] ] } },
{ "type": "Feature", "properties": { "latitude": -8.49141308, "longitude": 115.24549779, "area_in_me": 27.193, "confidence": 0.6608, "full_plus": "6P3QG65W+C5QH", "layer": "2dd_buildings_010", "path": "file:///C:/Users/BPN/Downloads/Compressed/2dd_buildings.csv/2dd_buildings_split/2dd_buildings_010.csv?type=csv&maxFields=10000&detectTypes=yes&wktField=geometry&crs=EPSG:4326&spatialIndex=no&subsetIndex=no&watchFile=no", "Shape_Leng": 0.00020187115, "Shape_Area": 2.22e-09 }, "geometry": { "type": "MultiPolygon", "coordinates": [ [ [ [ 115.245534848954208, -8.491405055998484 ], [ 115.245527395373074, -8.49143667706096 ], [ 115.245460742119576, -8.491421103501068 ], [ 115.24546819570071, -8.491389483337912 ], [ 115.245534848954208, -8.491405055998484 ] ] ] ] } },
{ "type": "Feature", "properties": { "latitude": -8.48529611, "longitude": 115.24259591000001, "area_in_me": 112.0744, "confidence": 0.8872, "full_plus": "6P3QG67V+V2Q2", "layer": "2dd_buildings_010", "path": "file:///C:/Users/BPN/Downloads/Compressed/2dd_buildings.csv/2dd_buildings_split/2dd_buildings_010.csv?type=csv&maxFields=10000&detectTypes=yes&wktField=geometry&crs=EPSG:4326&spatialIndex=no&subsetIndex=no&watchFile=no", "Shape_Leng": 0.00039360583, "Shape_Area": 9.16e-09 }, "geometry": { "type": "MultiPolygon", "coordinates": [ [ [ [ 115.242666555717051, -8.485284937449876 ], [ 115.242636862801078, -8.485354501808786 ], [ 115.242525272223588, -8.485307290998662 ], [ 115.242554965139561, -8.485237726639753 ], [ 115.242666555717051, -8.485284937449876 ] ] ] ] } },
{ "type": "Feature", "properties": { "latitude": -8.48566952, "longitude": 115.24292761, "area_in_me": 8.6865, "confidence": 0.7216, "full_plus": "6P3QG67V+P5M8", "layer": "2dd_buildings_010", "path": "file:///C:/Users/BPN/Downloads/Compressed/2dd_buildings.csv/2dd_buildings_split/2dd_buildings_010.csv?type=csv&maxFields=10000&detectTypes=yes&wktField=geometry&crs=EPSG:4326&spatialIndex=no&subsetIndex=no&watchFile=no", "Shape_Leng": 0.00010689451, "Shape_Area": 7.1e-10 }, "geometry": { "type": "MultiPolygon", "coordinates": [ [ [ [ 115.242942004569954, -8.485657201018967 ], [ 115.242941892154704, -8.485681967448784 ], [ 115.242913211875248, -8.485681837946402 ], [ 115.242913264935282, -8.485670151256443 ], [ 115.242913324290498, -8.485657071516584 ], [ 115.242927715241876, -8.485657136267776 ], [ 115.242942004569954, -8.485657201018967 ] ] ] ] } },
{ "type": "Feature", "properties": { "latitude": -8.48662884, "longitude": 115.24547239, "area_in_me": 69.6554, "confidence": 0.8188, "full_plus": "6P3QG67W+85XR", "layer": "2dd_buildings_010", "path": "file:///C:/Users/BPN/Downloads/Compressed/2dd_buildings.csv/2dd_buildings_split/2dd_buildings_010.csv?type=csv&maxFields=10000&detectTypes=yes&wktField=geometry&crs=EPSG:4326&spatialIndex=no&subsetIndex=no&watchFile=no", "Shape_Leng": 0.0003205424, "Shape_Area": 5.7e-09 }, "geometry": { "type": "MultiPolygon", "coordinates": [ [ [ [ 115.245416850707102, -8.486650990550743 ], [ 115.245421216016325, -8.486597974616814 ], [ 115.245527936764915, -8.486606682752154 ], [ 115.245523572355069, -8.486659698686083 ], [ 115.245416850707102, -8.486650990550743 ] ] ] ] } },
{ "type": "Feature", "properties": { "latitude": -8.49203182, "longitude": 115.24573265, "area_in_me": 27.1354, "confidence": 0.6544, "full_plus": "6P3QG65W+57QM", "layer": "2dd_buildings_010", "path": "file:///C:/Users/BPN/Downloads/Compressed/2dd_buildings.csv/2dd_buildings_split/2dd_buildings_010.csv?type=csv&maxFields=10000&detectTypes=yes&wktField=geometry&crs=EPSG:4326&spatialIndex=no&subsetIndex=no&watchFile=no", "Shape_Leng": 0.00019496531, "Shape_Area": 2.22e-09 }, "geometry": { "type": "MultiPolygon", "coordinates": [ [ [ [ 115.245766147389872, -8.492019744415643 ], [ 115.245759335924731, -8.492055322495105 ], [ 115.245699151494705, -8.492043902004411 ], [ 115.245705962959846, -8.492008323924949 ], [ 115.245766147389872, -8.492019744415643 ] ] ] ] } },
{ "type": "Feature", "properties": { "latitude": -8.48724799, "longitude": 115.24529349, "area_in_me": 81.2829, "confidence": 0.85, "full_plus": "6P3QG67W+4433", "layer": "2dd_buildings_010", "path": "file:///C:/Users/BPN/Downloads/Compressed/2dd_buildings.csv/2dd_buildings_split/2dd_buildings_010.csv?type=csv&maxFields=10000&detectTypes=yes&wktField=geometry&crs=EPSG:4326&spatialIndex=no&subsetIndex=no&watchFile=no", "Shape_Leng": 0.00035931764, "Shape_Area": 6.65e-09 }, "geometry": { "type": "MultiPolygon", "coordinates": [ [ [ [ 115.245306539864941, -8.487275188399167 ], [ 115.245227806917796, -8.487268828393667 ], [ 115.245232040026735, -8.48721688804892 ], [ 115.245359171788436, -8.487227157407347 ], [ 115.245354939578874, -8.487279097752094 ], [ 115.245306539864941, -8.487275188399167 ] ] ] ] } },
{ "type": "Feature", "properties": { "latitude": -8.48859526, "longitude": 115.2458614, "area_in_me": 68.8682, "confidence": 0.7276, "full_plus": "6P3QG66W+H894", "layer": "2dd_buildings_010", "path": "file:///C:/Users/BPN/Downloads/Compressed/2dd_buildings.csv/2dd_buildings_split/2dd_buildings_010.csv?type=csv&maxFields=10000&detectTypes=yes&wktField=geometry&crs=EPSG:4326&spatialIndex=no&subsetIndex=no&watchFile=no", "Shape_Leng": 0.00030041242, "Shape_Area": 5.63e-09 }, "geometry": { "type": "MultiPolygon", "coordinates": [ [ [ [ 115.245824123984221, -8.488633135011128 ], [ 115.245820682278691, -8.488561093019996 ], [ 115.245898675983199, -8.488557398604996 ], [ 115.245902118587992, -8.488629441495505 ], [ 115.245824123984221, -8.488633135011128 ] ] ] ] } },
{ "type": "Feature", "properties": { "latitude": -8.48855334, "longitude": 115.24663327, "area_in_me": 68.5563, "confidence": 0.8304, "full_plus": "6P3QG66W+HMCV", "layer": "2dd_buildings_010", "path": "file:///C:/Users/BPN/Downloads/Compressed/2dd_buildings.csv/2dd_buildings_split/2dd_buildings_010.csv?type=csv&maxFields=10000&detectTypes=yes&wktField=geometry&crs=EPSG:4326&spatialIndex=no&subsetIndex=no&watchFile=no", "Shape_Leng": 0.00030931303, "Shape_Area": 5.61e-09 }, "geometry": { "type": "MultiPolygon", "coordinates": [ [ [ [ 115.246617744213609, -8.48858347534707 ], [ 115.246587053050121, -8.488585578861318 ], [ 115.246583052865617, -8.488527718279556 ], [ 115.246639229017319, -8.488523868281845 ], [ 115.246675553534033, -8.48852137895841 ], [ 115.24667948357137, -8.488521109161809 ], [ 115.246683484655136, -8.488578970642948 ], [ 115.246657442986702, -8.488580754897896 ], [ 115.246617744213609, -8.48858347534707 ] ] ] ] } },
{ "type": "Feature", "properties": { "latitude": -8.48709215, "longitude": 115.24668399, "area_in_me": 61.8034, "confidence": 0.8729, "full_plus": "6P3QG67W+5M79", "layer": "2dd_buildings_011", "path": "file:///C:/Users/BPN/Downloads/Compressed/2dd_buildings.csv/2dd_buildings_split/2dd_buildings_011.csv?type=csv&maxFields=10000&detectTypes=yes&wktField=geometry&crs=EPSG:4326&spatialIndex=no&subsetIndex=no&watchFile=no", "Shape_Leng": 0.00028502279, "Shape_Area": 5.05e-09 }, "geometry": { "type": "MultiPolygon", "coordinates": [ [ [ [ 115.24671786213969, -8.487106352376202 ], [ 115.246718863984484, -8.487128690636496 ], [ 115.246652528191703, -8.487131639513507 ], [ 115.246649117063157, -8.487055606331126 ], [ 115.24669019719488, -8.487053779808036 ], [ 115.246715453755201, -8.487052657454115 ], [ 115.24671786213969, -8.487106352376202 ] ] ] ] } },
{ "type": "Feature", "properties": { "latitude": -8.48588497, "longitude": 115.24504254, "area_in_me": 27.4222, "confidence": 0.7314, "full_plus": "6P3QG67W+J2VM", "layer": "2dd_buildings_011", "path": "file:///C:/Users/BPN/Downloads/Compressed/2dd_buildings.csv/2dd_buildings_split/2dd_buildings_011.csv?type=csv&maxFields=10000&detectTypes=yes&wktField=geometry&crs=EPSG:4326&spatialIndex=no&subsetIndex=no&watchFile=no", "Shape_Leng": 0.00019766317, "Shape_Area": 2.24e-09 }, "geometry": { "type": "MultiPolygon", "coordinates": [ [ [ [ 115.245075808901561, -8.485877623953115 ], [ 115.245071252036723, -8.485907208950493 ], [ 115.245008438888362, -8.485897619479488 ], [ 115.245012914814197, -8.485868559686253 ], [ 115.245013811438298, -8.485862740173275 ], [ 115.245076624586659, -8.485872329644224 ], [ 115.245075808901561, -8.485877623953115 ] ] ] ] } },
{ "type": "Feature", "properties": { "latitude": -8.48848167, "longitude": 115.24649443, "area_in_me": 113.0713, "confidence": 0.8635, "full_plus": "6P3QG66W+JH5Q", "layer": "2dd_buildings_011", "path": "file:///C:/Users/BPN/Downloads/Compressed/2dd_buildings.csv/2dd_buildings_split/2dd_buildings_011.csv?type=csv&maxFields=10000&detectTypes=yes&wktField=geometry&crs=EPSG:4326&spatialIndex=no&subsetIndex=no&watchFile=no", "Shape_Leng": 0.00042665599, "Shape_Area": 9.25e-09 }, "geometry": { "type": "MultiPolygon", "coordinates": [ [ [ [ 115.2465625249406, -8.488502244982556 ], [ 115.246510396637518, -8.488505817089731 ], [ 115.246492446169555, -8.488507047362305 ], [ 115.246494296074957, -8.488533800394521 ], [ 115.246442272093191, -8.488537365307138 ], [ 115.246435999321989, -8.488446643497753 ], [ 115.246488023303641, -8.488443077685815 ], [ 115.2465581020748, -8.488438275306123 ], [ 115.2465625249406, -8.488502244982556 ] ] ] ] } },
{ "type": "Feature", "properties": { "latitude": -8.48706503, "longitude": 115.24535299, "area_in_me": 16.761, "confidence": 0.7844, "full_plus": "6P3QG67W+54H7", "layer": "2dd_buildings_011", "path": "file:///C:/Users/BPN/Downloads/Compressed/2dd_buildings.csv/2dd_buildings_split/2dd_buildings_011.csv?type=csv&maxFields=10000&detectTypes=yes&wktField=geometry&crs=EPSG:4326&spatialIndex=no&subsetIndex=no&watchFile=no", "Shape_Leng": 0.00014822661, "Shape_Area": 1.37e-09 }, "geometry": { "type": "MultiPolygon", "coordinates": [ [ [ [ 115.245371378286563, -8.487083746117946 ], [ 115.245335954890493, -8.487084964699307 ], [ 115.245334614001308, -8.487046319032345 ], [ 115.245370036498002, -8.487045099551665 ], [ 115.245371378286563, -8.487083746117946 ] ] ] ] } },
{ "type": "Feature", "properties": { "latitude": -8.48601011, "longitude": 115.2466881, "area_in_me": 204.6215, "confidence": 0.9034, "full_plus": "6P3QG67W+HMWC", "layer": "2dd_buildings_011", "path": "file:///C:/Users/BPN/Downloads/Compressed/2dd_buildings.csv/2dd_buildings_split/2dd_buildings_011.csv?type=csv&maxFields=10000&detectTypes=yes&wktField=geometry&crs=EPSG:4326&spatialIndex=no&subsetIndex=no&watchFile=no", "Shape_Leng": 0.00055864627, "Shape_Area": 1.673e-08 }, "geometry": { "type": "MultiPolygon", "coordinates": [ [ [ [ 115.246763000012493, -8.485954300150809 ], [ 115.24676969996176, -8.486068800035071 ], [ 115.246703499966657, -8.486072699495423 ], [ 115.246702200446293, -8.486050800104294 ], [ 115.246604099699539, -8.486056500007408 ], [ 115.246598700169898, -8.485963799689557 ], [ 115.246763000012493, -8.485954300150809 ] ] ] ] } },
{ "type": "Feature", "properties": { "latitude": -8.48616617, "longitude": 115.24569767, "area_in_me": 34.4721, "confidence": 0.8061, "full_plus": "6P3QG67W+G7P7", "layer": "2dd_buildings_011", "path": "file:///C:/Users/BPN/Downloads/Compressed/2dd_buildings.csv/2dd_buildings_split/2dd_buildings_011.csv?type=csv&maxFields=10000&detectTypes=yes&wktField=geometry&crs=EPSG:4326&spatialIndex=no&subsetIndex=no&watchFile=no", "Shape_Leng": 0.00022192867, "Shape_Area": 2.82e-09 }, "geometry": { "type": "MultiPolygon", "coordinates": [ [ [ [ 115.245690865141341, -8.486145998738778 ], [ 115.245690900214981, -8.486146000537474 ], [ 115.245734672017534, -8.486148811818168 ], [ 115.245732127835481, -8.486188098701746 ], [ 115.245660674000987, -8.4861835121593 ], [ 115.24566321818304, -8.486144236067616 ], [ 115.245690865141341, -8.486145998738778 ] ] ] ] } },
{ "type": "Feature", "properties": { "latitude": -8.48494503, "longitude": 115.2427075, "area_in_me": 72.9004, "confidence": 0.8616, "full_plus": "6P3QG68V+23G4", "layer": "2dd_buildings_011", "path": "file:///C:/Users/BPN/Downloads/Compressed/2dd_buildings.csv/2dd_buildings_split/2dd_buildings_011.csv?type=csv&maxFields=10000&detectTypes=yes&wktField=geometry&crs=EPSG:4326&spatialIndex=no&subsetIndex=no&watchFile=no", "Shape_Leng": 0.00031159146, "Shape_Area": 5.96e-09 }, "geometry": { "type": "MultiPolygon", "coordinates": [ [ [ [ 115.242744960411642, -8.484981848833229 ], [ 115.242743910902846, -8.484986943492629 ], [ 115.242711795213268, -8.484980387434859 ], [ 115.242657462671787, -8.484969296995416 ], [ 115.242671090098838, -8.484903121282002 ], [ 115.24275753922916, -8.484920767779158 ], [ 115.242744960411642, -8.484981848833229 ] ] ] ] } },
{ "type": "Feature", "properties": { "latitude": -8.49003046, "longitude": 115.24677212, "area_in_me": 35.0887, "confidence": 0.7055, "full_plus": "6P3QG65W+XPJP", "layer": "2dd_buildings_011", "path": "file:///C:/Users/BPN/Downloads/Compressed/2dd_buildings.csv/2dd_buildings_split/2dd_buildings_011.csv?type=csv&maxFields=10000&detectTypes=yes&wktField=geometry&crs=EPSG:4326&spatialIndex=no&subsetIndex=no&watchFile=no", "Shape_Leng": 0.00022010834, "Shape_Area": 2.87e-09 }, "geometry": { "type": "MultiPolygon", "coordinates": [ [ [ [ 115.246802415499133, -8.490004401481883 ], [ 115.246782374107397, -8.490068986294659 ], [ 115.246741817381007, -8.490056511798514 ], [ 115.246761858772857, -8.489991927885114 ], [ 115.246802415499133, -8.490004401481883 ] ] ] ] } },
{ "type": "Feature", "properties": { "latitude": -8.49230543, "longitude": 115.24520031, "area_in_me": 9.8939, "confidence": 0.6613, "full_plus": "6P3QG65W+33GM", "layer": "2dd_buildings_011", "path": "file:///C:/Users/BPN/Downloads/Compressed/2dd_buildings.csv/2dd_buildings_split/2dd_buildings_011.csv?type=csv&maxFields=10000&detectTypes=yes&wktField=geometry&crs=EPSG:4326&spatialIndex=no&subsetIndex=no&watchFile=no", "Shape_Leng": 0.00011525102, "Shape_Area": 8.1e-10 }, "geometry": { "type": "MultiPolygon", "coordinates": [ [ [ [ 115.245214772144095, -8.492290699356261 ], [ 115.245209789000569, -8.492323733253613 ], [ 115.24518583735653, -8.492320152153241 ], [ 115.245190820500056, -8.492287118255831 ], [ 115.245214772144095, -8.492290699356261 ] ] ] ] } },
{ "type": "Feature", "properties": { "latitude": -8.48695637, "longitude": 115.24613401000001, "area_in_me": 18.7908, "confidence": 0.7814, "full_plus": "6P3QG67W+6F6M", "layer": "2dd_buildings_011", "path": "file:///C:/Users/BPN/Downloads/Compressed/2dd_buildings.csv/2dd_buildings_split/2dd_buildings_011.csv?type=csv&maxFields=10000&detectTypes=yes&wktField=geometry&crs=EPSG:4326&spatialIndex=no&subsetIndex=no&watchFile=no", "Shape_Leng": 0.0001568082, "Shape_Area": 1.54e-09 }, "geometry": { "type": "MultiPolygon", "coordinates": [ [ [ [ 115.24615408254499, -8.486975501018492 ], [ 115.246115383817937, -8.486976893169015 ], [ 115.246113944902731, -8.486937238462758 ], [ 115.246152643629671, -8.486935847211555 ], [ 115.24615408254499, -8.486975501018492 ] ] ] ] } },
{ "type": "Feature", "properties": { "latitude": -8.48926094, "longitude": 115.2465053, "area_in_me": 50.8289, "confidence": 0.8435, "full_plus": "6P3QG66W+7JRC", "layer": "2dd_buildings_011", "path": "file:///C:/Users/BPN/Downloads/Compressed/2dd_buildings.csv/2dd_buildings_split/2dd_buildings_011.csv?type=csv&maxFields=10000&detectTypes=yes&wktField=geometry&crs=EPSG:4326&spatialIndex=no&subsetIndex=no&watchFile=no", "Shape_Leng": 0.00026027984, "Shape_Area": 4.16e-09 }, "geometry": { "type": "MultiPolygon", "coordinates": [ [ [ [ 115.246536756666046, -8.489295113378716 ], [ 115.246480741493087, -8.489300322252006 ], [ 115.246473844592288, -8.489226808070669 ], [ 115.246473840095746, -8.489226762205249 ], [ 115.246529855268705, -8.489221553331959 ], [ 115.246530180823243, -8.489225022916401 ], [ 115.246536756666046, -8.489295113378716 ] ] ] ] } },
{ "type": "Feature", "properties": { "latitude": -8.48974089, "longitude": 115.24609727000001, "area_in_me": 68.6412, "confidence": 0.869, "full_plus": "6P3QG66W+4C56", "layer": "2dd_buildings_011", "path": "file:///C:/Users/BPN/Downloads/Compressed/2dd_buildings.csv/2dd_buildings_split/2dd_buildings_011.csv?type=csv&maxFields=10000&detectTypes=yes&wktField=geometry&crs=EPSG:4326&spatialIndex=no&subsetIndex=no&watchFile=no", "Shape_Leng": 0.0003075632, "Shape_Area": 5.61e-09 }, "geometry": { "type": "MultiPolygon", "coordinates": [ [ [ [ 115.246107739580566, -8.489712030985402 ], [ 115.246147217120438, -8.4897161390885 ], [ 115.246140994711254, -8.489775408907974 ], [ 115.246101516272006, -8.489771300804819 ], [ 115.246047314132284, -8.489765660256978 ], [ 115.246053537440844, -8.489706390437505 ], [ 115.246107739580566, -8.489712030985402 ] ] ] ] } },
{ "type": "Feature", "properties": { "latitude": -8.4861261, "longitude": 115.2460842, "area_in_me": 113.4463, "confidence": 0.9284, "full_plus": "6P3QG67W+GCWW", "layer": "2dd_buildings_011", "path": "file:///C:/Users/BPN/Downloads/Compressed/2dd_buildings.csv/2dd_buildings_split/2dd_buildings_011.csv?type=csv&maxFields=10000&detectTypes=yes&wktField=geometry&crs=EPSG:4326&spatialIndex=no&subsetIndex=no&watchFile=no", "Shape_Leng": 0.00040399885, "Shape_Area": 9.28e-09 }, "geometry": { "type": "MultiPolygon", "coordinates": [ [ [ [ 115.24614989979807, -8.486161399628827 ], [ 115.246018499853903, -8.486161399628827 ], [ 115.246018499853903, -8.486090800150237 ], [ 115.24614989979807, -8.486090800150237 ], [ 115.24614989979807, -8.486161399628827 ] ] ] ] } },
{ "type": "Feature", "properties": { "latitude": -8.48672077, "longitude": 115.24654086, "area_in_me": 15.3425, "confidence": 0.7525, "full_plus": "6P3QG67W+8J73", "layer": "2dd_buildings_011", "path": "file:///C:/Users/BPN/Downloads/Compressed/2dd_buildings.csv/2dd_buildings_split/2dd_buildings_011.csv?type=csv&maxFields=10000&detectTypes=yes&wktField=geometry&crs=EPSG:4326&spatialIndex=no&subsetIndex=no&watchFile=no", "Shape_Leng": 0.00014185645, "Shape_Area": 1.25e-09 }, "geometry": { "type": "MultiPolygon", "coordinates": [ [ [ [ 115.246524928782492, -8.486738388465824 ], [ 115.246523062689221, -8.486738475700065 ], [ 115.246523044702826, -8.486738100682771 ], [ 115.246521472687846, -8.486704811377876 ], [ 115.246526716634776, -8.486704565862965 ], [ 115.246558657855871, -8.486703070290389 ], [ 115.246558973517836, -8.486709745058647 ], [ 115.246560248756509, -8.486736734612577 ], [ 115.246524928782492, -8.486738388465824 ] ] ] ] } },
{ "type": "Feature", "properties": { "latitude": -8.48815316, "longitude": 115.24654569, "area_in_me": 92.0153, "confidence": 0.8201, "full_plus": "6P3QG66W+PJMV", "layer": "2dd_buildings_011", "path": "file:///C:/Users/BPN/Downloads/Compressed/2dd_buildings.csv/2dd_buildings_split/2dd_buildings_011.csv?type=csv&maxFields=10000&detectTypes=yes&wktField=geometry&crs=EPSG:4326&spatialIndex=no&subsetIndex=no&watchFile=no", "Shape_Leng": 0.00035536783, "Shape_Area": 7.52e-09 }, "geometry": { "type": "MultiPolygon", "coordinates": [ [ [ [ 115.246601586993734, -8.488184913802684 ], [ 115.246493718710212, -8.488190950951605 ], [ 115.246489791370891, -8.488121415370983 ], [ 115.246597660553675, -8.488115378222062 ], [ 115.246601586993734, -8.488184913802684 ] ] ] ] } },
{ "type": "Feature", "properties": { "latitude": -8.48915266, "longitude": 115.24612527, "area_in_me": 107.0533, "confidence": 0.88, "full_plus": "6P3QG66W+8FJR", "layer": "2dd_buildings_011", "path": "file:///C:/Users/BPN/Downloads/Compressed/2dd_buildings.csv/2dd_buildings_split/2dd_buildings_011.csv?type=csv&maxFields=10000&detectTypes=yes&wktField=geometry&crs=EPSG:4326&spatialIndex=no&subsetIndex=no&watchFile=no", "Shape_Leng": 0.00039706624, "Shape_Area": 8.75e-09 }, "geometry": { "type": "MultiPolygon", "coordinates": [ [ [ [ 115.246057436001934, -8.489123048789622 ], [ 115.246134613121967, -8.489119085477341 ], [ 115.246189690302003, -8.489116258008835 ], [ 115.246193110423746, -8.489182273642996 ], [ 115.2460608552243, -8.489189064423726 ], [ 115.246057436001934, -8.489123048789622 ] ] ] ] } },
{ "type": "Feature", "properties": { "latitude": -8.48961167, "longitude": 115.24678269, "area_in_me": 72.5854, "confidence": 0.8543, "full_plus": "6P3QG66W+5P3C", "layer": "2dd_buildings_011", "path": "file:///C:/Users/BPN/Downloads/Compressed/2dd_buildings.csv/2dd_buildings_split/2dd_buildings_011.csv?type=csv&maxFields=10000&detectTypes=yes&wktField=geometry&crs=EPSG:4326&spatialIndex=no&subsetIndex=no&watchFile=no", "Shape_Leng": 0.00032998126, "Shape_Area": 5.94e-09 }, "geometry": { "type": "MultiPolygon", "coordinates": [ [ [ [ 115.246800243636358, -8.489671051577716 ], [ 115.246747866221085, -8.489662947786769 ], [ 115.246765138600381, -8.489552297900161 ], [ 115.246817516914916, -8.489560402590485 ], [ 115.246800243636358, -8.489671051577716 ] ] ] ] } },
{ "type": "Feature", "properties": { "latitude": -8.48757646, "longitude": 115.24586835, "area_in_me": 8.5405, "confidence": 0.7116, "full_plus": "6P3QG66W+X89X", "layer": "2dd_buildings_011", "path": "file:///C:/Users/BPN/Downloads/Compressed/2dd_buildings.csv/2dd_buildings_split/2dd_buildings_011.csv?type=csv&maxFields=10000&detectTypes=yes&wktField=geometry&crs=EPSG:4326&spatialIndex=no&subsetIndex=no&watchFile=no", "Shape_Leng": 0.00010976475, "Shape_Area": 6.9999999999999996e-10 }, "geometry": { "type": "MultiPolygon", "coordinates": [ [ [ [ 115.245875051692337, -8.487585615483738 ], [ 115.24585256594321, -8.48758888092209 ], [ 115.245851592876761, -8.487582236730816 ], [ 115.245849660233716, -8.487569042777068 ], [ 115.245883375817243, -8.487564147767159 ], [ 115.245884131247749, -8.487564038049868 ], [ 115.245886186198618, -8.487578064775846 ], [ 115.245887037856619, -8.48758387529557 ], [ 115.245875051692337, -8.487585615483738 ] ] ] ] } },
{ "type": "Feature", "properties": { "latitude": -8.48723213, "longitude": 115.24545959, "area_in_me": 17.0189, "confidence": 0.7621, "full_plus": "6P3QG67W+454P", "layer": "2dd_buildings_011", "path": "file:///C:/Users/BPN/Downloads/Compressed/2dd_buildings.csv/2dd_buildings_split/2dd_buildings_011.csv?type=csv&maxFields=10000&detectTypes=yes&wktField=geometry&crs=EPSG:4326&spatialIndex=no&subsetIndex=no&watchFile=no", "Shape_Leng": 0.00015562434, "Shape_Area": 1.39e-09 }, "geometry": { "type": "MultiPolygon", "coordinates": [ [ [ [ 115.245485755863001, -8.487220721858762 ], [ 115.245483149627717, -8.487248313059126 ], [ 115.245433416219271, -8.487243657268948 ], [ 115.245436029649113, -8.487215997720057 ], [ 115.245436036843671, -8.48721591857975 ], [ 115.245485769352854, -8.487220575269305 ], [ 115.245485755863001, -8.487220721858762 ] ] ] ] } },
{ "type": "Feature", "properties": { "latitude": -8.49076984, "longitude": 115.24606895, "area_in_me": 20.2637, "confidence": 0.6793, "full_plus": "6P3QG65W+MCW6", "layer": "2dd_buildings_011", "path": "file:///C:/Users/BPN/Downloads/Compressed/2dd_buildings.csv/2dd_buildings_split/2dd_buildings_011.csv?type=csv&maxFields=10000&detectTypes=yes&wktField=geometry&crs=EPSG:4326&spatialIndex=no&subsetIndex=no&watchFile=no", "Shape_Leng": 0.00019873525, "Shape_Area": 1.66e-09 }, "geometry": { "type": "MultiPolygon", "coordinates": [ [ [ [ 115.246102644021903, -8.490792260654246 ], [ 115.246028500315106, -8.490767496023068 ], [ 115.246035269512163, -8.490747408765856 ], [ 115.24610941321896, -8.490772172497714 ], [ 115.246102644021903, -8.490792260654246 ] ] ] ] } },
{ "type": "Feature", "properties": { "latitude": -8.49131004, "longitude": 115.24644361, "area_in_me": 42.4558, "confidence": 0.7861, "full_plus": "6P3QG65W+FHGC", "layer": "2dd_buildings_011", "path": "file:///C:/Users/BPN/Downloads/Compressed/2dd_buildings.csv/2dd_buildings_split/2dd_buildings_011.csv?type=csv&maxFields=10000&detectTypes=yes&wktField=geometry&crs=EPSG:4326&spatialIndex=no&subsetIndex=no&watchFile=no", "Shape_Leng": 0.0002360023, "Shape_Area": 3.47e-09 }, "geometry": { "type": "MultiPolygon", "coordinates": [ [ [ [ 115.246479700078112, -8.49128893373728 ], [ 115.246468268795638, -8.491343711443108 ], [ 115.246407511497523, -8.491331144316803 ], [ 115.246418942779997, -8.491276366610975 ], [ 115.246479700078112, -8.49128893373728 ] ] ] ] } },
{ "type": "Feature", "properties": { "latitude": -8.48814924, "longitude": 115.24567101, "area_in_me": 105.8272, "confidence": 0.7448, "full_plus": "6P3QG66W+P7V3", "layer": "2dd_buildings_011", "path": "file:///C:/Users/BPN/Downloads/Compressed/2dd_buildings.csv/2dd_buildings_split/2dd_buildings_011.csv?type=csv&maxFields=10000&detectTypes=yes&wktField=geometry&crs=EPSG:4326&spatialIndex=no&subsetIndex=no&watchFile=no", "Shape_Leng": 0.00046378853, "Shape_Area": 8.65e-09 }, "geometry": { "type": "MultiPolygon", "coordinates": [ [ [ [ 115.245680728882576, -8.488088982220688 ], [ 115.245685366686416, -8.488146940828585 ], [ 115.245728212187259, -8.488143543189892 ], [ 115.245733167451817, -8.488205474103324 ], [ 115.24569032195086, -8.488208872641337 ], [ 115.245688815586391, -8.488190053428184 ], [ 115.245642893504737, -8.488193694783149 ], [ 115.245639443705386, -8.48815058308287 ], [ 115.245616939070487, -8.488152367337818 ], [ 115.245612302166023, -8.488094408729921 ], [ 115.245680728882576, -8.488088982220688 ] ] ] ] } },
{ "type": "Feature", "properties": { "latitude": -8.4893429, "longitude": 115.24789536, "area_in_me": 49.1635, "confidence": 0.6882, "full_plus": "6P3QG66X+7568", "layer": "2dd_buildings_011", "path": "file:///C:/Users/BPN/Downloads/Compressed/2dd_buildings.csv/2dd_buildings_split/2dd_buildings_011.csv?type=csv&maxFields=10000&detectTypes=yes&wktField=geometry&crs=EPSG:4326&spatialIndex=no&subsetIndex=no&watchFile=no", "Shape_Leng": 0.00025400413, "Shape_Area": 4.02e-09 }, "geometry": { "type": "MultiPolygon", "coordinates": [ [ [ [ 115.247935379614091, -8.489322288193023 ], [ 115.247920167581697, -8.489380351122236 ], [ 115.247855338153386, -8.489363516712899 ], [ 115.24787055018578, -8.489305453783629 ], [ 115.247935379614091, -8.489322288193023 ] ] ] ] } },
{ "type": "Feature", "properties": { "latitude": -8.48814653, "longitude": 115.24599139, "area_in_me": 10.5911, "confidence": 0.7424, "full_plus": "6P3QG66W+P9X4", "layer": "2dd_buildings_011", "path": "file:///C:/Users/BPN/Downloads/Compressed/2dd_buildings.csv/2dd_buildings_split/2dd_buildings_011.csv?type=csv&maxFields=10000&detectTypes=yes&wktField=geometry&crs=EPSG:4326&spatialIndex=no&subsetIndex=no&watchFile=no", "Shape_Leng": 0.00011903396, "Shape_Area": 8.7e-10 }, "geometry": { "type": "MultiPolygon", "coordinates": [ [ [ [ 115.246004946171411, -8.488162936170511 ], [ 115.245979636551056, -8.488164250080047 ], [ 115.245978033059828, -8.488133604781979 ], [ 115.245977850497411, -8.488130122607004 ], [ 115.245980533175157, -8.488129983212104 ], [ 115.246003159218503, -8.488128809596844 ], [ 115.246004946171411, -8.488162936170511 ] ] ] ] } },
{ "type": "Feature", "properties": { "latitude": -8.49129822, "longitude": 115.24555731, "area_in_me": 39.748, "confidence": 0.8218, "full_plus": "6P3QG65W+F6M5", "layer": "2dd_buildings_011", "path": "file:///C:/Users/BPN/Downloads/Compressed/2dd_buildings.csv/2dd_buildings_split/2dd_buildings_011.csv?type=csv&maxFields=10000&detectTypes=yes&wktField=geometry&crs=EPSG:4326&spatialIndex=no&subsetIndex=no&watchFile=no", "Shape_Leng": 0.00023243082, "Shape_Area": 3.25e-09 }, "geometry": { "type": "MultiPolygon", "coordinates": [ [ [ [ 115.245596238475741, -8.491282762589378 ], [ 115.24558612020337, -8.49132853358492 ], [ 115.245531011546973, -8.491316459287134 ], [ 115.245528316278865, -8.491315868432537 ], [ 115.245518387763468, -8.491313693871803 ], [ 115.245528505136463, -8.491267922876318 ], [ 115.245596238475741, -8.491282762589378 ] ] ] ] } },
{ "type": "Feature", "properties": { "latitude": -8.48815725, "longitude": 115.24769748, "area_in_me": 116.6115, "confidence": 0.8277, "full_plus": "6P3QG66X+P3PM", "layer": "2dd_buildings_011", "path": "file:///C:/Users/BPN/Downloads/Compressed/2dd_buildings.csv/2dd_buildings_split/2dd_buildings_011.csv?type=csv&maxFields=10000&detectTypes=yes&wktField=geometry&crs=EPSG:4326&spatialIndex=no&subsetIndex=no&watchFile=no", "Shape_Leng": 0.00041311089, "Shape_Area": 9.54e-09 }, "geometry": { "type": "MultiPolygon", "coordinates": [ [ [ [ 115.247737021546413, -8.488091390605121 ], [ 115.247727430276768, -8.488227955355796 ], [ 115.247657944158846, -8.488223117902521 ], [ 115.247667535428491, -8.488086553151845 ], [ 115.247737021546413, -8.488091390605121 ] ] ] ] } },
{ "type": "Feature", "properties": { "latitude": -8.49219383, "longitude": 115.2451317, "area_in_me": 38.8729, "confidence": 0.7801, "full_plus": "6P3QG65W+43C6", "layer": "2dd_buildings_011", "path": "file:///C:/Users/BPN/Downloads/Compressed/2dd_buildings.csv/2dd_buildings_split/2dd_buildings_011.csv?type=csv&maxFields=10000&detectTypes=yes&wktField=geometry&crs=EPSG:4326&spatialIndex=no&subsetIndex=no&watchFile=no", "Shape_Leng": 0.00022565422, "Shape_Area": 3.18e-09 }, "geometry": { "type": "MultiPolygon", "coordinates": [ [ [ [ 115.245142393806532, -8.492166389667091 ], [ 115.245165042332928, -8.492171801787151 ], [ 115.245151369040514, -8.4922285130354 ], [ 115.245098370193659, -8.492215846983697 ], [ 115.245112043486074, -8.492159136634825 ], [ 115.245142393806532, -8.492166389667091 ] ] ] ] } },
{ "type": "Feature", "properties": { "latitude": -8.48760717, "longitude": 115.24618311, "area_in_me": 62.8749, "confidence": 0.8411, "full_plus": "6P3QG66W+XF3Q", "layer": "2dd_buildings_011", "path": "file:///C:/Users/BPN/Downloads/Compressed/2dd_buildings.csv/2dd_buildings_split/2dd_buildings_011.csv?type=csv&maxFields=10000&detectTypes=yes&wktField=geometry&crs=EPSG:4326&spatialIndex=no&subsetIndex=no&watchFile=no", "Shape_Leng": 0.00031398693, "Shape_Area": 5.14e-09 }, "geometry": { "type": "MultiPolygon", "coordinates": [ [ [ [ 115.246238885016623, -8.487616262580389 ], [ 115.246239475871221, -8.487627557165979 ], [ 115.246150183084524, -8.487632189573844 ], [ 115.246129185713357, -8.487633278652822 ], [ 115.246126752147916, -8.487586787300359 ], [ 115.246147749519082, -8.487585698221324 ], [ 115.246237042305665, -8.487581065813515 ], [ 115.246238885016623, -8.487616262580389 ] ] ] ] } },
{ "type": "Feature", "properties": { "latitude": -8.48619524, "longitude": 115.24478026, "area_in_me": 73.634, "confidence": 0.7798, "full_plus": "6P3QG67V+GWC5", "layer": "2dd_buildings_011", "path": "file:///C:/Users/BPN/Downloads/Compressed/2dd_buildings.csv/2dd_buildings_split/2dd_buildings_011.csv?type=csv&maxFields=10000&detectTypes=yes&wktField=geometry&crs=EPSG:4326&spatialIndex=no&subsetIndex=no&watchFile=no", "Shape_Leng": 0.00032644203, "Shape_Area": 6.02e-09 }, "geometry": { "type": "MultiPolygon", "coordinates": [ [ [ [ 115.244837215165376, -8.486174998277477 ], [ 115.244829106877887, -8.486230744553154 ], [ 115.244767995246889, -8.486221934794401 ], [ 115.244723312431006, -8.486215492950578 ], [ 115.244726906121855, -8.486190785876033 ], [ 115.244731420718608, -8.4861597466749 ], [ 115.244837215165376, -8.486174998277477 ] ] ] ] } },
{ "type": "Feature", "properties": { "latitude": -8.48662385, "longitude": 115.24605385, "area_in_me": 15.1985, "confidence": 0.6516, "full_plus": "6P3QG67W+9C34", "layer": "2dd_buildings_011", "path": "file:///C:/Users/BPN/Downloads/Compressed/2dd_buildings.csv/2dd_buildings_split/2dd_buildings_011.csv?type=csv&maxFields=10000&detectTypes=yes&wktField=geometry&crs=EPSG:4326&spatialIndex=no&subsetIndex=no&watchFile=no", "Shape_Leng": 0.00014232204, "Shape_Area": 1.24e-09 }, "geometry": { "type": "MultiPolygon", "coordinates": [ [ [ [ 115.246074999761504, -8.486609803399688 ], [ 115.246072995172653, -8.486640508952291 ], [ 115.246032689357207, -8.486637900918367 ], [ 115.246034693946058, -8.486607195365707 ], [ 115.246074999761504, -8.486609803399688 ] ] ] ] } },
{ "type": "Feature", "properties": { "latitude": -8.48582924, "longitude": 115.24325333, "area_in_me": 123.3522, "confidence": 0.8873, "full_plus": "6P3QG67V+M86R", "layer": "2dd_buildings_011", "path": "file:///C:/Users/BPN/Downloads/Compressed/2dd_buildings.csv/2dd_buildings_split/2dd_buildings_011.csv?type=csv&maxFields=10000&detectTypes=yes&wktField=geometry&crs=EPSG:4326&spatialIndex=no&subsetIndex=no&watchFile=no", "Shape_Leng": 0.00040175837, "Shape_Area": 1.009e-08 }, "geometry": { "type": "MultiPolygon", "coordinates": [ [ [ [ 115.24321100618306, -8.485885316753922 ], [ 115.243209998043085, -8.485885457947461 ], [ 115.2432099674661, -8.485885239412198 ], [ 115.243196361622836, -8.485788995765517 ], [ 115.243196094524251, -8.485787107189196 ], [ 115.243281499541581, -8.485775139910743 ], [ 115.243296662111334, -8.485773015712084 ], [ 115.243310566529431, -8.485871366470349 ], [ 115.24321100618306, -8.485885316753922 ] ] ] ] } },
{ "type": "Feature", "properties": { "latitude": -8.48494577, "longitude": 115.24240383, "area_in_me": 59.828, "confidence": 0.8545, "full_plus": "6P3QG68R+2XC5", "layer": "2dd_buildings_011", "path": "file:///C:/Users/BPN/Downloads/Compressed/2dd_buildings.csv/2dd_buildings_split/2dd_buildings_011.csv?type=csv&maxFields=10000&detectTypes=yes&wktField=geometry&crs=EPSG:4326&spatialIndex=no&subsetIndex=no&watchFile=no", "Shape_Leng": 0.00028193651, "Shape_Area": 4.89e-09 }, "geometry": { "type": "MultiPolygon", "coordinates": [ [ [ [ 115.242452360588004, -8.484932565985105 ], [ 115.242428368474521, -8.484989502063797 ], [ 115.242355302155488, -8.484958985368849 ], [ 115.242371844285231, -8.484919728162879 ], [ 115.242379294269085, -8.484902048390779 ], [ 115.242383342117591, -8.484903739116248 ], [ 115.242452360588004, -8.484932565985105 ] ] ] ] } },
{ "type": "Feature", "properties": { "latitude": -8.48670052, "longitude": 115.2455475, "area_in_me": 15.0514, "confidence": 0.6833, "full_plus": "6P3QG67W+867W", "layer": "2dd_buildings_011", "path": "file:///C:/Users/BPN/Downloads/Compressed/2dd_buildings.csv/2dd_buildings_split/2dd_buildings_011.csv?type=csv&maxFields=10000&detectTypes=yes&wktField=geometry&crs=EPSG:4326&spatialIndex=no&subsetIndex=no&watchFile=no", "Shape_Leng": 0.00014053216, "Shape_Area": 1.23e-09 }, "geometry": { "type": "MultiPolygon", "coordinates": [ [ [ [ 115.245549982745615, -8.486718933431973 ], [ 115.24553177597079, -8.48671979768045 ], [ 115.245531302027985, -8.486709911433195 ], [ 115.245530004306261, -8.486682829249105 ], [ 115.245563222564783, -8.486681251838263 ], [ 115.245564993329822, -8.486718220269609 ], [ 115.245549982745615, -8.486718933431973 ] ] ] ] } },
{ "type": "Feature", "properties": { "latitude": -8.48502018, "longitude": 115.2431372, "area_in_me": 64.9534, "confidence": 0.8725, "full_plus": "6P3QG67V+X7R3", "layer": "2dd_buildings_011", "path": "file:///C:/Users/BPN/Downloads/Compressed/2dd_buildings.csv/2dd_buildings_split/2dd_buildings_011.csv?type=csv&maxFields=10000&detectTypes=yes&wktField=geometry&crs=EPSG:4326&spatialIndex=no&subsetIndex=no&watchFile=no", "Shape_Leng": 0.00029507339, "Shape_Area": 5.31e-09 }, "geometry": { "type": "MultiPolygon", "coordinates": [ [ [ [ 115.243183059750436, -8.484993991479485 ], [ 115.243175993777186, -8.485055941278631 ], [ 115.243091347787527, -8.485046371592716 ], [ 115.24309841376089, -8.48498442179357 ], [ 115.243183059750436, -8.484993991479485 ] ] ] ] } },
{ "type": "Feature", "properties": { "latitude": -8.48840629, "longitude": 115.24470244, "area_in_me": 15.0463, "confidence": 0.6552, "full_plus": "6P3QG66V+JVPM", "layer": "2dd_buildings_011", "path": "file:///C:/Users/BPN/Downloads/Compressed/2dd_buildings.csv/2dd_buildings_split/2dd_buildings_011.csv?type=csv&maxFields=10000&detectTypes=yes&wktField=geometry&crs=EPSG:4326&spatialIndex=no&subsetIndex=no&watchFile=no", "Shape_Leng": 0.00015109073, "Shape_Area": 1.23e-09 }, "geometry": { "type": "MultiPolygon", "coordinates": [ [ [ [ 115.244715443363134, -8.488431637410088 ], [ 115.244691707556285, -8.488432677925687 ], [ 115.244690477283712, -8.488404858297542 ], [ 115.244689419680981, -8.48838094172703 ], [ 115.244692498060431, -8.488380806828729 ], [ 115.24471315548783, -8.488379901211431 ], [ 115.244715443363134, -8.488431637410088 ] ] ] ] } },
{ "type": "Feature", "properties": { "latitude": -8.48654828, "longitude": 115.24529969, "area_in_me": 19.9686, "confidence": 0.7744, "full_plus": "6P3QG67W+94M4", "layer": "2dd_buildings_011", "path": "file:///C:/Users/BPN/Downloads/Compressed/2dd_buildings.csv/2dd_buildings_split/2dd_buildings_011.csv?type=csv&maxFields=10000&detectTypes=yes&wktField=geometry&crs=EPSG:4326&spatialIndex=no&subsetIndex=no&watchFile=no", "Shape_Leng": 0.00016514299, "Shape_Area": 1.63e-09 }, "geometry": { "type": "MultiPolygon", "coordinates": [ [ [ [ 115.245318133924798, -8.48652485523786 ], [ 115.245313961070565, -8.486574430365636 ], [ 115.245281253627013, -8.486571701822527 ], [ 115.24528542648136, -8.486522126694751 ], [ 115.245318133924798, -8.48652485523786 ] ] ] ] } },
{ "type": "Feature", "properties": { "latitude": -8.48781314, "longitude": 115.24591275, "area_in_me": 31.9001, "confidence": 0.7689, "full_plus": "6P3QG66W+V9FC", "layer": "2dd_buildings_011", "path": "file:///C:/Users/BPN/Downloads/Compressed/2dd_buildings.csv/2dd_buildings_split/2dd_buildings_011.csv?type=csv&maxFields=10000&detectTypes=yes&wktField=geometry&crs=EPSG:4326&spatialIndex=no&subsetIndex=no&watchFile=no", "Shape_Leng": 0.00020433427, "Shape_Area": 2.61e-09 }, "geometry": { "type": "MultiPolygon", "coordinates": [ [ [ [ 115.245937933189111, -8.487815092792232 ], [ 115.245939018670811, -8.487837967048506 ], [ 115.245888961506466, -8.487840321473584 ], [ 115.245887876024767, -8.487817448116687 ], [ 115.245886493766761, -8.4877883253709 ], [ 115.245936550931106, -8.487785970945765 ], [ 115.245937933189111, -8.487815092792232 ] ] ] ] } },
{ "type": "Feature", "properties": { "latitude": -8.48732462, "longitude": 115.24582859, "area_in_me": 44.9639, "confidence": 0.7853, "full_plus": "6P3QG67W+38G4", "layer": "2dd_buildings_011", "path": "file:///C:/Users/BPN/Downloads/Compressed/2dd_buildings.csv/2dd_buildings_split/2dd_buildings_011.csv?type=csv&maxFields=10000&detectTypes=yes&wktField=geometry&crs=EPSG:4326&spatialIndex=no&subsetIndex=no&watchFile=no", "Shape_Leng": 0.00029409922, "Shape_Area": 3.68e-09 }, "geometry": { "type": "MultiPolygon", "coordinates": [ [ [ [ 115.24585669293208, -8.487293584031647 ], [ 115.245859828868106, -8.48735919587017 ], [ 115.245810793333476, -8.487361518819 ], [ 115.245808326493147, -8.487309904028791 ], [ 115.245776090294385, -8.487311431077615 ], [ 115.24577593561105, -8.487308192618968 ], [ 115.2457754211988, -8.487297434029301 ], [ 115.245776896086909, -8.487297363882192 ], [ 115.24585669293208, -8.487293584031647 ] ] ] ] } },
{ "type": "Feature", "properties": { "latitude": -8.48565123, "longitude": 115.2428465, "area_in_me": 11.4827, "confidence": 0.7449, "full_plus": "6P3QG67V+P4QR", "layer": "2dd_buildings_011", "path": "file:///C:/Users/BPN/Downloads/Compressed/2dd_buildings.csv/2dd_buildings_split/2dd_buildings_011.csv?type=csv&maxFields=10000&detectTypes=yes&wktField=geometry&crs=EPSG:4326&spatialIndex=no&subsetIndex=no&watchFile=no", "Shape_Leng": 0.0001226851, "Shape_Area": 9.4e-10 }, "geometry": { "type": "MultiPolygon", "coordinates": [ [ [ [ 115.242862041350236, -8.485656840390845 ], [ 115.242861073679705, -8.485667304002845 ], [ 115.242842071004816, -8.485665561116718 ], [ 115.242829208001581, -8.485664382105483 ], [ 115.242831910464361, -8.485635164031521 ], [ 115.242863776142372, -8.485638085029564 ], [ 115.242862041350236, -8.485656840390845 ] ] ] ] } },
{ "type": "Feature", "properties": { "latitude": -8.48656953, "longitude": 115.24679094, "area_in_me": 100.0585, "confidence": 0.8921, "full_plus": "6P3QG67W+9PF7", "layer": "2dd_buildings_011", "path": "file:///C:/Users/BPN/Downloads/Compressed/2dd_buildings.csv/2dd_buildings_split/2dd_buildings_011.csv?type=csv&maxFields=10000&detectTypes=yes&wktField=geometry&crs=EPSG:4326&spatialIndex=no&subsetIndex=no&watchFile=no", "Shape_Leng": 0.00038363153, "Shape_Area": 8.18e-09 }, "geometry": { "type": "MultiPolygon", "coordinates": [ [ [ [ 115.246820829118064, -8.486596747941519 ], [ 115.246821883123516, -8.486617264175379 ], [ 115.246768119852959, -8.486620001711685 ], [ 115.246767065847507, -8.486599485477825 ], [ 115.246741396498351, -8.486600792192746 ], [ 115.246737826189815, -8.486531291685708 ], [ 115.246791765727494, -8.486528545156204 ], [ 115.246839374937281, -8.48652612058396 ], [ 115.246842777971892, -8.486592360149245 ], [ 115.246842945245817, -8.486595621090999 ], [ 115.246838948658592, -8.486595824337769 ], [ 115.246820829118064, -8.486596747941519 ] ] ] ] } },
{ "type": "Feature", "properties": { "latitude": -8.49208669, "longitude": 115.24515515, "area_in_me": 84.5599, "confidence": 0.7641, "full_plus": "6P3QG65W+536H", "layer": "2dd_buildings_011", "path": "file:///C:/Users/BPN/Downloads/Compressed/2dd_buildings.csv/2dd_buildings_split/2dd_buildings_011.csv?type=csv&maxFields=10000&detectTypes=yes&wktField=geometry&crs=EPSG:4326&spatialIndex=no&subsetIndex=no&watchFile=no", "Shape_Leng": 0.00040063323, "Shape_Area": 6.91e-09 }, "geometry": { "type": "MultiPolygon", "coordinates": [ [ [ [ 115.245142393806532, -8.492166389667091 ], [ 115.245112043486074, -8.492159136634825 ], [ 115.24512867464864, -8.492090159533177 ], [ 115.245146224918358, -8.492017373802696 ], [ 115.245199223765212, -8.492030038955079 ], [ 115.245175424106606, -8.492128744945603 ], [ 115.245152775580209, -8.492123332825486 ], [ 115.245142393806532, -8.492166389667091 ] ] ] ] } },
{ "type": "Feature", "properties": { "latitude": -8.48633012, "longitude": 115.24610383, "area_in_me": 81.9541, "confidence": 0.8792, "full_plus": "6P3QG67W+FC9M", "layer": "2dd_buildings_011", "path": "file:///C:/Users/BPN/Downloads/Compressed/2dd_buildings.csv/2dd_buildings_split/2dd_buildings_011.csv?type=csv&maxFields=10000&detectTypes=yes&wktField=geometry&crs=EPSG:4326&spatialIndex=no&subsetIndex=no&watchFile=no", "Shape_Leng": 0.00038275687, "Shape_Area": 6.7e-09 }, "geometry": { "type": "MultiPolygon", "coordinates": [ [ [ [ 115.246177020653022, -8.486351321156519 ], [ 115.246031833202551, -8.486355038054512 ], [ 115.246030641600896, -8.486308910028129 ], [ 115.246175829051367, -8.486305193130136 ], [ 115.246177020653022, -8.486351321156519 ] ] ] ] } },
{ "type": "Feature", "properties": { "latitude": -8.49193591, "longitude": 115.24575101000001, "area_in_me": 39.0252, "confidence": 0.8164, "full_plus": "6P3QG65W+68CC", "layer": "2dd_buildings_011", "path": "file:///C:/Users/BPN/Downloads/Compressed/2dd_buildings.csv/2dd_buildings_split/2dd_buildings_011.csv?type=csv&maxFields=10000&detectTypes=yes&wktField=geometry&crs=EPSG:4326&spatialIndex=no&subsetIndex=no&watchFile=no", "Shape_Leng": 0.00022670657, "Shape_Area": 3.19e-09 }, "geometry": { "type": "MultiPolygon", "coordinates": [ [ [ [ 115.245776206306914, -8.491967204223045 ], [ 115.245716022776264, -8.491955783732408 ], [ 115.245725819091376, -8.491904617703881 ], [ 115.245786002622026, -8.491916037295255 ], [ 115.245776206306914, -8.491967204223045 ] ] ] ] } },
{ "type": "Feature", "properties": { "latitude": -8.49156297, "longitude": 115.24521054, "area_in_me": 25.9638, "confidence": 0.7035, "full_plus": "6P3QG65W+93GG", "layer": "2dd_buildings_011", "path": "file:///C:/Users/BPN/Downloads/Compressed/2dd_buildings.csv/2dd_buildings_split/2dd_buildings_011.csv?type=csv&maxFields=10000&detectTypes=yes&wktField=geometry&crs=EPSG:4326&spatialIndex=no&subsetIndex=no&watchFile=no", "Shape_Leng": 0.00019152231, "Shape_Area": 2.12e-09 }, "geometry": { "type": "MultiPolygon", "coordinates": [ [ [ [ 115.245233015791086, -8.491536007180912 ], [ 115.245222384005842, -8.4915959676797 ], [ 115.24522114024353, -8.491595749144437 ], [ 115.24518952997289, -8.491590194032199 ], [ 115.245188045192208, -8.491589933228795 ], [ 115.245198676078076, -8.491529972730007 ], [ 115.245233015791086, -8.491536007180912 ] ] ] ] } },
{ "type": "Feature", "properties": { "latitude": -8.49146143, "longitude": 115.24582436, "area_in_me": 74.6068, "confidence": 0.6563, "full_plus": "6P3QG65W+C88F", "layer": "2dd_buildings_011", "path": "file:///C:/Users/BPN/Downloads/Compressed/2dd_buildings.csv/2dd_buildings_split/2dd_buildings_011.csv?type=csv&maxFields=10000&detectTypes=yes&wktField=geometry&crs=EPSG:4326&spatialIndex=no&subsetIndex=no&watchFile=no", "Shape_Leng": 0.00032489128, "Shape_Area": 6.1e-09 }, "geometry": { "type": "MultiPolygon", "coordinates": [ [ [ [ 115.245843994504753, -8.491513857778273 ], [ 115.245843195906787, -8.49151787774781 ], [ 115.245793635168184, -8.491508122801577 ], [ 115.245786282311087, -8.49150667579238 ], [ 115.245785358707394, -8.491506494129339 ], [ 115.245786304794137, -8.491501729521133 ], [ 115.245805517011036, -8.491404977757497 ], [ 115.245863354210542, -8.491416360476592 ], [ 115.245843994504753, -8.491513857778273 ] ] ] ] } },
{ "type": "Feature", "properties": { "latitude": -8.48891249, "longitude": 115.24561206, "area_in_me": 28.8507, "confidence": 0.7963, "full_plus": "6P3QG66W+C6QG", "layer": "2dd_buildings_011", "path": "file:///C:/Users/BPN/Downloads/Compressed/2dd_buildings.csv/2dd_buildings_split/2dd_buildings_011.csv?type=csv&maxFields=10000&detectTypes=yes&wktField=geometry&crs=EPSG:4326&spatialIndex=no&subsetIndex=no&watchFile=no", "Shape_Leng": 0.00019965897, "Shape_Area": 2.36e-09 }, "geometry": { "type": "MultiPolygon", "coordinates": [ [ [ [ 115.245634290590147, -8.488883880386709 ], [ 115.245628041201257, -8.488944978527911 ], [ 115.24558982451083, -8.488941104248511 ], [ 115.245596073899719, -8.488880006107365 ], [ 115.245634290590147, -8.488883880386709 ] ] ] ] } },
{ "type": "Feature", "properties": { "latitude": -8.48898394, "longitude": 115.24413288, "area_in_me": 17.1318, "confidence": 0.6903, "full_plus": "6P3QG66V+CM2M", "layer": "2dd_buildings_011", "path": "file:///C:/Users/BPN/Downloads/Compressed/2dd_buildings.csv/2dd_buildings_split/2dd_buildings_011.csv?type=csv&maxFields=10000&detectTypes=yes&wktField=geometry&crs=EPSG:4326&spatialIndex=no&subsetIndex=no&watchFile=no", "Shape_Leng": 0.00016533653, "Shape_Area": 1.4e-09 }, "geometry": { "type": "MultiPolygon", "coordinates": [ [ [ [ 115.244160543674184, -8.488996008758761 ], [ 115.244159575104391, -8.489001089928308 ], [ 115.244113987570586, -8.488992477121087 ], [ 115.24410554923179, -8.488990882623114 ], [ 115.244101727113048, -8.488990160467495 ], [ 115.244104207443229, -8.488977148176787 ], [ 115.244106182354471, -8.488966785288881 ], [ 115.244164031245077, -8.488977713850375 ], [ 115.244160543674184, -8.488996008758761 ] ] ] ] } },
{ "type": "Feature", "properties": { "latitude": -8.48703566, "longitude": 115.24547077, "area_in_me": 52.6707, "confidence": 0.8346, "full_plus": "6P3QG67W+55QC", "layer": "2dd_buildings_011", "path": "file:///C:/Users/BPN/Downloads/Compressed/2dd_buildings.csv/2dd_buildings_split/2dd_buildings_011.csv?type=csv&maxFields=10000&detectTypes=yes&wktField=geometry&crs=EPSG:4326&spatialIndex=no&subsetIndex=no&watchFile=no", "Shape_Leng": 0.00026351319, "Shape_Area": 4.31e-09 }, "geometry": { "type": "MultiPolygon", "coordinates": [ [ [ [ 115.245502953598475, -8.487001876335455 ], [ 115.245498643147926, -8.487073196171025 ], [ 115.24543860620679, -8.48706959888284 ], [ 115.24544293734175, -8.486997955291372 ], [ 115.245502953598475, -8.487001876335455 ] ] ] ] } },
{ "type": "Feature", "properties": { "latitude": -8.48674305, "longitude": 115.24495577, "area_in_me": 95.9805, "confidence": 0.7949, "full_plus": "6P3QG67V+8X48", "layer": "2dd_buildings_011", "path": "file:///C:/Users/BPN/Downloads/Compressed/2dd_buildings.csv/2dd_buildings_split/2dd_buildings_011.csv?type=csv&maxFields=10000&detectTypes=yes&wktField=geometry&crs=EPSG:4326&spatialIndex=no&subsetIndex=no&watchFile=no", "Shape_Leng": 0.0003759661, "Shape_Area": 7.85e-09 }, "geometry": { "type": "MultiPolygon", "coordinates": [ [ [ [ 115.24500693162463, -8.486760241991533 ], [ 115.245004435106694, -8.486787448282087 ], [ 115.244916170245119, -8.486779421832807 ], [ 115.244918665863793, -8.486752215542253 ], [ 115.244895032579734, -8.486750067061905 ], [ 115.244899445553074, -8.486701966822238 ], [ 115.244978756764226, -8.486709178485739 ], [ 115.24501134459797, -8.486712141751866 ], [ 115.245011085593205, -8.48671496742179 ], [ 115.24500693162463, -8.486760241991533 ] ] ] ] } },
{ "type": "Feature", "properties": { "latitude": -8.49048892, "longitude": 115.24618257, "area_in_me": 41.457, "confidence": 0.8099, "full_plus": "6P3QG65W+RF3H", "layer": "2dd_buildings_011", "path": "file:///C:/Users/BPN/Downloads/Compressed/2dd_buildings.csv/2dd_buildings_split/2dd_buildings_011.csv?type=csv&maxFields=10000&detectTypes=yes&wktField=geometry&crs=EPSG:4326&spatialIndex=no&subsetIndex=no&watchFile=no", "Shape_Leng": 0.0002347897, "Shape_Area": 3.39e-09 }, "geometry": { "type": "MultiPolygon", "coordinates": [ [ [ [ 115.246217477554637, -8.490465749194925 ], [ 115.246196294023775, -8.490528395968624 ], [ 115.246147688365227, -8.490512106548408 ], [ 115.246168870996712, -8.490449458875389 ], [ 115.246217477554637, -8.490465749194925 ] ] ] ] } },
{ "type": "Feature", "properties": { "latitude": -8.48631882, "longitude": 115.24713512, "area_in_me": 207.2754, "confidence": 0.8886, "full_plus": "6P3QG67W+FVC7", "layer": "2dd_buildings_011", "path": "file:///C:/Users/BPN/Downloads/Compressed/2dd_buildings.csv/2dd_buildings_split/2dd_buildings_011.csv?type=csv&maxFields=10000&detectTypes=yes&wktField=geometry&crs=EPSG:4326&spatialIndex=no&subsetIndex=no&watchFile=no", "Shape_Leng": 0.00053895168, "Shape_Area": 1.695e-08 }, "geometry": { "type": "MultiPolygon", "coordinates": [ [ [ [ 115.24719800028754, -8.486253900297243 ], [ 115.247203999664862, -8.486383899996952 ], [ 115.247093700513915, -8.48638900005227 ], [ 115.247091800246494, -8.486347999960174 ], [ 115.247062900532455, -8.486349299480537 ], [ 115.247061349201999, -8.486315620769233 ], [ 115.247058810415865, -8.486260307067482 ], [ 115.247087657969132, -8.486258973372856 ], [ 115.24719800028754, -8.486253900297243 ] ] ] ] } },
{ "type": "Feature", "properties": { "latitude": -8.49115307, "longitude": 115.24596115, "area_in_me": 7.7969, "confidence": 0.6572, "full_plus": "6P3QG65W+G9PX", "layer": "2dd_buildings_011", "path": "file:///C:/Users/BPN/Downloads/Compressed/2dd_buildings.csv/2dd_buildings_split/2dd_buildings_011.csv?type=csv&maxFields=10000&detectTypes=yes&wktField=geometry&crs=EPSG:4326&spatialIndex=no&subsetIndex=no&watchFile=no", "Shape_Leng": 0.0001021483, "Shape_Area": 6.4e-10 }, "geometry": { "type": "MultiPolygon", "coordinates": [ [ [ [ 115.245977139133743, -8.491144210336984 ], [ 115.245974282886891, -8.491165741905434 ], [ 115.245945179026876, -8.491161914390773 ], [ 115.245948035273614, -8.491140383721699 ], [ 115.245977139133743, -8.491144210336984 ] ] ] ] } },
{ "type": "Feature", "properties": { "latitude": -8.48780819, "longitude": 115.24640544, "area_in_me": 68.1655, "confidence": 0.7806, "full_plus": "6P3QG66W+VHCQ", "layer": "2dd_buildings_011", "path": "file:///C:/Users/BPN/Downloads/Compressed/2dd_buildings.csv/2dd_buildings_split/2dd_buildings_011.csv?type=csv&maxFields=10000&detectTypes=yes&wktField=geometry&crs=EPSG:4326&spatialIndex=no&subsetIndex=no&watchFile=no", "Shape_Leng": 0.00029934938, "Shape_Area": 5.57e-09 }, "geometry": { "type": "MultiPolygon", "coordinates": [ [ [ [ 115.246446955762508, -8.487841225292243 ], [ 115.24636704740135, -8.487844777614328 ], [ 115.24636392495529, -8.48777516019544 ], [ 115.246441620084738, -8.487771705899434 ], [ 115.246443833316334, -8.487771607873356 ], [ 115.246444713752567, -8.487791241872287 ], [ 115.246446955762508, -8.487841225292243 ] ] ] ] } },
{ "type": "Feature", "properties": { "latitude": -8.4889993, "longitude": 115.24667543, "area_in_me": 17.1592, "confidence": 0.7513, "full_plus": "6P3QG66W+CM34", "layer": "2dd_buildings_011", "path": "file:///C:/Users/BPN/Downloads/Compressed/2dd_buildings.csv/2dd_buildings_split/2dd_buildings_011.csv?type=csv&maxFields=10000&detectTypes=yes&wktField=geometry&crs=EPSG:4326&spatialIndex=no&subsetIndex=no&watchFile=no", "Shape_Leng": 0.00015473421, "Shape_Area": 1.4e-09 }, "geometry": { "type": "MultiPolygon", "coordinates": [ [ [ [ 115.246700594257049, -8.488986559582031 ], [ 115.246698487145522, -8.48901546918853 ], [ 115.246653798933721, -8.489012318863388 ], [ 115.246650243913678, -8.489012067952501 ], [ 115.246650493925245, -8.48900871078331 ], [ 115.246652404984616, -8.488983078306376 ], [ 115.246700594257049, -8.488986559582031 ] ] ] ] } },
{ "type": "Feature", "properties": { "latitude": -8.48647269, "longitude": 115.24607042, "area_in_me": 17.6012, "confidence": 0.8059, "full_plus": "6P3QG67W+CC83", "layer": "2dd_buildings_011", "path": "file:///C:/Users/BPN/Downloads/Compressed/2dd_buildings.csv/2dd_buildings_split/2dd_buildings_011.csv?type=csv&maxFields=10000&detectTypes=yes&wktField=geometry&crs=EPSG:4326&spatialIndex=no&subsetIndex=no&watchFile=no", "Shape_Leng": 0.0001520273, "Shape_Area": 1.44e-09 }, "geometry": { "type": "MultiPolygon", "coordinates": [ [ [ [ 115.246050937500854, -8.486491300632963 ], [ 115.246054287475431, -8.486451153098187 ], [ 115.246089892534542, -8.486454097478543 ], [ 115.246086542559965, -8.486494245013375 ], [ 115.246050937500854, -8.486491300632963 ] ] ] ] } },
{ "type": "Feature", "properties": { "latitude": -8.48595949, "longitude": 115.2456715, "area_in_me": 33.301, "confidence": 0.6996, "full_plus": "6P3QG67W+J77M", "layer": "2dd_buildings_011", "path": "file:///C:/Users/BPN/Downloads/Compressed/2dd_buildings.csv/2dd_buildings_split/2dd_buildings_011.csv?type=csv&maxFields=10000&detectTypes=yes&wktField=geometry&crs=EPSG:4326&spatialIndex=no&subsetIndex=no&watchFile=no", "Shape_Leng": 0.00023500703, "Shape_Area": 2.72e-09 }, "geometry": { "type": "MultiPolygon", "coordinates": [ [ [ [ 115.245703452952057, -8.485951641754809 ], [ 115.245701116513374, -8.485987724353947 ], [ 115.24564579112041, -8.485984172931182 ], [ 115.24564980209675, -8.485922238420528 ], [ 115.245677481430675, -8.485924015480862 ], [ 115.245675806893018, -8.485949867392435 ], [ 115.245703452952057, -8.485951641754809 ] ] ] ] } },
{ "type": "Feature", "properties": { "latitude": -8.48712314, "longitude": 115.24609974000001, "area_in_me": 6.1045, "confidence": 0.7524, "full_plus": "6P3QG67W+5C52", "layer": "2dd_buildings_011", "path": "file:///C:/Users/BPN/Downloads/Compressed/2dd_buildings.csv/2dd_buildings_split/2dd_buildings_011.csv?type=csv&maxFields=10000&detectTypes=yes&wktField=geometry&crs=EPSG:4326&spatialIndex=no&subsetIndex=no&watchFile=no", "Shape_Leng": 0.00011266678, "Shape_Area": 5.0000000000000003e-10 }, "geometry": { "type": "MultiPolygon", "coordinates": [ [ [ [ 115.246077275945595, -8.487129376819212 ], [ 115.246076913518777, -8.487118368218091 ], [ 115.246122208772931, -8.487116892430606 ], [ 115.246122570300486, -8.487127901031783 ], [ 115.246077275945595, -8.487129376819212 ] ] ] ] } },
{ "type": "Feature", "properties": { "latitude": -8.49205028, "longitude": 115.24526693, "area_in_me": 19.8787, "confidence": 0.6838, "full_plus": "6P3QG65W+54CW", "layer": "2dd_buildings_011", "path": "file:///C:/Users/BPN/Downloads/Compressed/2dd_buildings.csv/2dd_buildings_split/2dd_buildings_011.csv?type=csv&maxFields=10000&detectTypes=yes&wktField=geometry&crs=EPSG:4326&spatialIndex=no&subsetIndex=no&watchFile=no", "Shape_Leng": 0.0001710628, "Shape_Area": 1.63e-09 }, "geometry": { "type": "MultiPolygon", "coordinates": [ [ [ [ 115.245296996259412, -8.492039409890822 ], [ 115.245293721827807, -8.492067451651508 ], [ 115.245237015076214, -8.492061445079571 ], [ 115.245240353359691, -8.492032853833109 ], [ 115.245296996259412, -8.492039409890822 ] ] ] ] } },
{ "type": "Feature", "properties": { "latitude": -8.48764824, "longitude": 115.24532105, "area_in_me": 61.6604, "confidence": 0.8739, "full_plus": "6P3QG66W+W4W3", "layer": "2dd_buildings_011", "path": "file:///C:/Users/BPN/Downloads/Compressed/2dd_buildings.csv/2dd_buildings_split/2dd_buildings_011.csv?type=csv&maxFields=10000&detectTypes=yes&wktField=geometry&crs=EPSG:4326&spatialIndex=no&subsetIndex=no&watchFile=no", "Shape_Leng": 0.00028446931, "Shape_Area": 5.04e-09 }, "geometry": { "type": "MultiPolygon", "coordinates": [ [ [ [ 115.245288556121977, -8.48768672086544 ], [ 115.245286376165382, -8.487611696722354 ], [ 115.24535352764326, -8.487609763179989 ], [ 115.245355706700593, -8.487684787323019 ], [ 115.245288556121977, -8.48768672086544 ] ] ] ] } },
{ "type": "Feature", "properties": { "latitude": -8.48862978, "longitude": 115.24610241000001, "area_in_me": 138.9068, "confidence": 0.8868, "full_plus": "6P3QG66W+GCXV", "layer": "2dd_buildings_011", "path": "file:///C:/Users/BPN/Downloads/Compressed/2dd_buildings.csv/2dd_buildings_split/2dd_buildings_011.csv?type=csv&maxFields=10000&detectTypes=yes&wktField=geometry&crs=EPSG:4326&spatialIndex=no&subsetIndex=no&watchFile=no", "Shape_Leng": 0.00052166179, "Shape_Area": 1.136e-08 }, "geometry": { "type": "MultiPolygon", "coordinates": [ [ [ [ 115.246043561261445, -8.488703621175148 ], [ 115.246042640355654, -8.4886823998728 ], [ 115.246040116858012, -8.488624238917453 ], [ 115.246067314155312, -8.488623069798791 ], [ 115.246065320358298, -8.488577114442251 ], [ 115.246173373902138, -8.488572467645213 ], [ 115.246176277812992, -8.4886394194736 ], [ 115.246101527963219, -8.488642633650556 ], [ 115.246104061353435, -8.488701019436462 ], [ 115.246043561261445, -8.488703621175148 ] ] ] ] } },
{ "type": "Feature", "properties": { "latitude": -8.49172421, "longitude": 115.24524112, "area_in_me": 42.0136, "confidence": 0.8225, "full_plus": "6P3QG65W+8394", "layer": "2dd_buildings_011", "path": "file:///C:/Users/BPN/Downloads/Compressed/2dd_buildings.csv/2dd_buildings_split/2dd_buildings_011.csv?type=csv&maxFields=10000&detectTypes=yes&wktField=geometry&crs=EPSG:4326&spatialIndex=no&subsetIndex=no&watchFile=no", "Shape_Leng": 0.00024198069, "Shape_Area": 3.44e-09 }, "geometry": { "type": "MultiPolygon", "coordinates": [ [ [ [ 115.245271182119382, -8.491691947825075 ], [ 115.245265916588892, -8.49171693818613 ], [ 115.245255622948662, -8.491765789359647 ], [ 115.245211057044685, -8.491756481376456 ], [ 115.245226615316142, -8.491682640741203 ], [ 115.245271182119382, -8.491691947825075 ] ] ] ] } },
{ "type": "Feature", "properties": { "latitude": -8.49207745, "longitude": 115.24506918, "area_in_me": 183.1517, "confidence": 0.8664, "full_plus": "6P3QG65W+528R", "layer": "2dd_buildings_012", "path": "file:///C:/Users/BPN/Downloads/Compressed/2dd_buildings.csv/2dd_buildings_split/2dd_buildings_012.csv?type=csv&maxFields=10000&detectTypes=yes&wktField=geometry&crs=EPSG:4326&spatialIndex=no&subsetIndex=no&watchFile=no", "Shape_Leng": 0.00051689406, "Shape_Area": 1.498e-08 }, "geometry": { "type": "MultiPolygon", "coordinates": [ [ [ [ 115.24512867464864, -8.492090159533177 ], [ 115.245112043486074, -8.492159136634825 ], [ 115.245002506960191, -8.492132960068034 ], [ 115.245036687493212, -8.491991197235905 ], [ 115.245127441678164, -8.492012884387066 ], [ 115.245109891408447, -8.492085671016866 ], [ 115.24512867464864, -8.492090159533177 ] ] ] ] } },
{ "type": "Feature", "properties": { "latitude": -8.48638076, "longitude": 115.24554042, "area_in_me": 31.8936, "confidence": 0.7008, "full_plus": "6P3QG67W+C6VM", "layer": "2dd_buildings_012", "path": "file:///C:/Users/BPN/Downloads/Compressed/2dd_buildings.csv/2dd_buildings_split/2dd_buildings_012.csv?type=csv&maxFields=10000&detectTypes=yes&wktField=geometry&crs=EPSG:4326&spatialIndex=no&subsetIndex=no&watchFile=no", "Shape_Leng": 0.00022746629, "Shape_Area": 2.61e-09 }, "geometry": { "type": "MultiPolygon", "coordinates": [ [ [ [ 115.245581552546696, -8.486396190132041 ], [ 115.24549967556959, -8.486397213560508 ], [ 115.245499274471968, -8.486365365868892 ], [ 115.245581150549697, -8.486364342440424 ], [ 115.245581552546696, -8.486396190132041 ] ] ] ] } },
{ "type": "Feature", "properties": { "latitude": -8.48699247, "longitude": 115.24488358000001, "area_in_me": 29.9741, "confidence": 0.7451, "full_plus": "6P3QG67V+6X27", "layer": "2dd_buildings_012", "path": "file:///C:/Users/BPN/Downloads/Compressed/2dd_buildings.csv/2dd_buildings_split/2dd_buildings_012.csv?type=csv&maxFields=10000&detectTypes=yes&wktField=geometry&crs=EPSG:4326&spatialIndex=no&subsetIndex=no&watchFile=no", "Shape_Leng": 0.000198157, "Shape_Area": 2.45e-09 }, "geometry": { "type": "MultiPolygon", "coordinates": [ [ [ [ 115.24491849319395, -8.486988596046842 ], [ 115.244889876766479, -8.487026872991748 ], [ 115.244848669830276, -8.486996337410972 ], [ 115.244873563064516, -8.486963042710215 ], [ 115.244877287157124, -8.486958061365385 ], [ 115.244885180506685, -8.486963910555971 ], [ 115.24491849319395, -8.486988596046842 ] ] ] ] } },
{ "type": "Feature", "properties": { "latitude": -8.49190072, "longitude": 115.24529245, "area_in_me": 35.0224, "confidence": 0.7548, "full_plus": "6P3QG65W+64MV", "layer": "2dd_buildings_012", "path": "file:///C:/Users/BPN/Downloads/Compressed/2dd_buildings.csv/2dd_buildings_split/2dd_buildings_012.csv?type=csv&maxFields=10000&detectTypes=yes&wktField=geometry&crs=EPSG:4326&spatialIndex=no&subsetIndex=no&watchFile=no", "Shape_Leng": 0.00022960074, "Shape_Area": 2.86e-09 }, "geometry": { "type": "MultiPolygon", "coordinates": [ [ [ [ 115.245321556744557, -8.491868789612909 ], [ 115.245298363228926, -8.491943426148168 ], [ 115.245263343628494, -8.491932639679533 ], [ 115.245267707139078, -8.491918597665119 ], [ 115.245269302536371, -8.491913465234177 ], [ 115.245286537144011, -8.491858003144273 ], [ 115.245321556744557, -8.491868789612909 ] ] ] ] } },
{ "type": "Feature", "properties": { "latitude": -8.48605094, "longitude": 115.2463095, "area_in_me": 45.3473, "confidence": 0.8516, "full_plus": "6P3QG67W+HGFX", "layer": "2dd_buildings_012", "path": "file:///C:/Users/BPN/Downloads/Compressed/2dd_buildings.csv/2dd_buildings_split/2dd_buildings_012.csv?type=csv&maxFields=10000&detectTypes=yes&wktField=geometry&crs=EPSG:4326&spatialIndex=no&subsetIndex=no&watchFile=no", "Shape_Leng": 0.00024495664, "Shape_Area": 3.71e-09 }, "geometry": { "type": "MultiPolygon", "coordinates": [ [ [ [ 115.246281718826367, -8.486017401981485 ], [ 115.246336471351128, -8.486016754469574 ], [ 115.246337278942292, -8.486084471621041 ], [ 115.246282526417531, -8.486085119132895 ], [ 115.246281718826367, -8.486017401981485 ] ] ] ] } },
{ "type": "Feature", "properties": { "latitude": -8.48655306, "longitude": 115.24703767, "area_in_me": 26.9769, "confidence": 0.6696, "full_plus": "6P3QG67W+9RFR", "layer": "2dd_buildings_012", "path": "file:///C:/Users/BPN/Downloads/Compressed/2dd_buildings.csv/2dd_buildings_split/2dd_buildings_012.csv?type=csv&maxFields=10000&detectTypes=yes&wktField=geometry&crs=EPSG:4326&spatialIndex=no&subsetIndex=no&watchFile=no", "Shape_Leng": 0.00019626132, "Shape_Area": 2.21e-09 }, "geometry": { "type": "MultiPolygon", "coordinates": [ [ [ [ 115.247046477113258, -8.486570491335044 ], [ 115.24700599682933, -8.486570508422176 ], [ 115.24700615600932, -8.48653547892917 ], [ 115.247069411624125, -8.486535763114944 ], [ 115.247069298309498, -8.486560569114943 ], [ 115.247069253343398, -8.486570481442527 ], [ 115.247046477113258, -8.486570491335044 ] ] ] ] } },
{ "type": "Feature", "properties": { "latitude": -8.48634777, "longitude": 115.24630457000001, "area_in_me": 57.246, "confidence": 0.7049, "full_plus": "6P3QG67W+FG74", "layer": "2dd_buildings_012", "path": "file:///C:/Users/BPN/Downloads/Compressed/2dd_buildings.csv/2dd_buildings_split/2dd_buildings_012.csv?type=csv&maxFields=10000&detectTypes=yes&wktField=geometry&crs=EPSG:4326&spatialIndex=no&subsetIndex=no&watchFile=no", "Shape_Leng": 0.00027514369, "Shape_Area": 4.68e-09 }, "geometry": { "type": "MultiPolygon", "coordinates": [ [ [ [ 115.24633588409381, -8.486385324523042 ], [ 115.246274195997444, -8.486386088047482 ], [ 115.246273248111947, -8.48631021494441 ], [ 115.246334936208427, -8.486309451420027 ], [ 115.24633588409381, -8.486385324523042 ] ] ] ] } },
{ "type": "Feature", "properties": { "latitude": -8.49218624, "longitude": 115.24599206000001, "area_in_me": 72.0402, "confidence": 0.7989, "full_plus": "6P3QG65W+49HG", "layer": "2dd_buildings_012", "path": "file:///C:/Users/BPN/Downloads/Compressed/2dd_buildings.csv/2dd_buildings_split/2dd_buildings_012.csv?type=csv&maxFields=10000&detectTypes=yes&wktField=geometry&crs=EPSG:4326&spatialIndex=no&subsetIndex=no&watchFile=no", "Shape_Leng": 0.00030749879, "Shape_Area": 5.89e-09 }, "geometry": { "type": "MultiPolygon", "coordinates": [ [ [ [ 115.246039525104038, -8.492159418122583 ], [ 115.246013330550795, -8.492236272386037 ], [ 115.245944592668934, -8.492213051890758 ], [ 115.24597078812144, -8.49213619762736 ], [ 115.246039525104038, -8.492159418122583 ] ] ] ] } },
{ "type": "Feature", "properties": { "latitude": -8.4892769, "longitude": 115.24664037, "area_in_me": 119.2273, "confidence": 0.8415, "full_plus": "6P3QG66W+7MJV", "layer": "2dd_buildings_012", "path": "file:///C:/Users/BPN/Downloads/Compressed/2dd_buildings.csv/2dd_buildings_split/2dd_buildings_012.csv?type=csv&maxFields=10000&detectTypes=yes&wktField=geometry&crs=EPSG:4326&spatialIndex=no&subsetIndex=no&watchFile=no", "Shape_Leng": 0.00045265378, "Shape_Area": 9.75e-09 }, "geometry": { "type": "MultiPolygon", "coordinates": [ [ [ [ 115.246668589184083, -8.489220636922823 ], [ 115.246669868020035, -8.489260631572847 ], [ 115.246709833891828, -8.489259364428051 ], [ 115.246710919373527, -8.4892933012448 ], [ 115.246670952602472, -8.489294567490276 ], [ 115.2466721091306, -8.489330741820254 ], [ 115.246630043341838, -8.489332074615504 ], [ 115.246620291093677, -8.489332383982287 ], [ 115.246595968928887, -8.489333154701285 ], [ 115.246595861010292, -8.489329776847683 ], [ 115.246592448083106, -8.489223049803854 ], [ 115.246668589184083, -8.489220636922823 ] ] ] ] } },
{ "type": "Feature", "properties": { "latitude": -8.49230517, "longitude": 115.24530906, "area_in_me": 16.8037, "confidence": 0.6889, "full_plus": "6P3QG65W+34FQ", "layer": "2dd_buildings_012", "path": "file:///C:/Users/BPN/Downloads/Compressed/2dd_buildings.csv/2dd_buildings_split/2dd_buildings_012.csv?type=csv&maxFields=10000&detectTypes=yes&wktField=geometry&crs=EPSG:4326&spatialIndex=no&subsetIndex=no&watchFile=no", "Shape_Leng": 0.00014900936, "Shape_Area": 1.37e-09 }, "geometry": { "type": "MultiPolygon", "coordinates": [ [ [ [ 115.245323823935337, -8.492322368982116 ], [ 115.245323179121442, -8.492327545479782 ], [ 115.245290149720745, -8.492323466154971 ], [ 115.245289873628849, -8.492323431980765 ], [ 115.245294936812002, -8.492282800610724 ], [ 115.245328243203971, -8.492286914109741 ], [ 115.245323823935337, -8.492322368982116 ] ] ] ] } },
{ "type": "Feature", "properties": { "latitude": -8.49244913, "longitude": 115.24564273, "area_in_me": 11.7106, "confidence": 0.6632, "full_plus": "6P3QG65W+27C4", "layer": "2dd_buildings_012", "path": "file:///C:/Users/BPN/Downloads/Compressed/2dd_buildings.csv/2dd_buildings_split/2dd_buildings_012.csv?type=csv&maxFields=10000&detectTypes=yes&wktField=geometry&crs=EPSG:4326&spatialIndex=no&subsetIndex=no&watchFile=no", "Shape_Leng": 0.00012379468, "Shape_Area": 9.6e-10 }, "geometry": { "type": "MultiPolygon", "coordinates": [ [ [ [ 115.245659488694514, -8.492463214505676 ], [ 115.245628183294116, -8.492465464609438 ], [ 115.245625976357815, -8.492435033350034 ], [ 115.245632330967396, -8.492434576494475 ], [ 115.245657281758213, -8.492432783246329 ], [ 115.245657815056234, -8.492440139700648 ], [ 115.245659488694514, -8.492463214505676 ] ] ] ] } },
{ "type": "Feature", "properties": { "latitude": -8.49184661, "longitude": 115.24537186000001, "area_in_me": 62.0686, "confidence": 0.8889, "full_plus": "6P3QG65W+7495", "layer": "2dd_buildings_012", "path": "file:///C:/Users/BPN/Downloads/Compressed/2dd_buildings.csv/2dd_buildings_split/2dd_buildings_012.csv?type=csv&maxFields=10000&detectTypes=yes&wktField=geometry&crs=EPSG:4326&spatialIndex=no&subsetIndex=no&watchFile=no", "Shape_Leng": 0.00028511828, "Shape_Area": 5.08e-09 }, "geometry": { "type": "MultiPolygon", "coordinates": [ [ [ [ 115.245405975205699, -8.491863074421303 ], [ 115.245400744748622, -8.491887895709795 ], [ 115.245328743226992, -8.491872858145825 ], [ 115.245342970501724, -8.491805337046628 ], [ 115.245359250029423, -8.491808736483961 ], [ 115.245406235109726, -8.491818548986828 ], [ 115.245414972023354, -8.491820373711221 ], [ 115.245413594262004, -8.491826910883162 ], [ 115.245413226439268, -8.491828657366625 ], [ 115.245405975205699, -8.491863074421303 ] ] ] ] } },
{ "type": "Feature", "properties": { "latitude": -8.49057371, "longitude": 115.24324455, "area_in_me": 25.5843, "confidence": 0.6649, "full_plus": "6P3QG65V+Q7H5", "layer": "2dd_buildings_012", "path": "file:///C:/Users/BPN/Downloads/Compressed/2dd_buildings.csv/2dd_buildings_split/2dd_buildings_012.csv?type=csv&maxFields=10000&detectTypes=yes&wktField=geometry&crs=EPSG:4326&spatialIndex=no&subsetIndex=no&watchFile=no", "Shape_Leng": 0.00018735889, "Shape_Area": 2.09e-09 }, "geometry": { "type": "MultiPolygon", "coordinates": [ [ [ [ 115.24326645658175, -8.490547846505876 ], [ 115.243259088436275, -8.490604298749361 ], [ 115.243222643410377, -8.490599583603853 ], [ 115.243230012455228, -8.490543131360369 ], [ 115.24326645658175, -8.490547846505876 ] ] ] ] } },
{ "type": "Feature", "properties": { "latitude": -8.48700475, "longitude": 115.24504064, "area_in_me": 99.4426, "confidence": 0.8361, "full_plus": "6P3QG67W+52VV", "layer": "2dd_buildings_012", "path": "file:///C:/Users/BPN/Downloads/Compressed/2dd_buildings.csv/2dd_buildings_split/2dd_buildings_012.csv?type=csv&maxFields=10000&detectTypes=yes&wktField=geometry&crs=EPSG:4326&spatialIndex=no&subsetIndex=no&watchFile=no", "Shape_Leng": 0.00038684048, "Shape_Area": 8.13e-09 }, "geometry": { "type": "MultiPolygon", "coordinates": [ [ [ [ 115.245104435221606, -8.487014077437664 ], [ 115.245022690444898, -8.487059691951174 ], [ 115.24501696176344, -8.487049517021546 ], [ 115.245008536015234, -8.487054218677201 ], [ 115.24500000234832, -8.487058979688129 ], [ 115.244984682397217, -8.487031768900977 ], [ 115.244985751691161, -8.487031172650461 ], [ 115.245001641812337, -8.487022305335074 ], [ 115.244983252475208, -8.48698964195836 ], [ 115.245064997251916, -8.48694402654553 ], [ 115.245104435221606, -8.487014077437664 ] ] ] ] } },
{ "type": "Feature", "properties": { "latitude": -8.48874213, "longitude": 115.24656357000001, "area_in_me": 27.2784, "confidence": 0.7021, "full_plus": "6P3QG66W+GJ46", "layer": "2dd_buildings_012", "path": "file:///C:/Users/BPN/Downloads/Compressed/2dd_buildings.csv/2dd_buildings_split/2dd_buildings_012.csv?type=csv&maxFields=10000&detectTypes=yes&wktField=geometry&crs=EPSG:4326&spatialIndex=no&subsetIndex=no&watchFile=no", "Shape_Leng": 0.00019208903, "Shape_Area": 2.23e-09 }, "geometry": { "type": "MultiPolygon", "coordinates": [ [ [ [ 115.246590593681049, -8.488762818149496 ], [ 115.246590537023735, -8.488763648223767 ], [ 115.24658444591546, -8.48876323903221 ], [ 115.246533954378606, -8.488759845890115 ], [ 115.246536615472451, -8.488720601274679 ], [ 115.246593197218317, -8.488724403608273 ], [ 115.246590593681049, -8.488762818149496 ] ] ] ] } },
{ "type": "Feature", "properties": { "latitude": -8.48899237, "longitude": 115.24407769, "area_in_me": 27.9539, "confidence": 0.8063, "full_plus": "6P3QG66V+CJ47", "layer": "2dd_buildings_012", "path": "file:///C:/Users/BPN/Downloads/Compressed/2dd_buildings.csv/2dd_buildings_split/2dd_buildings_012.csv?type=csv&maxFields=10000&detectTypes=yes&wktField=geometry&crs=EPSG:4326&spatialIndex=no&subsetIndex=no&watchFile=no", "Shape_Leng": 0.000192267, "Shape_Area": 2.29e-09 }, "geometry": { "type": "MultiPolygon", "coordinates": [ [ [ [ 115.244101257667012, -8.489006791630061 ], [ 115.244097685559836, -8.489020032348549 ], [ 115.244086416155255, -8.489017019619723 ], [ 115.244046465571955, -8.48900633837178 ], [ 115.244057694507092, -8.48896471145224 ], [ 115.244104207443229, -8.488977148176787 ], [ 115.244108914494859, -8.488978406328329 ], [ 115.24410554923179, -8.488990882623114 ], [ 115.244101257667012, -8.489006791630061 ] ] ] ] } },
{ "type": "Feature", "properties": { "latitude": -8.48706349, "longitude": 115.24560583, "area_in_me": 29.3696, "confidence": 0.8039, "full_plus": "6P3QG67W+56HF", "layer": "2dd_buildings_012", "path": "file:///C:/Users/BPN/Downloads/Compressed/2dd_buildings.csv/2dd_buildings_split/2dd_buildings_012.csv?type=csv&maxFields=10000&detectTypes=yes&wktField=geometry&crs=EPSG:4326&spatialIndex=no&subsetIndex=no&watchFile=no", "Shape_Leng": 0.00019662193, "Shape_Area": 2.4e-09 }, "geometry": { "type": "MultiPolygon", "coordinates": [ [ [ [ 115.245628082569965, -8.487051406497187 ], [ 115.245629393781542, -8.487089187915615 ], [ 115.245584089534191, -8.487090746440742 ], [ 115.245582252219265, -8.487037797955963 ], [ 115.245627555567353, -8.487036239430836 ], [ 115.245628082569965, -8.487051406497187 ] ] ] ] } },
{ "type": "Feature", "properties": { "latitude": -8.48603667, "longitude": 115.24493021000001, "area_in_me": 8.5569, "confidence": 0.6834, "full_plus": "6P3QG67V+HXMH", "layer": "2dd_buildings_012", "path": "file:///C:/Users/BPN/Downloads/Compressed/2dd_buildings.csv/2dd_buildings_split/2dd_buildings_012.csv?type=csv&maxFields=10000&detectTypes=yes&wktField=geometry&crs=EPSG:4326&spatialIndex=no&subsetIndex=no&watchFile=no", "Shape_Leng": 0.00010609815, "Shape_Area": 6.9999999999999996e-10 }, "geometry": { "type": "MultiPolygon", "coordinates": [ [ [ [ 115.244944847826559, -8.486024843871405 ], [ 115.244939742375323, -8.486052864947737 ], [ 115.244915566800046, -8.486048498739194 ], [ 115.244920672251283, -8.486020477662862 ], [ 115.244944847826559, -8.486024843871405 ] ] ] ] } },
{ "type": "Feature", "properties": { "latitude": -8.48971366, "longitude": 115.2454982, "area_in_me": 26.0672, "confidence": 0.7499, "full_plus": "6P3QG66W+459H", "layer": "2dd_buildings_012", "path": "file:///C:/Users/BPN/Downloads/Compressed/2dd_buildings.csv/2dd_buildings_split/2dd_buildings_012.csv?type=csv&maxFields=10000&detectTypes=yes&wktField=geometry&crs=EPSG:4326&spatialIndex=no&subsetIndex=no&watchFile=no", "Shape_Leng": 0.00018624203, "Shape_Area": 2.13e-09 }, "geometry": { "type": "MultiPolygon", "coordinates": [ [ [ [ 115.245526032000839, -8.489695559002826 ], [ 115.245522768361184, -8.489735966441629 ], [ 115.245470354073632, -8.489731770204969 ], [ 115.245473617713401, -8.489691362766109 ], [ 115.245526032000839, -8.489695559002826 ] ] ] ] } },
{ "type": "Feature", "properties": { "latitude": -8.48775011, "longitude": 115.24626565, "area_in_me": 13.1268, "confidence": 0.6697, "full_plus": "6P3QG66W+VGRW", "layer": "2dd_buildings_012", "path": "file:///C:/Users/BPN/Downloads/Compressed/2dd_buildings.csv/2dd_buildings_split/2dd_buildings_012.csv?type=csv&maxFields=10000&detectTypes=yes&wktField=geometry&crs=EPSG:4326&spatialIndex=no&subsetIndex=no&watchFile=no", "Shape_Leng": 0.00013364894, "Shape_Area": 1.07e-09 }, "geometry": { "type": "MultiPolygon", "coordinates": [ [ [ [ 115.246279785283946, -8.487769603284505 ], [ 115.246252944118169, -8.487770546673346 ], [ 115.246251526786637, -8.4877306050833 ], [ 115.246278367952414, -8.487729661694459 ], [ 115.246279785283946, -8.487769603284505 ] ] ] ] } },
{ "type": "Feature", "properties": { "latitude": -8.48666758, "longitude": 115.24486126, "area_in_me": 61.9982, "confidence": 0.8021, "full_plus": "6P3QG67V+8WQ8", "layer": "2dd_buildings_012", "path": "file:///C:/Users/BPN/Downloads/Compressed/2dd_buildings.csv/2dd_buildings_split/2dd_buildings_012.csv?type=csv&maxFields=10000&detectTypes=yes&wktField=geometry&crs=EPSG:4326&spatialIndex=no&subsetIndex=no&watchFile=no", "Shape_Leng": 0.00028782368, "Shape_Area": 5.07e-09 }, "geometry": { "type": "MultiPolygon", "coordinates": [ [ [ [ 115.244905070812479, -8.486640653743109 ], [ 115.244899445553074, -8.486701966822238 ], [ 115.244817442670865, -8.486694509643883 ], [ 115.24482306793027, -8.486633196564696 ], [ 115.244905070812479, -8.486640653743109 ] ] ] ] } },
{ "type": "Feature", "properties": { "latitude": -8.49114921, "longitude": 115.24607178, "area_in_me": 317.6911, "confidence": 0.9489, "full_plus": "6P3QG65W+GCW3", "layer": "2dd_buildings_012", "path": "file:///C:/Users/BPN/Downloads/Compressed/2dd_buildings.csv/2dd_buildings_split/2dd_buildings_012.csv?type=csv&maxFields=10000&detectTypes=yes&wktField=geometry&crs=EPSG:4326&spatialIndex=no&subsetIndex=no&watchFile=no", "Shape_Leng": 0.00064726461, "Shape_Area": 2.598e-08 }, "geometry": { "type": "MultiPolygon", "coordinates": [ [ [ [ 115.246167139801742, -8.491084921631796 ], [ 115.24611818970277, -8.491254138067973 ], [ 115.245976423273419, -8.491213491409439 ], [ 115.246025374271653, -8.491044274973262 ], [ 115.246167139801742, -8.491084921631796 ] ] ] ] } },
{ "type": "Feature", "properties": { "latitude": -8.48749561, "longitude": 115.24699245, "area_in_me": 34.3962, "confidence": 0.7959, "full_plus": "6P3QG67W+2Q55", "layer": "2dd_buildings_012", "path": "file:///C:/Users/BPN/Downloads/Compressed/2dd_buildings.csv/2dd_buildings_split/2dd_buildings_012.csv?type=csv&maxFields=10000&detectTypes=yes&wktField=geometry&crs=EPSG:4326&spatialIndex=no&subsetIndex=no&watchFile=no", "Shape_Leng": 0.000217805, "Shape_Area": 2.81e-09 }, "geometry": { "type": "MultiPolygon", "coordinates": [ [ [ [ 115.247021442685536, -8.487522453398469 ], [ 115.246980742067649, -8.487533270444032 ], [ 115.246963444507401, -8.487468760275021 ], [ 115.247004145125288, -8.487457943229458 ], [ 115.247021442685536, -8.487522453398469 ] ] ] ] } },
{ "type": "Feature", "properties": { "latitude": -8.49110455, "longitude": 115.24632936, "area_in_me": 18.651, "confidence": 0.7022, "full_plus": "6P3QG65W+HG4W", "layer": "2dd_buildings_012", "path": "file:///C:/Users/BPN/Downloads/Compressed/2dd_buildings.csv/2dd_buildings_split/2dd_buildings_012.csv?type=csv&maxFields=10000&detectTypes=yes&wktField=geometry&crs=EPSG:4326&spatialIndex=no&subsetIndex=no&watchFile=no", "Shape_Leng": 0.0001805331, "Shape_Area": 1.53e-09 }, "geometry": { "type": "MultiPolygon", "coordinates": [ [ [ [ 115.246349674298131, -8.491075165786242 ], [ 115.246330677918536, -8.491140205655938 ], [ 115.246309056417886, -8.491133946374475 ], [ 115.24632805279748, -8.491068906504779 ], [ 115.246349674298131, -8.491075165786242 ] ] ] ] } },
{ "type": "Feature", "properties": { "latitude": -8.48727638, "longitude": 115.24459319, "area_in_me": 97.2214, "confidence": 0.8831, "full_plus": "6P3QG67V+3RPX", "layer": "2dd_buildings_012", "path": "file:///C:/Users/BPN/Downloads/Compressed/2dd_buildings.csv/2dd_buildings_split/2dd_buildings_012.csv?type=csv&maxFields=10000&detectTypes=yes&wktField=geometry&crs=EPSG:4326&spatialIndex=no&subsetIndex=no&watchFile=no", "Shape_Leng": 0.00035693314, "Shape_Area": 7.95e-09 }, "geometry": { "type": "MultiPolygon", "coordinates": [ [ [ [ 115.244611049160653, -8.487320205762842 ], [ 115.244575159016449, -8.487318365749957 ], [ 115.244544655811296, -8.487316800929591 ], [ 115.244549084972391, -8.487231208853132 ], [ 115.244641722337633, -8.487235959072223 ], [ 115.244637294075915, -8.487321552047945 ], [ 115.244611049160653, -8.487320205762842 ] ] ] ] } },
{ "type": "Feature", "properties": { "latitude": -8.48709102, "longitude": 115.24601496, "area_in_me": 66.3872, "confidence": 0.8781, "full_plus": "6P3QG67W+5C67", "layer": "2dd_buildings_012", "path": "file:///C:/Users/BPN/Downloads/Compressed/2dd_buildings.csv/2dd_buildings_split/2dd_buildings_012.csv?type=csv&maxFields=10000&detectTypes=yes&wktField=geometry&crs=EPSG:4326&spatialIndex=no&subsetIndex=no&watchFile=no", "Shape_Leng": 0.00030236338, "Shape_Area": 5.43e-09 }, "geometry": { "type": "MultiPolygon", "coordinates": [ [ [ [ 115.246062140355548, -8.48711884935534 ], [ 115.245969709834299, -8.487121861184903 ], [ 115.245967780788533, -8.487063191213281 ], [ 115.245986700725666, -8.487062574278355 ], [ 115.245987609040981, -8.48706254460069 ], [ 115.24603309045483, -8.487061062517967 ], [ 115.246060212209045, -8.487060179383718 ], [ 115.246062140355548, -8.48711884935534 ] ] ] ] } },
{ "type": "Feature", "properties": { "latitude": -8.48981222, "longitude": 115.24759145, "area_in_me": 65.2221, "confidence": 0.6827, "full_plus": "6P3QG66X+32GH", "layer": "2dd_buildings_012", "path": "file:///C:/Users/BPN/Downloads/Compressed/2dd_buildings.csv/2dd_buildings_split/2dd_buildings_012.csv?type=csv&maxFields=10000&detectTypes=yes&wktField=geometry&crs=EPSG:4326&spatialIndex=no&subsetIndex=no&watchFile=no", "Shape_Leng": 0.00029928251, "Shape_Area": 5.33e-09 }, "geometry": { "type": "MultiPolygon", "coordinates": [ [ [ [ 115.247585859899573, -8.489775961091709 ], [ 115.247645529017973, -8.489808080378566 ], [ 115.247617584384102, -8.489859535089408 ], [ 115.247537378347374, -8.489816362235274 ], [ 115.247565322981359, -8.489764906625112 ], [ 115.247585859899573, -8.489775961091709 ] ] ] ] } },
{ "type": "Feature", "properties": { "latitude": -8.49203387, "longitude": 115.24585495, "area_in_me": 137.4274, "confidence": 0.9026, "full_plus": "6P3QG65W+58QM", "layer": "2dd_buildings_012", "path": "file:///C:/Users/BPN/Downloads/Compressed/2dd_buildings.csv/2dd_buildings_split/2dd_buildings_012.csv?type=csv&maxFields=10000&detectTypes=yes&wktField=geometry&crs=EPSG:4326&spatialIndex=no&subsetIndex=no&watchFile=no", "Shape_Leng": 0.00044837566, "Shape_Area": 1.124e-08 }, "geometry": { "type": "MultiPolygon", "coordinates": [ [ [ [ 115.245911982352141, -8.491976210034011 ], [ 115.245883881236182, -8.492103797752009 ], [ 115.245813108188486, -8.49208834829858 ], [ 115.245793287130596, -8.492084021660219 ], [ 115.245811471422371, -8.492001460299093 ], [ 115.245831292480261, -8.492005786937455 ], [ 115.245841385571566, -8.491959964680575 ], [ 115.245881367631114, -8.491968692601063 ], [ 115.245912157719999, -8.491975414134004 ], [ 115.245911982352141, -8.491976210034011 ] ] ] ] } },
{ "type": "Feature", "properties": { "latitude": -8.49231016, "longitude": 115.24515677, "area_in_me": 14.7191, "confidence": 0.7171, "full_plus": "6P3QG65W+33FC", "layer": "2dd_buildings_012", "path": "file:///C:/Users/BPN/Downloads/Compressed/2dd_buildings.csv/2dd_buildings_split/2dd_buildings_012.csv?type=csv&maxFields=10000&detectTypes=yes&wktField=geometry&crs=EPSG:4326&spatialIndex=no&subsetIndex=no&watchFile=no", "Shape_Leng": 0.00014713469, "Shape_Area": 1.2e-09 }, "geometry": { "type": "MultiPolygon", "coordinates": [ [ [ [ 115.24518270231988, -8.492301252900461 ], [ 115.245179391915485, -8.492325589454367 ], [ 115.245130824927742, -8.492319042389852 ], [ 115.245134134432874, -8.492294705835945 ], [ 115.24518270231988, -8.492301252900461 ] ] ] ] } },
{ "type": "Feature", "properties": { "latitude": -8.4858618, "longitude": 115.24731493, "area_in_me": 118.7055, "confidence": 0.8791, "full_plus": "6P3QG67W+MW4C", "layer": "2dd_buildings_012", "path": "file:///C:/Users/BPN/Downloads/Compressed/2dd_buildings.csv/2dd_buildings_split/2dd_buildings_012.csv?type=csv&maxFields=10000&detectTypes=yes&wktField=geometry&crs=EPSG:4326&spatialIndex=no&subsetIndex=no&watchFile=no", "Shape_Leng": 0.0004355872, "Shape_Area": 9.71e-09 }, "geometry": { "type": "MultiPolygon", "coordinates": [ [ [ [ 115.247354810576098, -8.485799230949681 ], [ 115.247345362298688, -8.485941126881471 ], [ 115.247314377956286, -8.485939081823119 ], [ 115.247305241743561, -8.485938479277365 ], [ 115.247305313689367, -8.485937405486823 ], [ 115.247307198668295, -8.485909093929479 ], [ 115.247271899378688, -8.48590676378609 ], [ 115.247279390731364, -8.485794254101506 ], [ 115.247354810576098, -8.485799230949681 ] ] ] ] } },
{ "type": "Feature", "properties": { "latitude": -8.48589244, "longitude": 115.24642447, "area_in_me": 35.7472, "confidence": 0.73, "full_plus": "6P3QG67W+JHV8", "layer": "2dd_buildings_012", "path": "file:///C:/Users/BPN/Downloads/Compressed/2dd_buildings.csv/2dd_buildings_split/2dd_buildings_012.csv?type=csv&maxFields=10000&detectTypes=yes&wktField=geometry&crs=EPSG:4326&spatialIndex=no&subsetIndex=no&watchFile=no", "Shape_Leng": 0.00021731549, "Shape_Area": 2.92e-09 }, "geometry": { "type": "MultiPolygon", "coordinates": [ [ [ [ 115.246455763722565, -8.485915053736676 ], [ 115.246396211515957, -8.485918725668625 ], [ 115.246393170008901, -8.485869826830992 ], [ 115.246452721316132, -8.485866155798419 ], [ 115.246455763722565, -8.485915053736676 ] ] ] ] } },
{ "type": "Feature", "properties": { "latitude": -8.4871002, "longitude": 115.24650279, "area_in_me": 96.1702, "confidence": 0.8517, "full_plus": "6P3QG67W+5J2R", "layer": "2dd_buildings_012", "path": "file:///C:/Users/BPN/Downloads/Compressed/2dd_buildings.csv/2dd_buildings_split/2dd_buildings_012.csv?type=csv&maxFields=10000&detectTypes=yes&wktField=geometry&crs=EPSG:4326&spatialIndex=no&subsetIndex=no&watchFile=no", "Shape_Leng": 0.0003588724, "Shape_Area": 7.86e-09 }, "geometry": { "type": "MultiPolygon", "coordinates": [ [ [ [ 115.246555104634467, -8.487113588321392 ], [ 115.246556106479147, -8.487135926581686 ], [ 115.246539235197588, -8.487136676616274 ], [ 115.246478834930372, -8.487139361092602 ], [ 115.246452882294761, -8.487140514922771 ], [ 115.246449472065592, -8.48706448174039 ], [ 115.246501327874057, -8.487062175878691 ], [ 115.246503693090972, -8.487062073355958 ], [ 115.246535824968419, -8.487060642534573 ], [ 115.246552696249978, -8.487059892499985 ], [ 115.246555104634467, -8.487113588321392 ] ] ] ] } },
{ "type": "Feature", "properties": { "latitude": -8.49090629, "longitude": 115.24592462, "area_in_me": 27.3207, "confidence": 0.7667, "full_plus": "6P3QG65W+J9MP", "layer": "2dd_buildings_012", "path": "file:///C:/Users/BPN/Downloads/Compressed/2dd_buildings.csv/2dd_buildings_split/2dd_buildings_012.csv?type=csv&maxFields=10000&detectTypes=yes&wktField=geometry&crs=EPSG:4326&spatialIndex=no&subsetIndex=no&watchFile=no", "Shape_Leng": 0.0001952752, "Shape_Area": 2.23e-09 }, "geometry": { "type": "MultiPolygon", "coordinates": [ [ [ [ 115.245951731487253, -8.490883174019245 ], [ 115.245932241379933, -8.490941010319318 ], [ 115.24589752125371, -8.49092941356156 ], [ 115.24591701136103, -8.49087157726143 ], [ 115.245951731487253, -8.490883174019245 ] ] ] ] } },
{ "type": "Feature", "properties": { "latitude": -8.48746319, "longitude": 115.24528648, "area_in_me": 97.4395, "confidence": 0.8863, "full_plus": "6P3QG67W+247C", "layer": "2dd_buildings_012", "path": "file:///C:/Users/BPN/Downloads/Compressed/2dd_buildings.csv/2dd_buildings_split/2dd_buildings_012.csv?type=csv&maxFields=10000&detectTypes=yes&wktField=geometry&crs=EPSG:4326&spatialIndex=no&subsetIndex=no&watchFile=no", "Shape_Leng": 0.00041245952, "Shape_Area": 7.97e-09 }, "geometry": { "type": "MultiPolygon", "coordinates": [ [ [ [ 115.245364559626751, -8.487486695454606 ], [ 115.24520988792608, -8.487491148897334 ], [ 115.245208393252824, -8.48743967620004 ], [ 115.245363064054231, -8.487435222757256 ], [ 115.245364559626751, -8.487486695454606 ] ] ] ] } },
{ "type": "Feature", "properties": { "latitude": -8.48549125, "longitude": 115.24289897, "area_in_me": 37.645, "confidence": 0.8408, "full_plus": "6P3QG67V+R529", "layer": "2dd_buildings_012", "path": "file:///C:/Users/BPN/Downloads/Compressed/2dd_buildings.csv/2dd_buildings_split/2dd_buildings_012.csv?type=csv&maxFields=10000&detectTypes=yes&wktField=geometry&crs=EPSG:4326&spatialIndex=no&subsetIndex=no&watchFile=no", "Shape_Leng": 0.00022548766, "Shape_Area": 3.08e-09 }, "geometry": { "type": "MultiPolygon", "coordinates": [ [ [ [ 115.242933974523339, -8.485470770659504 ], [ 115.242906184572803, -8.485531015344009 ], [ 115.242863987483133, -8.485511722188164 ], [ 115.24289177743367, -8.485451477503659 ], [ 115.242933974523339, -8.485470770659504 ] ] ] ] } },
{ "type": "Feature", "properties": { "latitude": -8.48888283, "longitude": 115.24536593000001, "area_in_me": 97.8595, "confidence": 0.8622, "full_plus": "6P3QG66W+C4XP", "layer": "2dd_buildings_012", "path": "file:///C:/Users/BPN/Downloads/Compressed/2dd_buildings.csv/2dd_buildings_split/2dd_buildings_012.csv?type=csv&maxFields=10000&detectTypes=yes&wktField=geometry&crs=EPSG:4326&spatialIndex=no&subsetIndex=no&watchFile=no", "Shape_Leng": 0.0003630485, "Shape_Area": 8.0000000000000005e-09 }, "geometry": { "type": "MultiPolygon", "coordinates": [ [ [ [ 115.245419400285186, -8.488878973685644 ], [ 115.245416098873875, -8.4889242599466 ], [ 115.245310268454205, -8.488916613910533 ], [ 115.2453136238247, -8.488870577615046 ], [ 115.245315750721375, -8.48884139551393 ], [ 115.245413946796248, -8.488848491164902 ], [ 115.245421582040422, -8.488849042449317 ], [ 115.245419455143747, -8.488878223651056 ], [ 115.245419400285186, -8.488878973685644 ] ] ] ] } },
{ "type": "Feature", "properties": { "latitude": -8.48627135, "longitude": 115.24536072, "area_in_me": 113.7179, "confidence": 0.8804, "full_plus": "6P3QG67W+F4X4", "layer": "2dd_buildings_012", "path": "file:///C:/Users/BPN/Downloads/Compressed/2dd_buildings.csv/2dd_buildings_split/2dd_buildings_012.csv?type=csv&maxFields=10000&detectTypes=yes&wktField=geometry&crs=EPSG:4326&spatialIndex=no&subsetIndex=no&watchFile=no", "Shape_Leng": 0.00039825656, "Shape_Area": 9.3e-09 }, "geometry": { "type": "MultiPolygon", "coordinates": [ [ [ [ 115.245419413775039, -8.486313948929535 ], [ 115.245389316164051, -8.486311351687505 ], [ 115.245295532163141, -8.486303257789075 ], [ 115.245302018973007, -8.486228753454157 ], [ 115.245425900584905, -8.486239444594673 ], [ 115.245419413775039, -8.486313948929535 ] ] ] ] } },
{ "type": "Feature", "properties": { "latitude": -8.49178492, "longitude": 115.24546934, "area_in_me": 95.6386, "confidence": 0.8189, "full_plus": "6P3QG65W+75QJ", "layer": "2dd_buildings_012", "path": "file:///C:/Users/BPN/Downloads/Compressed/2dd_buildings.csv/2dd_buildings_split/2dd_buildings_012.csv?type=csv&maxFields=10000&detectTypes=yes&wktField=geometry&crs=EPSG:4326&spatialIndex=no&subsetIndex=no&watchFile=no", "Shape_Leng": 0.00041315635, "Shape_Area": 7.82e-09 }, "geometry": { "type": "MultiPolygon", "coordinates": [ [ [ [ 115.245551159958154, -8.491776507479813 ], [ 115.245540867217301, -8.49182535865333 ], [ 115.245387520217946, -8.491793333795272 ], [ 115.245397813858062, -8.491744483521074 ], [ 115.245551159958154, -8.491776507479813 ] ] ] ] } },
{ "type": "Feature", "properties": { "latitude": -8.48602795, "longitude": 115.24400281, "area_in_me": 96.0157, "confidence": 0.8482, "full_plus": "6P3QG67V+HJJR", "layer": "2dd_buildings_012", "path": "file:///C:/Users/BPN/Downloads/Compressed/2dd_buildings.csv/2dd_buildings_split/2dd_buildings_012.csv?type=csv&maxFields=10000&detectTypes=yes&wktField=geometry&crs=EPSG:4326&spatialIndex=no&subsetIndex=no&watchFile=no", "Shape_Leng": 0.00035693402, "Shape_Area": 7.85e-09 }, "geometry": { "type": "MultiPolygon", "coordinates": [ [ [ [ 115.244054566665, -8.486064830427551 ], [ 115.243954909191757, -8.486069666981507 ], [ 115.243952692362882, -8.486024394210403 ], [ 115.243951060093423, -8.485991068932663 ], [ 115.243953092561242, -8.485990970007208 ], [ 115.244050717566665, -8.48598623237865 ], [ 115.244054566665, -8.486064830427551 ] ] ] ] } },
{ "type": "Feature", "properties": { "latitude": -8.48541523, "longitude": 115.24307125, "area_in_me": 107.4308, "confidence": 0.906, "full_plus": "6P3QG67V+R6P7", "layer": "2dd_buildings_012", "path": "file:///C:/Users/BPN/Downloads/Compressed/2dd_buildings.csv/2dd_buildings_split/2dd_buildings_012.csv?type=csv&maxFields=10000&detectTypes=yes&wktField=geometry&crs=EPSG:4326&spatialIndex=no&subsetIndex=no&watchFile=no", "Shape_Leng": 0.00038869779, "Shape_Area": 8.78e-09 }, "geometry": { "type": "MultiPolygon", "coordinates": [ [ [ [ 115.243142431977731, -8.485415612540464 ], [ 115.243105929395142, -8.485477122571126 ], [ 115.243000062103192, -8.485414851713983 ], [ 115.243036564685781, -8.485353341683322 ], [ 115.243142431977731, -8.485415612540464 ] ] ] ] } },
{ "type": "Feature", "properties": { "latitude": -8.48629047, "longitude": 115.24640303, "area_in_me": 71.8012, "confidence": 0.8469, "full_plus": "6P3QG67W+FHJ9", "layer": "2dd_buildings_012", "path": "file:///C:/Users/BPN/Downloads/Compressed/2dd_buildings.csv/2dd_buildings_split/2dd_buildings_012.csv?type=csv&maxFields=10000&detectTypes=yes&wktField=geometry&crs=EPSG:4326&spatialIndex=no&subsetIndex=no&watchFile=no", "Shape_Leng": 0.00030708797, "Shape_Area": 5.87e-09 }, "geometry": { "type": "MultiPolygon", "coordinates": [ [ [ [ 115.24643793286441, -8.486267909936032 ], [ 115.246439165834886, -8.486291908344867 ], [ 115.24644108858547, -8.486329339927067 ], [ 115.246369159009532, -8.486333002865763 ], [ 115.246364976262726, -8.486251589039568 ], [ 115.24643690583855, -8.486247926100873 ], [ 115.24643793286441, -8.486267909936032 ] ] ] ] } },
{ "type": "Feature", "properties": { "latitude": -8.48725868, "longitude": 115.24608129000001, "area_in_me": 34.7138, "confidence": 0.8488, "full_plus": "6P3QG67W+3CWP", "layer": "2dd_buildings_012", "path": "file:///C:/Users/BPN/Downloads/Compressed/2dd_buildings.csv/2dd_buildings_split/2dd_buildings_012.csv?type=csv&maxFields=10000&detectTypes=yes&wktField=geometry&crs=EPSG:4326&spatialIndex=no&subsetIndex=no&watchFile=no", "Shape_Leng": 0.00021371526, "Shape_Area": 2.84e-09 }, "geometry": { "type": "MultiPolygon", "coordinates": [ [ [ [ 115.246111425002368, -8.487281665316573 ], [ 115.246054095919817, -8.487285041371535 ], [ 115.246051164129995, -8.487235699168139 ], [ 115.246108493212432, -8.487232323113176 ], [ 115.246111425002368, -8.487281665316573 ] ] ] ] } },
{ "type": "Feature", "properties": { "latitude": -8.48908824, "longitude": 115.24616991000001, "area_in_me": 52.2557, "confidence": 0.8181, "full_plus": "6P3QG66W+9F7F", "layer": "2dd_buildings_012", "path": "file:///C:/Users/BPN/Downloads/Compressed/2dd_buildings.csv/2dd_buildings_split/2dd_buildings_012.csv?type=csv&maxFields=10000&detectTypes=yes&wktField=geometry&crs=EPSG:4326&spatialIndex=no&subsetIndex=no&watchFile=no", "Shape_Leng": 0.00026335323, "Shape_Area": 4.27e-09 }, "geometry": { "type": "MultiPolygon", "coordinates": [ [ [ [ 115.246208199249054, -8.489115307425436 ], [ 115.246189690302003, -8.489116258008835 ], [ 115.246134613121967, -8.489119085477341 ], [ 115.246132240710381, -8.48907329020011 ], [ 115.246131612983618, -8.489061170036905 ], [ 115.246147031860119, -8.489060378633496 ], [ 115.246205199110705, -8.48905739108568 ], [ 115.246208199249054, -8.489115307425436 ] ] ] ] } },
{ "type": "Feature", "properties": { "latitude": -8.49091935, "longitude": 115.24548476, "area_in_me": 53.225, "confidence": 0.8689, "full_plus": "6P3QG65W+J5Q8", "layer": "2dd_buildings_012", "path": "file:///C:/Users/BPN/Downloads/Compressed/2dd_buildings.csv/2dd_buildings_split/2dd_buildings_012.csv?type=csv&maxFields=10000&detectTypes=yes&wktField=geometry&crs=EPSG:4326&spatialIndex=no&subsetIndex=no&watchFile=no", "Shape_Leng": 0.00026395092, "Shape_Area": 4.35e-09 }, "geometry": { "type": "MultiPolygon", "coordinates": [ [ [ [ 115.245527390876418, -8.490900198185557 ], [ 115.245505622786368, -8.490961020234863 ], [ 115.245442124354668, -8.490938494915554 ], [ 115.245463892444718, -8.490877672866247 ], [ 115.245527390876418, -8.490900198185557 ] ] ] ] } },
{ "type": "Feature", "properties": { "latitude": -8.48889012, "longitude": 115.24526392, "area_in_me": 54.3576, "confidence": 0.8127, "full_plus": "6P3QG66W+C4R7", "layer": "2dd_buildings_012", "path": "file:///C:/Users/BPN/Downloads/Compressed/2dd_buildings.csv/2dd_buildings_split/2dd_buildings_012.csv?type=csv&maxFields=10000&detectTypes=yes&wktField=geometry&crs=EPSG:4326&spatialIndex=no&subsetIndex=no&watchFile=no", "Shape_Leng": 0.00028491462, "Shape_Area": 4.45e-09 }, "geometry": { "type": "MultiPolygon", "coordinates": [ [ [ [ 115.2453136238247, -8.488870577615046 ], [ 115.245310268454205, -8.488916613910533 ], [ 115.245214219960303, -8.488909674741649 ], [ 115.245217302836295, -8.48886739311564 ], [ 115.245217576230175, -8.488863637546785 ], [ 115.245308861914509, -8.48887023317468 ], [ 115.2453136238247, -8.488870577615046 ] ] ] ] } },
{ "type": "Feature", "properties": { "latitude": -8.48647188, "longitude": 115.24703987, "area_in_me": 55.0546, "confidence": 0.8482, "full_plus": "6P3QG67W+CR73", "layer": "2dd_buildings_012", "path": "file:///C:/Users/BPN/Downloads/Compressed/2dd_buildings.csv/2dd_buildings_split/2dd_buildings_012.csv?type=csv&maxFields=10000&detectTypes=yes&wktField=geometry&crs=EPSG:4326&spatialIndex=no&subsetIndex=no&watchFile=no", "Shape_Leng": 0.00027037875, "Shape_Area": 4.5e-09 }, "geometry": { "type": "MultiPolygon", "coordinates": [ [ [ [ 115.247003750322847, -8.486501919827674 ], [ 115.247002258347607, -8.486501934216847 ], [ 115.247001697170617, -8.486442531297712 ], [ 115.247002651351295, -8.486442522304515 ], [ 115.247077477643529, -8.486441820833306 ], [ 115.247078038820518, -8.486501223752441 ], [ 115.247003750322847, -8.486501919827674 ] ] ] ] } },
{ "type": "Feature", "properties": { "latitude": -8.48594117, "longitude": 115.24372129, "area_in_me": 257.1353, "confidence": 0.8728, "full_plus": "6P3QG67V+JFH6", "layer": "2dd_buildings_012", "path": "file:///C:/Users/BPN/Downloads/Compressed/2dd_buildings.csv/2dd_buildings_split/2dd_buildings_012.csv?type=csv&maxFields=10000&detectTypes=yes&wktField=geometry&crs=EPSG:4326&spatialIndex=no&subsetIndex=no&watchFile=no", "Shape_Leng": 0.0005800496, "Shape_Area": 2.103e-08 }, "geometry": { "type": "MultiPolygon", "coordinates": [ [ [ [ 115.243663188005826, -8.486025139748335 ], [ 115.243662712264381, -8.486025228781216 ], [ 115.243635998802347, -8.485884099071882 ], [ 115.243779877739257, -8.485857105920672 ], [ 115.243806591201292, -8.485998235630007 ], [ 115.243805184661596, -8.485998499131369 ], [ 115.243663188005826, -8.486025139748335 ] ] ] ] } },
{ "type": "Feature", "properties": { "latitude": -8.48627813, "longitude": 115.24607059, "area_in_me": 16.2499, "confidence": 0.6539, "full_plus": "6P3QG67W+FCPV", "layer": "2dd_buildings_012", "path": "file:///C:/Users/BPN/Downloads/Compressed/2dd_buildings.csv/2dd_buildings_split/2dd_buildings_012.csv?type=csv&maxFields=10000&detectTypes=yes&wktField=geometry&crs=EPSG:4326&spatialIndex=no&subsetIndex=no&watchFile=no", "Shape_Leng": 0.00015643458, "Shape_Area": 1.33e-09 }, "geometry": { "type": "MultiPolygon", "coordinates": [ [ [ [ 115.246085964295844, -8.486303210125016 ], [ 115.246061176282296, -8.48630597733893 ], [ 115.24605521557578, -8.486253036048709 ], [ 115.246080003589327, -8.486250269734114 ], [ 115.246085964295844, -8.486303210125016 ] ] ] ] } },
{ "type": "Feature", "properties": { "latitude": -8.49230267, "longitude": 115.24555489, "area_in_me": 57.0513, "confidence": 0.8422, "full_plus": "6P3QG65W+36FX", "layer": "2dd_buildings_012", "path": "file:///C:/Users/BPN/Downloads/Compressed/2dd_buildings.csv/2dd_buildings_split/2dd_buildings_012.csv?type=csv&maxFields=10000&detectTypes=yes&wktField=geometry&crs=EPSG:4326&spatialIndex=no&subsetIndex=no&watchFile=no", "Shape_Leng": 0.00027486826, "Shape_Area": 4.67e-09 }, "geometry": { "type": "MultiPolygon", "coordinates": [ [ [ [ 115.245598724201841, -8.492280927322895 ], [ 115.245585563523036, -8.492340680078257 ], [ 115.245511069080635, -8.492324418537066 ], [ 115.24552422975944, -8.492264664882327 ], [ 115.245598724201841, -8.492280927322895 ] ] ] ] } },
{ "type": "Feature", "properties": { "latitude": -8.48905493, "longitude": 115.24564849, "area_in_me": 93.31, "confidence": 0.8903, "full_plus": "6P3QG66W+97CX", "layer": "2dd_buildings_012", "path": "file:///C:/Users/BPN/Downloads/Compressed/2dd_buildings.csv/2dd_buildings_split/2dd_buildings_012.csv?type=csv&maxFields=10000&detectTypes=yes&wktField=geometry&crs=EPSG:4326&spatialIndex=no&subsetIndex=no&watchFile=no", "Shape_Leng": 0.00037866789, "Shape_Area": 7.63e-09 }, "geometry": { "type": "MultiPolygon", "coordinates": [ [ [ [ 115.245715368069796, -8.489080918249726 ], [ 115.245584353934873, -8.489087045330848 ], [ 115.245581611901912, -8.489028933838199 ], [ 115.245712626036948, -8.489022805857758 ], [ 115.245715368069796, -8.489080918249726 ] ] ] ] } },
{ "type": "Feature", "properties": { "latitude": -8.48651487, "longitude": 115.24480253, "area_in_me": 35.271, "confidence": 0.787, "full_plus": "6P3QG67V+9WVG", "layer": "2dd_buildings_012", "path": "file:///C:/Users/BPN/Downloads/Compressed/2dd_buildings.csv/2dd_buildings_split/2dd_buildings_012.csv?type=csv&maxFields=10000&detectTypes=yes&wktField=geometry&crs=EPSG:4326&spatialIndex=no&subsetIndex=no&watchFile=no", "Shape_Leng": 0.00025602406, "Shape_Area": 2.88e-09 }, "geometry": { "type": "MultiPolygon", "coordinates": [ [ [ [ 115.244824083264916, -8.486468049560813 ], [ 115.244809858688086, -8.486565847236022 ], [ 115.244780972464014, -8.48656168337493 ], [ 115.24479519704073, -8.486463884800401 ], [ 115.244824083264916, -8.486468049560813 ] ] ] ] } },
{ "type": "Feature", "properties": { "latitude": -8.49158084, "longitude": 115.24547666, "area_in_me": 19.2584, "confidence": 0.6659, "full_plus": "6P3QG65W+959M", "layer": "2dd_buildings_012", "path": "file:///C:/Users/BPN/Downloads/Compressed/2dd_buildings.csv/2dd_buildings_split/2dd_buildings_012.csv?type=csv&maxFields=10000&detectTypes=yes&wktField=geometry&crs=EPSG:4326&spatialIndex=no&subsetIndex=no&watchFile=no", "Shape_Leng": 0.00015874822, "Shape_Area": 1.57e-09 }, "geometry": { "type": "MultiPolygon", "coordinates": [ [ [ [ 115.245495409185878, -8.491590051039964 ], [ 115.245494059303496, -8.491602853788606 ], [ 115.245479715116858, -8.491601354618751 ], [ 115.245455056605692, -8.491598778061132 ], [ 115.24545926813073, -8.491558840068365 ], [ 115.245498270828648, -8.491562916695216 ], [ 115.245495409185878, -8.491590051039964 ] ] ] ] } },
{ "type": "Feature", "properties": { "latitude": -8.48545233, "longitude": 115.24274952, "area_in_me": 51.1815, "confidence": 0.8572, "full_plus": "6P3QG67V+R39X", "layer": "2dd_buildings_012", "path": "file:///C:/Users/BPN/Downloads/Compressed/2dd_buildings.csv/2dd_buildings_split/2dd_buildings_012.csv?type=csv&maxFields=10000&detectTypes=yes&wktField=geometry&crs=EPSG:4326&spatialIndex=no&subsetIndex=no&watchFile=no", "Shape_Leng": 0.0002620505, "Shape_Area": 4.19e-09 }, "geometry": { "type": "MultiPolygon", "coordinates": [ [ [ [ 115.242789705280757, -8.485428013292108 ], [ 115.242760271369434, -8.485497904104932 ], [ 115.242709340963415, -8.485476644131779 ], [ 115.242738775774001, -8.485406753318955 ], [ 115.242789705280757, -8.485428013292108 ] ] ] ] } },
{ "type": "Feature", "properties": { "latitude": -8.48691352, "longitude": 115.24666463, "area_in_me": 72.4807, "confidence": 0.804, "full_plus": "6P3QG67W+6MMF", "layer": "2dd_buildings_012", "path": "file:///C:/Users/BPN/Downloads/Compressed/2dd_buildings.csv/2dd_buildings_split/2dd_buildings_012.csv?type=csv&maxFields=10000&detectTypes=yes&wktField=geometry&crs=EPSG:4326&spatialIndex=no&subsetIndex=no&watchFile=no", "Shape_Leng": 0.00035092806, "Shape_Area": 5.93e-09 }, "geometry": { "type": "MultiPolygon", "coordinates": [ [ [ [ 115.246639024871115, -8.486849651690022 ], [ 115.24668464567992, -8.486847701060526 ], [ 115.246690240362341, -8.486977382400255 ], [ 115.246644620452912, -8.486979333029751 ], [ 115.246639024871115, -8.486849651690022 ] ] ] ] } },
{ "type": "Feature", "properties": { "latitude": -8.48908408, "longitude": 115.24771857, "area_in_me": 37.8293, "confidence": 0.6947, "full_plus": "6P3QG66X+938Q", "layer": "2dd_buildings_012", "path": "file:///C:/Users/BPN/Downloads/Compressed/2dd_buildings.csv/2dd_buildings_split/2dd_buildings_012.csv?type=csv&maxFields=10000&detectTypes=yes&wktField=geometry&crs=EPSG:4326&spatialIndex=no&subsetIndex=no&watchFile=no", "Shape_Leng": 0.00023623629, "Shape_Area": 3.09e-09 }, "geometry": { "type": "MultiPolygon", "coordinates": [ [ [ [ 115.247761658473792, -8.489074696739806 ], [ 115.247752030331981, -8.489112691297635 ], [ 115.247675485435366, -8.489093464691621 ], [ 115.247685113577177, -8.489055470133792 ], [ 115.247761658473792, -8.489074696739806 ] ] ] ] } },
{ "type": "Feature", "properties": { "latitude": -8.48673868, "longitude": 115.24503647, "area_in_me": 32.4278, "confidence": 0.7536, "full_plus": "6P3QG67W+823C", "layer": "2dd_buildings_012", "path": "file:///C:/Users/BPN/Downloads/Compressed/2dd_buildings.csv/2dd_buildings_split/2dd_buildings_012.csv?type=csv&maxFields=10000&detectTypes=yes&wktField=geometry&crs=EPSG:4326&spatialIndex=no&subsetIndex=no&watchFile=no", "Shape_Leng": 0.00020640158, "Shape_Area": 2.65e-09 }, "geometry": { "type": "MultiPolygon", "coordinates": [ [ [ [ 115.245066017982367, -8.486717114103499 ], [ 115.245061605009141, -8.486765213443789 ], [ 115.245036693788393, -8.486762948051592 ], [ 115.24500693162463, -8.486760241991533 ], [ 115.245011085593205, -8.48671496742179 ], [ 115.24501134459797, -8.486712141751866 ], [ 115.245033252082976, -8.48671413464956 ], [ 115.245041106761732, -8.486714848711244 ], [ 115.245066017982367, -8.486717114103499 ] ] ] ] } },
{ "type": "Feature", "properties": { "latitude": -8.48660449, "longitude": 115.24686021, "area_in_me": 11.8474, "confidence": 0.6773, "full_plus": "6P3QG67W+9P5W", "layer": "2dd_buildings_012", "path": "file:///C:/Users/BPN/Downloads/Compressed/2dd_buildings.csv/2dd_buildings_split/2dd_buildings_012.csv?type=csv&maxFields=10000&detectTypes=yes&wktField=geometry&crs=EPSG:4326&spatialIndex=no&subsetIndex=no&watchFile=no", "Shape_Leng": 0.00013145744, "Shape_Area": 9.7e-10 }, "geometry": { "type": "MultiPolygon", "coordinates": [ [ [ [ 115.246882499228036, -8.48659455449507 ], [ 115.246881257264249, -8.486616836098051 ], [ 115.246849149668606, -8.486615061735677 ], [ 115.246847762913944, -8.486614985293272 ], [ 115.246837910841009, -8.486614441203471 ], [ 115.246838948658592, -8.486595824337769 ], [ 115.246839152804682, -8.486592159600434 ], [ 115.246842777971892, -8.486592360149245 ], [ 115.246882499228036, -8.48659455449507 ] ] ] ] } },
{ "type": "Feature", "properties": { "latitude": -8.48916001, "longitude": 115.24456302, "area_in_me": 7.5175, "confidence": 0.6784, "full_plus": "6P3QG66V+8RPC", "layer": "2dd_buildings_012", "path": "file:///C:/Users/BPN/Downloads/Compressed/2dd_buildings.csv/2dd_buildings_split/2dd_buildings_012.csv?type=csv&maxFields=10000&detectTypes=yes&wktField=geometry&crs=EPSG:4326&spatialIndex=no&subsetIndex=no&watchFile=no", "Shape_Leng": 9.947446e-05, "Shape_Area": 6.1e-10 }, "geometry": { "type": "MultiPolygon", "coordinates": [ [ [ [ 115.244576271477854, -8.489171665240121 ], [ 115.24455355640157, -8.489174879417078 ], [ 115.244549768457091, -8.489148353014059 ], [ 115.244572484432638, -8.489145138837046 ], [ 115.244576271477854, -8.489171665240121 ] ] ] ] } },
{ "type": "Feature", "properties": { "latitude": -8.48800063, "longitude": 115.24550823, "area_in_me": 52.0361, "confidence": 0.9055, "full_plus": "6P3QG66W+Q6RV", "layer": "2dd_buildings_012", "path": "file:///C:/Users/BPN/Downloads/Compressed/2dd_buildings.csv/2dd_buildings_split/2dd_buildings_012.csv?type=csv&maxFields=10000&detectTypes=yes&wktField=geometry&crs=EPSG:4326&spatialIndex=no&subsetIndex=no&watchFile=no", "Shape_Leng": 0.00026929661, "Shape_Area": 4.26e-09 }, "geometry": { "type": "MultiPolygon", "coordinates": [ [ [ [ 115.24549741017745, -8.488026052160535 ], [ 115.245466434828131, -8.488026291380208 ], [ 115.24546640425126, -8.488022396416397 ], [ 115.245466280144797, -8.488006447839268 ], [ 115.245466039126427, -8.487975624475439 ], [ 115.245520518257422, -8.487975202693406 ], [ 115.245550016020502, -8.487974974265626 ], [ 115.245550411722206, -8.488025642069658 ], [ 115.24549741017745, -8.488026052160535 ] ] ] ] } },
{ "type": "Feature", "properties": { "latitude": -8.49097626, "longitude": 115.24623094, "area_in_me": 91.9116, "confidence": 0.8938, "full_plus": "6P3QG65W+JF5V", "layer": "2dd_buildings_012", "path": "file:///C:/Users/BPN/Downloads/Compressed/2dd_buildings.csv/2dd_buildings_split/2dd_buildings_012.csv?type=csv&maxFields=10000&detectTypes=yes&wktField=geometry&crs=EPSG:4326&spatialIndex=no&subsetIndex=no&watchFile=no", "Shape_Leng": 0.00034847176, "Shape_Area": 7.52e-09 }, "geometry": { "type": "MultiPolygon", "coordinates": [ [ [ [ 115.246282405908346, -8.490941743266774 ], [ 115.246254687004239, -8.491033338317834 ], [ 115.246179459614382, -8.491010774327719 ], [ 115.246207178518489, -8.490919179276659 ], [ 115.246282405908346, -8.490941743266774 ] ] ] ] } },
{ "type": "Feature", "properties": { "latitude": -8.48960982, "longitude": 115.24657231, "area_in_me": 24.6222, "confidence": 0.7819, "full_plus": "6P3QG66W+5J4M", "layer": "2dd_buildings_012", "path": "file:///C:/Users/BPN/Downloads/Compressed/2dd_buildings.csv/2dd_buildings_split/2dd_buildings_012.csv?type=csv&maxFields=10000&detectTypes=yes&wktField=geometry&crs=EPSG:4326&spatialIndex=no&subsetIndex=no&watchFile=no", "Shape_Leng": 0.00018034649, "Shape_Area": 2.01e-09 }, "geometry": { "type": "MultiPolygon", "coordinates": [ [ [ [ 115.246597144342786, -8.489589584691544 ], [ 115.24659695998173, -8.489630269121562 ], [ 115.246547472088196, -8.489630046089701 ], [ 115.246547656449252, -8.489589361659682 ], [ 115.246597144342786, -8.489589584691544 ] ] ] ] } },
{ "type": "Feature", "properties": { "latitude": -8.48604047, "longitude": 115.24471921, "area_in_me": 56.6274, "confidence": 0.8038, "full_plus": "6P3QG67V+HVQ6", "layer": "2dd_buildings_012", "path": "file:///C:/Users/BPN/Downloads/Compressed/2dd_buildings.csv/2dd_buildings_split/2dd_buildings_012.csv?type=csv&maxFields=10000&detectTypes=yes&wktField=geometry&crs=EPSG:4326&spatialIndex=no&subsetIndex=no&watchFile=no", "Shape_Leng": 0.00027971034, "Shape_Area": 4.63e-09 }, "geometry": { "type": "MultiPolygon", "coordinates": [ [ [ [ 115.244751300232338, -8.48600119979551 ], [ 115.244740500273906, -8.486086499592261 ], [ 115.244687100329429, -8.486079799642994 ], [ 115.244697900287974, -8.485994400021525 ], [ 115.244751300232338, -8.48600119979551 ] ] ] ] } },
{ "type": "Feature", "properties": { "latitude": -8.48658786, "longitude": 115.2424728, "area_in_me": 77.247, "confidence": 0.8849, "full_plus": "6P3QG67R+9X9C", "layer": "2dd_buildings_012", "path": "file:///C:/Users/BPN/Downloads/Compressed/2dd_buildings.csv/2dd_buildings_split/2dd_buildings_012.csv?type=csv&maxFields=10000&detectTypes=yes&wktField=geometry&crs=EPSG:4326&spatialIndex=no&subsetIndex=no&watchFile=no", "Shape_Leng": 0.00031809921, "Shape_Area": 6.32e-09 }, "geometry": { "type": "MultiPolygon", "coordinates": [ [ [ [ 115.242525798326938, -8.486568674704529 ], [ 115.242488253430224, -8.486641860633313 ], [ 115.242470006185954, -8.486632582327786 ], [ 115.242468857751646, -8.486631998667747 ], [ 115.24241979973408, -8.486607054172168 ], [ 115.242457344630793, -8.486533867344065 ], [ 115.242525798326938, -8.486568674704529 ] ] ] ] } },
{ "type": "Feature", "properties": { "latitude": -8.4890607, "longitude": 115.24437184, "area_in_me": 111.079, "confidence": 0.9151, "full_plus": "6P3QG66V+9PHH", "layer": "2dd_buildings_012", "path": "file:///C:/Users/BPN/Downloads/Compressed/2dd_buildings.csv/2dd_buildings_split/2dd_buildings_012.csv?type=csv&maxFields=10000&detectTypes=yes&wktField=geometry&crs=EPSG:4326&spatialIndex=no&subsetIndex=no&watchFile=no", "Shape_Leng": 0.00038136251, "Shape_Area": 9.08e-09 }, "geometry": { "type": "MultiPolygon", "coordinates": [ [ [ [ 115.244364849858016, -8.489110638145405 ], [ 115.244330466977544, -8.489096840746583 ], [ 115.244310410297203, -8.489088791814254 ], [ 115.24434714670349, -8.488998059213031 ], [ 115.244433264883355, -8.489032618360625 ], [ 115.244396528477068, -8.489123350961847 ], [ 115.244364849858016, -8.489110638145405 ] ] ] ] } },
{ "type": "Feature", "properties": { "latitude": -8.48580506, "longitude": 115.24351365, "area_in_me": 40.7431, "confidence": 0.8462, "full_plus": "6P3QG67V+MCCM", "layer": "2dd_buildings_012", "path": "file:///C:/Users/BPN/Downloads/Compressed/2dd_buildings.csv/2dd_buildings_split/2dd_buildings_012.csv?type=csv&maxFields=10000&detectTypes=yes&wktField=geometry&crs=EPSG:4326&spatialIndex=no&subsetIndex=no&watchFile=no", "Shape_Leng": 0.0002318324, "Shape_Area": 3.33e-09 }, "geometry": { "type": "MultiPolygon", "coordinates": [ [ [ [ 115.243545466749993, -8.485778953935551 ], [ 115.24354503057873, -8.485831672193854 ], [ 115.243481836117894, -8.485831153285062 ], [ 115.243482272289043, -8.485778435926022 ], [ 115.243545466749993, -8.485778953935551 ] ] ] ] } },
{ "type": "Feature", "properties": { "latitude": -8.48977885, "longitude": 115.24485698, "area_in_me": 28.3348, "confidence": 0.8062, "full_plus": "6P3QG66V+3WQV", "layer": "2dd_buildings_012", "path": "file:///C:/Users/BPN/Downloads/Compressed/2dd_buildings.csv/2dd_buildings_split/2dd_buildings_012.csv?type=csv&maxFields=10000&detectTypes=yes&wktField=geometry&crs=EPSG:4326&spatialIndex=no&subsetIndex=no&watchFile=no", "Shape_Leng": 0.00019260368, "Shape_Area": 2.32e-09 }, "geometry": { "type": "MultiPolygon", "coordinates": [ [ [ [ 115.244862229808177, -8.489801819298464 ], [ 115.24483568451933, -8.489805404895492 ], [ 115.24482934699688, -8.489758892858561 ], [ 115.244878262921588, -8.489752286438829 ], [ 115.244883645363984, -8.48979178915971 ], [ 115.244884600444038, -8.489798798475704 ], [ 115.244862229808177, -8.489801819298464 ] ] ] ] } },
{ "type": "Feature", "properties": { "latitude": -8.48487487, "longitude": 115.24244404, "area_in_me": 60.8295, "confidence": 0.8771, "full_plus": "6P3QG68R+3X42", "layer": "2dd_buildings_012", "path": "file:///C:/Users/BPN/Downloads/Compressed/2dd_buildings.csv/2dd_buildings_split/2dd_buildings_012.csv?type=csv&maxFields=10000&detectTypes=yes&wktField=geometry&crs=EPSG:4326&spatialIndex=no&subsetIndex=no&watchFile=no", "Shape_Leng": 0.00028465795, "Shape_Area": 4.97e-09 }, "geometry": { "type": "MultiPolygon", "coordinates": [ [ [ [ 115.242493796851249, -8.484864405467874 ], [ 115.242467110368921, -8.484920000657439 ], [ 115.242394273377045, -8.484885345282407 ], [ 115.24239547397201, -8.484882844267815 ], [ 115.242408704797981, -8.484855280946419 ], [ 115.242420959859487, -8.484829750992162 ], [ 115.242425144404933, -8.48483174209116 ], [ 115.242493796851249, -8.484864405467874 ] ] ] ] } },
{ "type": "Feature", "properties": { "latitude": -8.48659447, "longitude": 115.24203208, "area_in_me": 17.3511, "confidence": 0.7777, "full_plus": "6P3QG67R+9R76", "layer": "2dd_buildings_013", "path": "file:///C:/Users/BPN/Downloads/Compressed/2dd_buildings.csv/2dd_buildings_split/2dd_buildings_013.csv?type=csv&maxFields=10000&detectTypes=yes&wktField=geometry&crs=EPSG:4326&spatialIndex=no&subsetIndex=no&watchFile=no", "Shape_Leng": 0.0001532026, "Shape_Area": 1.42e-09 }, "geometry": { "type": "MultiPolygon", "coordinates": [ [ [ [ 115.242048020000198, -8.486616902647881 ], [ 115.242016657043109, -8.486617264175379 ], [ 115.242016201986189, -8.486578106794127 ], [ 115.24201613093976, -8.486572030974401 ], [ 115.242027980406988, -8.486571894277461 ], [ 115.242047493896735, -8.48657166944696 ], [ 115.242048020000198, -8.486616902647881 ] ] ] ] } },
{ "type": "Feature", "properties": { "latitude": -8.48629472, "longitude": 115.24648422, "area_in_me": 53.5577, "confidence": 0.7052, "full_plus": "6P3QG67W+FHQ7", "layer": "2dd_buildings_013", "path": "file:///C:/Users/BPN/Downloads/Compressed/2dd_buildings.csv/2dd_buildings_split/2dd_buildings_013.csv?type=csv&maxFields=10000&detectTypes=yes&wktField=geometry&crs=EPSG:4326&spatialIndex=no&subsetIndex=no&watchFile=no", "Shape_Leng": 0.00028475765, "Shape_Area": 4.38e-09 }, "geometry": { "type": "MultiPolygon", "coordinates": [ [ [ [ 115.246439165834886, -8.486291908344867 ], [ 115.24643793286441, -8.486267909936032 ], [ 115.246518695581358, -8.486263797336335 ], [ 115.246521851302418, -8.486325227327313 ], [ 115.246456934639923, -8.486328533235167 ], [ 115.246455011889338, -8.486291100753647 ], [ 115.246439165834886, -8.486291908344867 ] ] ] ] } },
{ "type": "Feature", "properties": { "latitude": -8.49178366, "longitude": 115.24573918, "area_in_me": 10.2939, "confidence": 0.7055, "full_plus": "6P3QG65W+77QP", "layer": "2dd_buildings_013", "path": "file:///C:/Users/BPN/Downloads/Compressed/2dd_buildings.csv/2dd_buildings_split/2dd_buildings_013.csv?type=csv&maxFields=10000&detectTypes=yes&wktField=geometry&crs=EPSG:4326&spatialIndex=no&subsetIndex=no&watchFile=no", "Shape_Leng": 0.0001170111, "Shape_Area": 8.4e-10 }, "geometry": { "type": "MultiPolygon", "coordinates": [ [ [ [ 115.245746043944791, -8.49179545979257 ], [ 115.245725009701459, -8.491798940168906 ], [ 115.24572360585978, -8.491790527910496 ], [ 115.245721524828582, -8.491778063306924 ], [ 115.245720808068882, -8.491773769943507 ], [ 115.245722540163115, -8.491773483059774 ], [ 115.245748589925597, -8.491769173508487 ], [ 115.245753352735051, -8.491768385702414 ], [ 115.245753671095144, -8.491770290466491 ], [ 115.245757554367742, -8.491793555927813 ], [ 115.245746043944791, -8.49179545979257 ] ] ] ] } },
{ "type": "Feature", "properties": { "latitude": -8.48459625, "longitude": 115.24286237, "area_in_me": 114.4235, "confidence": 0.8967, "full_plus": "6P3QG68V+5494", "layer": "2dd_buildings_013", "path": "file:///C:/Users/BPN/Downloads/Compressed/2dd_buildings.csv/2dd_buildings_split/2dd_buildings_013.csv?type=csv&maxFields=10000&detectTypes=yes&wktField=geometry&crs=EPSG:4326&spatialIndex=no&subsetIndex=no&watchFile=no", "Shape_Leng": 0.0003898684, "Shape_Area": 9.36e-09 }, "geometry": { "type": "MultiPolygon", "coordinates": [ [ [ [ 115.24293139526776, -8.484604893501 ], [ 115.242837385536973, -8.484660896982746 ], [ 115.242793337642524, -8.484587607631966 ], [ 115.242887346473935, -8.484531604150163 ], [ 115.24293139526776, -8.484604893501 ] ] ] ] } },
{ "type": "Feature", "properties": { "latitude": -8.48864587, "longitude": 115.24705151000001, "area_in_me": 50.2028, "confidence": 0.8051, "full_plus": "6P3QG66W+GRV4", "layer": "2dd_buildings_013", "path": "file:///C:/Users/BPN/Downloads/Compressed/2dd_buildings.csv/2dd_buildings_split/2dd_buildings_013.csv?type=csv&maxFields=10000&detectTypes=yes&wktField=geometry&crs=EPSG:4326&spatialIndex=no&subsetIndex=no&watchFile=no", "Shape_Leng": 0.0002579766, "Shape_Area": 4.11e-09 }, "geometry": { "type": "MultiPolygon", "coordinates": [ [ [ [ 115.247088717370502, -8.488672760939096 ], [ 115.247016933484701, -8.488676037169341 ], [ 115.247015418127148, -8.488643130076355 ], [ 115.247014313759678, -8.488619157747905 ], [ 115.247014304766367, -8.48861896889025 ], [ 115.247086089551431, -8.488615691760742 ], [ 115.247088717370502, -8.488672760939096 ] ] ] ] } },
{ "type": "Feature", "properties": { "latitude": -8.49240759, "longitude": 115.24525326, "area_in_me": 18.8871, "confidence": 0.7874, "full_plus": "6P3QG65W+24JJ", "layer": "2dd_buildings_013", "path": "file:///C:/Users/BPN/Downloads/Compressed/2dd_buildings.csv/2dd_buildings_split/2dd_buildings_013.csv?type=csv&maxFields=10000&detectTypes=yes&wktField=geometry&crs=EPSG:4326&spatialIndex=no&subsetIndex=no&watchFile=no", "Shape_Leng": 0.00016707625, "Shape_Area": 1.54e-09 }, "geometry": { "type": "MultiPolygon", "coordinates": [ [ [ [ 115.245269226094024, -8.492385928567728 ], [ 115.245281067467317, -8.492428481788977 ], [ 115.245227225955773, -8.49241726814239 ], [ 115.245222120504536, -8.492398920173969 ], [ 115.245269226094024, -8.492385928567728 ] ] ] ] } },
{ "type": "Feature", "properties": { "latitude": -8.48613655, "longitude": 115.24670563, "area_in_me": 7.9667, "confidence": 0.7348, "full_plus": "6P3QG67W+GMWG", "layer": "2dd_buildings_013", "path": "file:///C:/Users/BPN/Downloads/Compressed/2dd_buildings.csv/2dd_buildings_split/2dd_buildings_013.csv?type=csv&maxFields=10000&detectTypes=yes&wktField=geometry&crs=EPSG:4326&spatialIndex=no&subsetIndex=no&watchFile=no", "Shape_Leng": 0.0001023434, "Shape_Area": 6.5e-10 }, "geometry": { "type": "MultiPolygon", "coordinates": [ [ [ [ 115.246718216472573, -8.486149613114094 ], [ 115.246694444692935, -8.486150823601577 ], [ 115.246693040851255, -8.486123490506657 ], [ 115.246716812630893, -8.486122280019174 ], [ 115.246718216472573, -8.486149613114094 ] ] ] ] } },
{ "type": "Feature", "properties": { "latitude": -8.49234394, "longitude": 115.24574392, "area_in_me": 62.844, "confidence": 0.8535, "full_plus": "6P3QG65W+3799", "layer": "2dd_buildings_013", "path": "file:///C:/Users/BPN/Downloads/Compressed/2dd_buildings.csv/2dd_buildings_split/2dd_buildings_013.csv?type=csv&maxFields=10000&detectTypes=yes&wktField=geometry&crs=EPSG:4326&spatialIndex=no&subsetIndex=no&watchFile=no", "Shape_Leng": 0.00029035289, "Shape_Area": 5.14e-09 }, "geometry": { "type": "MultiPolygon", "coordinates": [ [ [ [ 115.24578008508297, -8.492374976623807 ], [ 115.245778369176492, -8.492382769249332 ], [ 115.24576117593756, -8.492379016378436 ], [ 115.245696310536346, -8.492364856552854 ], [ 115.245709452329379, -8.492305188333717 ], [ 115.24570947121515, -8.492305102898115 ], [ 115.245790698881706, -8.492322834830929 ], [ 115.245791529855296, -8.49232301649397 ], [ 115.24578008508297, -8.492374976623807 ] ] ] ] } },
{ "type": "Feature", "properties": { "latitude": -8.48620802, "longitude": 115.24281639, "area_in_me": 81.0804, "confidence": 0.8579, "full_plus": "6P3QG67V+G48J", "layer": "2dd_buildings_013", "path": "file:///C:/Users/BPN/Downloads/Compressed/2dd_buildings.csv/2dd_buildings_split/2dd_buildings_013.csv?type=csv&maxFields=10000&detectTypes=yes&wktField=geometry&crs=EPSG:4326&spatialIndex=no&subsetIndex=no&watchFile=no", "Shape_Leng": 0.00033754754, "Shape_Area": 6.63e-09 }, "geometry": { "type": "MultiPolygon", "coordinates": [ [ [ [ 115.242873063441152, -8.486232687088773 ], [ 115.242822725688256, -8.486269276006226 ], [ 115.242759718286379, -8.486183360173868 ], [ 115.242810056039275, -8.486146771256415 ], [ 115.242873063441152, -8.486232687088773 ] ] ] ] } },
{ "type": "Feature", "properties": { "latitude": -8.48651517, "longitude": 115.24646753, "area_in_me": 33.0805, "confidence": 0.7775, "full_plus": "6P3QG67W+9HW9", "layer": "2dd_buildings_013", "path": "file:///C:/Users/BPN/Downloads/Compressed/2dd_buildings.csv/2dd_buildings_split/2dd_buildings_013.csv?type=csv&maxFields=10000&detectTypes=yes&wktField=geometry&crs=EPSG:4326&spatialIndex=no&subsetIndex=no&watchFile=no", "Shape_Leng": 0.00021123437, "Shape_Area": 2.71e-09 }, "geometry": { "type": "MultiPolygon", "coordinates": [ [ [ [ 115.246468115011567, -8.486546153881875 ], [ 115.246447189586206, -8.486547134142882 ], [ 115.24644714012345, -8.486546093627283 ], [ 115.24644582981125, -8.486518359434683 ], [ 115.246444265890204, -8.486485249094926 ], [ 115.246449086256348, -8.486485023365105 ], [ 115.246487881210783, -8.486483206734533 ], [ 115.246490804906784, -8.486545091782489 ], [ 115.246468115011567, -8.486546153881875 ] ] ] ] } },
{ "type": "Feature", "properties": { "latitude": -8.48599322, "longitude": 115.24605088, "area_in_me": 12.0489, "confidence": 0.7341, "full_plus": "6P3QG67W+JC38", "layer": "2dd_buildings_013", "path": "file:///C:/Users/BPN/Downloads/Compressed/2dd_buildings.csv/2dd_buildings_split/2dd_buildings_013.csv?type=csv&maxFields=10000&detectTypes=yes&wktField=geometry&crs=EPSG:4326&spatialIndex=no&subsetIndex=no&watchFile=no", "Shape_Leng": 0.00012681829, "Shape_Area": 9.9e-10 }, "geometry": { "type": "MultiPolygon", "coordinates": [ [ [ [ 115.246064579316908, -8.485975206690398 ], [ 115.246064415640376, -8.486011371127802 ], [ 115.246037171578223, -8.486011248820034 ], [ 115.246037275899653, -8.485988159625833 ], [ 115.246037335254869, -8.485975084382574 ], [ 115.246055439507018, -8.485975165321577 ], [ 115.246064579316908, -8.485975206690398 ] ] ] ] } },
{ "type": "Feature", "properties": { "latitude": -8.48994885, "longitude": 115.24610283, "area_in_me": 34.178, "confidence": 0.8307, "full_plus": "6P3QG66W+2CH3", "layer": "2dd_buildings_013", "path": "file:///C:/Users/BPN/Downloads/Compressed/2dd_buildings.csv/2dd_buildings_split/2dd_buildings_013.csv?type=csv&maxFields=10000&detectTypes=yes&wktField=geometry&crs=EPSG:4326&spatialIndex=no&subsetIndex=no&watchFile=no", "Shape_Leng": 0.00022021353, "Shape_Area": 2.79e-09 }, "geometry": { "type": "MultiPolygon", "coordinates": [ [ [ [ 115.246123486709621, -8.489942160302405 ], [ 115.246118892073241, -8.489985919514538 ], [ 115.246079413634106, -8.48998181141144 ], [ 115.246086766491089, -8.489911781203716 ], [ 115.246126244930338, -8.489915889306815 ], [ 115.246123486709621, -8.489942160302405 ] ] ] ] } },
{ "type": "Feature", "properties": { "latitude": -8.4917336, "longitude": 115.24582959, "area_in_me": 33.4778, "confidence": 0.8433, "full_plus": "6P3QG65W+884P", "layer": "2dd_buildings_013", "path": "file:///C:/Users/BPN/Downloads/Compressed/2dd_buildings.csv/2dd_buildings_split/2dd_buildings_013.csv?type=csv&maxFields=10000&detectTypes=yes&wktField=geometry&crs=EPSG:4326&spatialIndex=no&subsetIndex=no&watchFile=no", "Shape_Leng": 0.00020928845, "Shape_Area": 2.74e-09 }, "geometry": { "type": "MultiPolygon", "coordinates": [ [ [ [ 115.245852991322522, -8.491749222048895 ], [ 115.245849643146585, -8.491764640925396 ], [ 115.245798438447196, -8.491753618834423 ], [ 115.245809530685392, -8.491702542738096 ], [ 115.245860735384667, -8.491713564829126 ], [ 115.245852991322522, -8.491749222048895 ] ] ] ] } },
{ "type": "Feature", "properties": { "latitude": -8.4849165, "longitude": 115.24298126, "area_in_me": 108.6087, "confidence": 0.8761, "full_plus": "6P3QG68V+25Q7", "layer": "2dd_buildings_013", "path": "file:///C:/Users/BPN/Downloads/Compressed/2dd_buildings.csv/2dd_buildings_split/2dd_buildings_013.csv?type=csv&maxFields=10000&detectTypes=yes&wktField=geometry&crs=EPSG:4326&spatialIndex=no&subsetIndex=no&watchFile=no", "Shape_Leng": 0.00038472702, "Shape_Area": 8.88e-09 }, "geometry": { "type": "MultiPolygon", "coordinates": [ [ [ [ 115.243025614540556, -8.484863144618373 ], [ 115.243013431424743, -8.484977909802637 ], [ 115.24293690001798, -8.484969856373709 ], [ 115.242949083133794, -8.484855092088765 ], [ 115.243025614540556, -8.484863144618373 ] ] ] ] } },
{ "type": "Feature", "properties": { "latitude": -8.49122191, "longitude": 115.24626071, "area_in_me": 11.0905, "confidence": 0.6711, "full_plus": "6P3QG65W+GG63", "layer": "2dd_buildings_013", "path": "file:///C:/Users/BPN/Downloads/Compressed/2dd_buildings.csv/2dd_buildings_split/2dd_buildings_013.csv?type=csv&maxFields=10000&detectTypes=yes&wktField=geometry&crs=EPSG:4326&spatialIndex=no&subsetIndex=no&watchFile=no", "Shape_Leng": 0.00012046065, "Shape_Area": 9.1e-10 }, "geometry": { "type": "MultiPolygon", "coordinates": [ [ [ [ 115.246273984656682, -8.491235076037867 ], [ 115.246273393802198, -8.491238995283368 ], [ 115.246243546202777, -8.491234536444665 ], [ 115.246248024826514, -8.491204821045585 ], [ 115.24627734362457, -8.491209200743981 ], [ 115.246277873325312, -8.491209279884288 ], [ 115.246273984656682, -8.491235076037867 ] ] ] ] } },
{ "type": "Feature", "properties": { "latitude": -8.4865405, "longitude": 115.24504923000001, "area_in_me": 23.6589, "confidence": 0.7805, "full_plus": "6P3QG67W+92M8", "layer": "2dd_buildings_013", "path": "file:///C:/Users/BPN/Downloads/Compressed/2dd_buildings.csv/2dd_buildings_split/2dd_buildings_013.csv?type=csv&maxFields=10000&detectTypes=yes&wktField=geometry&crs=EPSG:4326&spatialIndex=no&subsetIndex=no&watchFile=no", "Shape_Leng": 0.00017946124, "Shape_Area": 1.93e-09 }, "geometry": { "type": "MultiPolygon", "coordinates": [ [ [ [ 115.245067757271272, -8.486567008260749 ], [ 115.245031743919867, -8.486567695342842 ], [ 115.245030861684995, -8.48652185779747 ], [ 115.245030710598826, -8.48651399412546 ], [ 115.245062952193507, -8.48651337898923 ], [ 115.245066723050854, -8.486513307043424 ], [ 115.245067757271272, -8.486567008260749 ] ] ] ] } },
{ "type": "Feature", "properties": { "latitude": -8.49154967, "longitude": 115.24555038, "area_in_me": 56.8306, "confidence": 0.6893, "full_plus": "6P3QG65W+96M4", "layer": "2dd_buildings_013", "path": "file:///C:/Users/BPN/Downloads/Compressed/2dd_buildings.csv/2dd_buildings_split/2dd_buildings_013.csv?type=csv&maxFields=10000&detectTypes=yes&wktField=geometry&crs=EPSG:4326&spatialIndex=no&subsetIndex=no&watchFile=no", "Shape_Leng": 0.00029100375, "Shape_Area": 4.65e-09 }, "geometry": { "type": "MultiPolygon", "coordinates": [ [ [ [ 115.245603660580514, -8.491538072024355 ], [ 115.245592562047136, -8.491584098427381 ], [ 115.245497094515372, -8.491561281727741 ], [ 115.245508193048749, -8.491515255324714 ], [ 115.245603660580514, -8.491538072024355 ] ] ] ] } },
{ "type": "Feature", "properties": { "latitude": -8.49080516, "longitude": 115.24605705, "area_in_me": 51.0106, "confidence": 0.8249, "full_plus": "6P3QG65W+MCFQ", "layer": "2dd_buildings_013", "path": "file:///C:/Users/BPN/Downloads/Compressed/2dd_buildings.csv/2dd_buildings_split/2dd_buildings_013.csv?type=csv&maxFields=10000&detectTypes=yes&wktField=geometry&crs=EPSG:4326&spatialIndex=no&subsetIndex=no&watchFile=no", "Shape_Leng": 0.00026306532, "Shape_Area": 4.17e-09 }, "geometry": { "type": "MultiPolygon", "coordinates": [ [ [ [ 115.246102644021903, -8.490792260654246 ], [ 115.246085602768403, -8.490842829532937 ], [ 115.246011459960982, -8.490818064901703 ], [ 115.246028500315106, -8.490767496023068 ], [ 115.246102644021903, -8.490792260654246 ] ] ] ] } },
{ "type": "Feature", "properties": { "latitude": -8.48847126, "longitude": 115.24570424, "area_in_me": 198.798, "confidence": 0.8915, "full_plus": "6P3QG66W+J784", "layer": "2dd_buildings_013", "path": "file:///C:/Users/BPN/Downloads/Compressed/2dd_buildings.csv/2dd_buildings_split/2dd_buildings_013.csv?type=csv&maxFields=10000&detectTypes=yes&wktField=geometry&crs=EPSG:4326&spatialIndex=no&subsetIndex=no&watchFile=no", "Shape_Leng": 0.00054270535, "Shape_Area": 1.626e-08 }, "geometry": { "type": "MultiPolygon", "coordinates": [ [ [ [ 115.245772000177681, -8.488410899943005 ], [ 115.24577150015466, -8.488515599914933 ], [ 115.245741200196335, -8.488515500090216 ], [ 115.245741000546786, -8.48854599969809 ], [ 115.245675699873686, -8.488545700223824 ], [ 115.245675799698461, -8.48851519971663 ], [ 115.245635300528761, -8.488515000067139 ], [ 115.245635800551781, -8.488410300095211 ], [ 115.245772000177681, -8.488410899943005 ] ] ] ] } },
{ "type": "Feature", "properties": { "latitude": -8.48853898, "longitude": 115.24653888, "area_in_me": 44.7693, "confidence": 0.8034, "full_plus": "6P3QG66W+HJMC", "layer": "2dd_buildings_013", "path": "file:///C:/Users/BPN/Downloads/Compressed/2dd_buildings.csv/2dd_buildings_split/2dd_buildings_013.csv?type=csv&maxFields=10000&detectTypes=yes&wktField=geometry&crs=EPSG:4326&spatialIndex=no&subsetIndex=no&watchFile=no", "Shape_Leng": 0.00024463267, "Shape_Area": 3.66e-09 }, "geometry": { "type": "MultiPolygon", "coordinates": [ [ [ [ 115.246515229594252, -8.488575715996433 ], [ 115.246512246543034, -8.488532570121947 ], [ 115.246510396637518, -8.488505817089731 ], [ 115.2465625249406, -8.488502244982556 ], [ 115.246567357897334, -8.488572143889257 ], [ 115.246515229594252, -8.488575715996433 ] ] ] ] } },
{ "type": "Feature", "properties": { "latitude": -8.48648496, "longitude": 115.2458477, "area_in_me": 182.8781, "confidence": 0.8674, "full_plus": "6P3QG67W+C85J", "layer": "2dd_buildings_013", "path": "file:///C:/Users/BPN/Downloads/Compressed/2dd_buildings.csv/2dd_buildings_split/2dd_buildings_013.csv?type=csv&maxFields=10000&detectTypes=yes&wktField=geometry&crs=EPSG:4326&spatialIndex=no&subsetIndex=no&watchFile=no", "Shape_Leng": 0.00062632946, "Shape_Area": 1.495e-08 }, "geometry": { "type": "MultiPolygon", "coordinates": [ [ [ [ 115.245974362926518, -8.4865208883283 ], [ 115.245974116512343, -8.486524195135473 ], [ 115.245973359283198, -8.48652413937748 ], [ 115.24597228189532, -8.486524059337796 ], [ 115.245925882273696, -8.486520627524897 ], [ 115.24586314286978, -8.486515986123834 ], [ 115.245807526096542, -8.48651187172544 ], [ 115.245722172340493, -8.48650555848468 ], [ 115.245726677943935, -8.48644519329099 ], [ 115.245885782402979, -8.486456962718592 ], [ 115.245950809682199, -8.486461773192218 ], [ 115.245961832672492, -8.486462588877316 ], [ 115.245960338898612, -8.486482613182034 ], [ 115.245976722747628, -8.486483825468099 ], [ 115.245977127442529, -8.486483855145764 ], [ 115.245977027617755, -8.486485187941014 ], [ 115.245974362926518, -8.4865208883283 ] ] ] ] } },
{ "type": "Feature", "properties": { "latitude": -8.4875733, "longitude": 115.24539354, "area_in_me": 70.8913, "confidence": 0.9049, "full_plus": "6P3QG66W+X5C4", "layer": "2dd_buildings_013", "path": "file:///C:/Users/BPN/Downloads/Compressed/2dd_buildings.csv/2dd_buildings_split/2dd_buildings_013.csv?type=csv&maxFields=10000&detectTypes=yes&wktField=geometry&crs=EPSG:4326&spatialIndex=no&subsetIndex=no&watchFile=no", "Shape_Leng": 0.00030542313, "Shape_Area": 5.8e-09 }, "geometry": { "type": "MultiPolygon", "coordinates": [ [ [ [ 115.24535352764326, -8.487609763179989 ], [ 115.245351477188933, -8.487539197875662 ], [ 115.245433560110769, -8.487536834457273 ], [ 115.245435609665719, -8.487607399761657 ], [ 115.24535352764326, -8.487609763179989 ] ] ] ] } },
{ "type": "Feature", "properties": { "latitude": -8.48702172, "longitude": 115.2460089, "area_in_me": 45.6008, "confidence": 0.8114, "full_plus": "6P3QG67W+5CR3", "layer": "2dd_buildings_013", "path": "file:///C:/Users/BPN/Downloads/Compressed/2dd_buildings.csv/2dd_buildings_split/2dd_buildings_013.csv?type=csv&maxFields=10000&detectTypes=yes&wktField=geometry&crs=EPSG:4326&spatialIndex=no&subsetIndex=no&watchFile=no", "Shape_Leng": 0.00025490137, "Shape_Area": 3.73e-09 }, "geometry": { "type": "MultiPolygon", "coordinates": [ [ [ [ 115.246033119233175, -8.487061849424776 ], [ 115.245987643215244, -8.487063485291571 ], [ 115.245987609040981, -8.48706254460069 ], [ 115.24598476358608, -8.48698411472509 ], [ 115.24598467185524, -8.48698159392535 ], [ 115.246008284454774, -8.486980744965365 ], [ 115.246030147873057, -8.486979958058555 ], [ 115.24603309045483, -8.487061062517967 ], [ 115.246033119233175, -8.487061849424776 ] ] ] ] } },
{ "type": "Feature", "properties": { "latitude": -8.4894965, "longitude": 115.24624155, "area_in_me": 132.1148, "confidence": 0.8622, "full_plus": "6P3QG66W+6F54", "layer": "2dd_buildings_013", "path": "file:///C:/Users/BPN/Downloads/Compressed/2dd_buildings.csv/2dd_buildings_split/2dd_buildings_013.csv?type=csv&maxFields=10000&detectTypes=yes&wktField=geometry&crs=EPSG:4326&spatialIndex=no&subsetIndex=no&watchFile=no", "Shape_Leng": 0.00047430216, "Shape_Area": 1.08e-08 }, "geometry": { "type": "MultiPolygon", "coordinates": [ [ [ [ 115.246330294807308, -8.489524507050305 ], [ 115.246154732754803, -8.489529965035786 ], [ 115.246152803709037, -8.489468488280068 ], [ 115.24617117865705, -8.489467917210561 ], [ 115.246207149740258, -8.489466798453918 ], [ 115.246319475063729, -8.489463306386426 ], [ 115.246328366660805, -8.489463036589825 ], [ 115.246330294807308, -8.489524507050305 ] ] ] ] } },
{ "type": "Feature", "properties": { "latitude": -8.48548191, "longitude": 115.24404011, "area_in_me": 40.0421, "confidence": 0.668, "full_plus": "6P3QG67V+RJ3M", "layer": "2dd_buildings_013", "path": "file:///C:/Users/BPN/Downloads/Compressed/2dd_buildings.csv/2dd_buildings_split/2dd_buildings_013.csv?type=csv&maxFields=10000&detectTypes=yes&wktField=geometry&crs=EPSG:4326&spatialIndex=no&subsetIndex=no&watchFile=no", "Shape_Leng": 0.00023054019, "Shape_Area": 3.27e-09 }, "geometry": { "type": "MultiPolygon", "coordinates": [ [ [ [ 115.244072188880523, -8.485507579011539 ], [ 115.244022759442828, -8.485519071447925 ], [ 115.244008024950404, -8.485456253803022 ], [ 115.244057453488722, -8.48544476136658 ], [ 115.244072188880523, -8.485507579011539 ] ] ] ] } },
{ "type": "Feature", "properties": { "latitude": -8.48860159, "longitude": 115.24670196, "area_in_me": 50.0829, "confidence": 0.8297, "full_plus": "6P3QG66W+HM4V", "layer": "2dd_buildings_013", "path": "file:///C:/Users/BPN/Downloads/Compressed/2dd_buildings.csv/2dd_buildings_split/2dd_buildings_013.csv?type=csv&maxFields=10000&detectTypes=yes&wktField=geometry&crs=EPSG:4326&spatialIndex=no&subsetIndex=no&watchFile=no", "Shape_Leng": 0.00026719177, "Shape_Area": 4.1e-09 }, "geometry": { "type": "MultiPolygon", "coordinates": [ [ [ [ 115.24674647047334, -8.488622420488241 ], [ 115.246705302207943, -8.488625241661509 ], [ 115.246660730008784, -8.488628295759213 ], [ 115.246657442986702, -8.488580754897896 ], [ 115.246683484655136, -8.488578970642948 ], [ 115.246743183451258, -8.488574879626924 ], [ 115.24674647047334, -8.488622420488241 ] ] ] ] } },
{ "type": "Feature", "properties": { "latitude": -8.48596813, "longitude": 115.24646006, "area_in_me": 14.664, "confidence": 0.7437, "full_plus": "6P3QG67W+JH88", "layer": "2dd_buildings_013", "path": "file:///C:/Users/BPN/Downloads/Compressed/2dd_buildings.csv/2dd_buildings_split/2dd_buildings_013.csv?type=csv&maxFields=10000&detectTypes=yes&wktField=geometry&crs=EPSG:4326&spatialIndex=no&subsetIndex=no&watchFile=no", "Shape_Leng": 0.00014313044, "Shape_Area": 1.2e-09 }, "geometry": { "type": "MultiPolygon", "coordinates": [ [ [ [ 115.246483409781604, -8.485956470214887 ], [ 115.246481363823932, -8.485983158495912 ], [ 115.246436693598639, -8.485979763555179 ], [ 115.246438740455574, -8.485953075274153 ], [ 115.246483409781604, -8.485956470214887 ] ] ] ] } },
{ "type": "Feature", "properties": { "latitude": -8.4886692, "longitude": 115.24653886, "area_in_me": 55.7862, "confidence": 0.783, "full_plus": "6P3QG66W+GJM6", "layer": "2dd_buildings_013", "path": "file:///C:/Users/BPN/Downloads/Compressed/2dd_buildings.csv/2dd_buildings_split/2dd_buildings_013.csv?type=csv&maxFields=10000&detectTypes=yes&wktField=geometry&crs=EPSG:4326&spatialIndex=no&subsetIndex=no&watchFile=no", "Shape_Leng": 0.00027037352, "Shape_Area": 4.56e-09 }, "geometry": { "type": "MultiPolygon", "coordinates": [ [ [ [ 115.246501583281542, -8.488639201837657 ], [ 115.246571662052588, -8.488634399457908 ], [ 115.246576141575702, -8.488699188416774 ], [ 115.246506062804656, -8.488703990796466 ], [ 115.246501583281542, -8.488639201837657 ] ] ] ] } },
{ "type": "Feature", "properties": { "latitude": -8.48960391, "longitude": 115.24622316, "area_in_me": 22.9536, "confidence": 0.745, "full_plus": "6P3QG66W+5F5R", "layer": "2dd_buildings_013", "path": "file:///C:/Users/BPN/Downloads/Compressed/2dd_buildings.csv/2dd_buildings_split/2dd_buildings_013.csv?type=csv&maxFields=10000&detectTypes=yes&wktField=geometry&crs=EPSG:4326&spatialIndex=no&subsetIndex=no&watchFile=no", "Shape_Leng": 0.00017379601, "Shape_Area": 1.88e-09 }, "geometry": { "type": "MultiPolygon", "coordinates": [ [ [ [ 115.246246971720439, -8.489623472944857 ], [ 115.24620024384626, -8.489624502668619 ], [ 115.246199351718815, -8.489584353335204 ], [ 115.246203974234049, -8.48958425171179 ], [ 115.24623221924162, -8.489583629380945 ], [ 115.246246079592993, -8.489583324510761 ], [ 115.246246971720439, -8.489623472944857 ] ] ] ] } },
{ "type": "Feature", "properties": { "latitude": -8.48664619, "longitude": 115.24199986000001, "area_in_me": 44.3642, "confidence": 0.801, "full_plus": "6P3QG67R+8QX5", "layer": "2dd_buildings_013", "path": "file:///C:/Users/BPN/Downloads/Compressed/2dd_buildings.csv/2dd_buildings_split/2dd_buildings_013.csv?type=csv&maxFields=10000&detectTypes=yes&wktField=geometry&crs=EPSG:4326&spatialIndex=no&subsetIndex=no&watchFile=no", "Shape_Leng": 0.00026099689, "Shape_Area": 3.63e-09 }, "geometry": { "type": "MultiPolygon", "coordinates": [ [ [ [ 115.242047234892084, -8.486631994171148 ], [ 115.242042100662502, -8.486671820647985 ], [ 115.241952486817922, -8.486660370479683 ], [ 115.241957621047391, -8.486620544002847 ], [ 115.242047234892084, -8.486631994171148 ] ] ] ] } },
{ "type": "Feature", "properties": { "latitude": -8.48910107, "longitude": 115.24603845, "area_in_me": 106.6572, "confidence": 0.8588, "full_plus": "6P3QG66W+9C3R", "layer": "2dd_buildings_013", "path": "file:///C:/Users/BPN/Downloads/Compressed/2dd_buildings.csv/2dd_buildings_split/2dd_buildings_013.csv?type=csv&maxFields=10000&detectTypes=yes&wktField=geometry&crs=EPSG:4326&spatialIndex=no&subsetIndex=no&watchFile=no", "Shape_Leng": 0.00047210546, "Shape_Area": 8.72e-09 }, "geometry": { "type": "MultiPolygon", "coordinates": [ [ [ [ 115.246134613121967, -8.489119085477341 ], [ 115.246057436001934, -8.489123048789622 ], [ 115.246000719357767, -8.489125960794411 ], [ 115.245944667312642, -8.489128838624936 ], [ 115.245942294901056, -8.489083043347705 ], [ 115.245962823725449, -8.48908198934231 ], [ 115.246132240710381, -8.48907329020011 ], [ 115.246134613121967, -8.489119085477341 ] ] ] ] } },
{ "type": "Feature", "properties": { "latitude": -8.48887304, "longitude": 115.24616648, "area_in_me": 20.0112, "confidence": 0.8028, "full_plus": "6P3QG66W+FF33", "layer": "2dd_buildings_013", "path": "file:///C:/Users/BPN/Downloads/Compressed/2dd_buildings.csv/2dd_buildings_split/2dd_buildings_013.csv?type=csv&maxFields=10000&detectTypes=yes&wktField=geometry&crs=EPSG:4326&spatialIndex=no&subsetIndex=no&watchFile=no", "Shape_Leng": 0.00017267982, "Shape_Area": 1.64e-09 }, "geometry": { "type": "MultiPolygon", "coordinates": [ [ [ [ 115.246196298520431, -8.488885582803334 ], [ 115.246138131269845, -8.488888569451888 ], [ 115.246136677066033, -8.488860511503333 ], [ 115.246137509838263, -8.488860468335872 ], [ 115.246182572167982, -8.488858155279615 ], [ 115.246194845215996, -8.488857524854836 ], [ 115.246196298520431, -8.488885582803334 ] ] ] ] } },
{ "type": "Feature", "properties": { "latitude": -8.48740156, "longitude": 115.24511572, "area_in_me": 18.6863, "confidence": 0.7894, "full_plus": "6P3QG67W+22QW", "layer": "2dd_buildings_013", "path": "file:///C:/Users/BPN/Downloads/Compressed/2dd_buildings.csv/2dd_buildings_split/2dd_buildings_013.csv?type=csv&maxFields=10000&detectTypes=yes&wktField=geometry&crs=EPSG:4326&spatialIndex=no&subsetIndex=no&watchFile=no", "Shape_Leng": 0.00016931443, "Shape_Area": 1.53e-09 }, "geometry": { "type": "MultiPolygon", "coordinates": [ [ [ [ 115.24512959735307, -8.487430457249729 ], [ 115.245103517913094, -8.487431208183636 ], [ 115.245101817295108, -8.487372665915757 ], [ 115.245127896735085, -8.48737191498185 ], [ 115.24512959735307, -8.487430457249729 ] ] ] ] } },
{ "type": "Feature", "properties": { "latitude": -8.48785364, "longitude": 115.24618243, "area_in_me": 64.761, "confidence": 0.8772, "full_plus": "6P3QG66W+VF3X", "layer": "2dd_buildings_013", "path": "file:///C:/Users/BPN/Downloads/Compressed/2dd_buildings.csv/2dd_buildings_split/2dd_buildings_013.csv?type=csv&maxFields=10000&detectTypes=yes&wktField=geometry&crs=EPSG:4326&spatialIndex=no&subsetIndex=no&watchFile=no", "Shape_Leng": 0.00029409228, "Shape_Area": 5.3e-09 }, "geometry": { "type": "MultiPolygon", "coordinates": [ [ [ [ 115.246225746820869, -8.487883349536901 ], [ 115.246141815792271, -8.487886911751502 ], [ 115.246139117826033, -8.487823930430011 ], [ 115.246223048854631, -8.487820367316033 ], [ 115.246225746820869, -8.487883349536901 ] ] ] ] } },
{ "type": "Feature", "properties": { "latitude": -8.48600621, "longitude": 115.24639037, "area_in_me": 67.3578, "confidence": 0.8568, "full_plus": "6P3QG67W+HHRM", "layer": "2dd_buildings_013", "path": "file:///C:/Users/BPN/Downloads/Compressed/2dd_buildings.csv/2dd_buildings_split/2dd_buildings_013.csv?type=csv&maxFields=10000&detectTypes=yes&wktField=geometry&crs=EPSG:4326&spatialIndex=no&subsetIndex=no&watchFile=no", "Shape_Leng": 0.00029688058, "Shape_Area": 5.51e-09 }, "geometry": { "type": "MultiPolygon", "coordinates": [ [ [ [ 115.246428480090344, -8.486042301510963 ], [ 115.246355011774426, -8.486044985087972 ], [ 115.246352252654447, -8.485970112930318 ], [ 115.246425720970365, -8.485967429353309 ], [ 115.246428480090344, -8.486042301510963 ] ] ] ] } },
{ "type": "Feature", "properties": { "latitude": -8.4891068, "longitude": 115.24592691, "area_in_me": 18.6065, "confidence": 0.6875, "full_plus": "6P3QG66W+993P", "layer": "2dd_buildings_013", "path": "file:///C:/Users/BPN/Downloads/Compressed/2dd_buildings.csv/2dd_buildings_split/2dd_buildings_013.csv?type=csv&maxFields=10000&detectTypes=yes&wktField=geometry&crs=EPSG:4326&spatialIndex=no&subsetIndex=no&watchFile=no", "Shape_Leng": 0.00015807353, "Shape_Area": 1.52e-09 }, "geometry": { "type": "MultiPolygon", "coordinates": [ [ [ [ 115.245944667312642, -8.489128838624936 ], [ 115.245911530892499, -8.489130540142241 ], [ 115.245909158480913, -8.489084744865011 ], [ 115.245942294901056, -8.489083043347705 ], [ 115.245944667312642, -8.489128838624936 ] ] ] ] } },
{ "type": "Feature", "properties": { "latitude": -8.48853061, "longitude": 115.24603417, "area_in_me": 134.2694, "confidence": 0.8299, "full_plus": "6P3QG66W+HCMJ", "layer": "2dd_buildings_013", "path": "file:///C:/Users/BPN/Downloads/Compressed/2dd_buildings.csv/2dd_buildings_split/2dd_buildings_013.csv?type=csv&maxFields=10000&detectTypes=yes&wktField=geometry&crs=EPSG:4326&spatialIndex=no&subsetIndex=no&watchFile=no", "Shape_Leng": 0.00046440438, "Shape_Area": 1.098e-08 }, "geometry": { "type": "MultiPolygon", "coordinates": [ [ [ [ 115.246109730679564, -8.488499405822893 ], [ 115.246104983158489, -8.488574947975394 ], [ 115.245983589970706, -8.488567386475665 ], [ 115.24598514939521, -8.488542584072945 ], [ 115.245950333940868, -8.488540414908186 ], [ 115.245953522936816, -8.488489675158348 ], [ 115.246109730679564, -8.488499405822893 ] ] ] ] } },
{ "type": "Feature", "properties": { "latitude": -8.48666153, "longitude": 115.24631388, "area_in_me": 31.3948, "confidence": 0.7936, "full_plus": "6P3QG67W+8GPC", "layer": "2dd_buildings_013", "path": "file:///C:/Users/BPN/Downloads/Compressed/2dd_buildings.csv/2dd_buildings_split/2dd_buildings_013.csv?type=csv&maxFields=10000&detectTypes=yes&wktField=geometry&crs=EPSG:4326&spatialIndex=no&subsetIndex=no&watchFile=no", "Shape_Leng": 0.00020703084, "Shape_Area": 2.57e-09 }, "geometry": { "type": "MultiPolygon", "coordinates": [ [ [ [ 115.246291696804406, -8.486631458175225 ], [ 115.246332836291458, -8.486629357358936 ], [ 115.246336042374537, -8.486691597639094 ], [ 115.246294902887485, -8.486693697556063 ], [ 115.246291696804406, -8.486631458175225 ] ] ] ] } },
{ "type": "Feature", "properties": { "latitude": -8.4868156, "longitude": 115.24581807, "area_in_me": 60.1886, "confidence": 0.8725, "full_plus": "6P3QG67W+78G6", "layer": "2dd_buildings_013", "path": "file:///C:/Users/BPN/Downloads/Compressed/2dd_buildings.csv/2dd_buildings_split/2dd_buildings_013.csv?type=csv&maxFields=10000&detectTypes=yes&wktField=geometry&crs=EPSG:4326&spatialIndex=no&subsetIndex=no&watchFile=no", "Shape_Leng": 0.0002808254, "Shape_Area": 4.92e-09 }, "geometry": { "type": "MultiPolygon", "coordinates": [ [ [ [ 115.245855718966368, -8.486848032011039 ], [ 115.245782881974492, -8.4868506508368 ], [ 115.245780434019821, -8.486783166609825 ], [ 115.245853270112434, -8.486780546884688 ], [ 115.245855718966368, -8.486848032011039 ] ] ] ] } },
{ "type": "Feature", "properties": { "latitude": -8.14383182, "longitude": 115.15759387, "area_in_me": 39.7163, "confidence": 0.7787, "full_plus": "6P3QV545+F29J", "layer": "2dd_buildings_013", "path": "file:///C:/Users/BPN/Downloads/Compressed/2dd_buildings.csv/2dd_buildings_split/2dd_buildings_013.csv?type=csv&maxFields=10000&detectTypes=yes&wktField=geometry&crs=EPSG:4326&spatialIndex=no&subsetIndex=no&watchFile=no", "Shape_Leng": 0.00017936218, "Shape_Area": 1.93e-09 }, "geometry": { "type": "MultiPolygon", "coordinates": [ [ [ [ 115.244279798274079, -8.488754591151405 ], [ 115.244225966655108, -8.488757166809762 ], [ 115.244224240856056, -8.488721420557056 ], [ 115.24427807247514, -8.488718844898699 ], [ 115.244279798274079, -8.488754591151405 ] ] ] ] } },
{ "type": "Feature", "properties": { "latitude": -8.5339245, "longitude": 115.3870286, "area_in_me": 8.805, "confidence": 0.6695, "full_plus": "6P3QF98P+CRJ5", "layer": "2dd_buildings_013", "path": "file:///C:/Users/BPN/Downloads/Compressed/2dd_buildings.csv/2dd_buildings_split/2dd_buildings_013.csv?type=csv&maxFields=10000&detectTypes=yes&wktField=geometry&crs=EPSG:4326&spatialIndex=no&subsetIndex=no&watchFile=no", "Shape_Leng": 0.00052481725, "Shape_Area": 1.33e-08 }, "geometry": { "type": "MultiPolygon", "coordinates": [ [ [ [ 115.246041168165448, -8.486357170347105 ], [ 115.246035293793852, -8.486427576471442 ], [ 115.246018140125102, -8.48642615824059 ], [ 115.245967343718007, -8.486421957507275 ], [ 115.245954222609384, -8.486420872025576 ], [ 115.245950809682199, -8.486461773192218 ], [ 115.245950463443251, -8.486465922664138 ], [ 115.24588548292877, -8.486460549214939 ], [ 115.245885782402979, -8.486456962718592 ], [ 115.245889242094904, -8.486415497677058 ], [ 115.245895115567237, -8.486345092451984 ], [ 115.245987659402999, -8.486352745682609 ], [ 115.246041168165448, -8.486357170347105 ] ] ] ] } },
{ "type": "Feature", "properties": { "latitude": -8.23675358, "longitude": 114.92896144, "area_in_me": 36.0575, "confidence": 0.8236, "full_plus": "6P3PQW7H+7HWX", "layer": "2dd_buildings_013", "path": "file:///C:/Users/BPN/Downloads/Compressed/2dd_buildings.csv/2dd_buildings_split/2dd_buildings_013.csv?type=csv&maxFields=10000&detectTypes=yes&wktField=geometry&crs=EPSG:4326&spatialIndex=no&subsetIndex=no&watchFile=no", "Shape_Leng": 0.00020937113, "Shape_Area": 2.33e-09 }, "geometry": { "type": "MultiPolygon", "coordinates": [ [ [ [ 115.246788699039257, -8.486468849058099 ], [ 115.246787051481306, -8.486436783730539 ], [ 115.246859535039562, -8.486433092013556 ], [ 115.246861182597513, -8.486465158240435 ], [ 115.246788699039257, -8.486468849058099 ] ] ] ] } },
{ "type": "Feature", "properties": { "latitude": -8.60095417, "longitude": 115.27480538, "area_in_me": 20.3419, "confidence": 0.7896, "full_plus": "6P3Q97XF+JW7X", "layer": "2dd_buildings_013", "path": "file:///C:/Users/BPN/Downloads/Compressed/2dd_buildings.csv/2dd_buildings_split/2dd_buildings_013.csv?type=csv&maxFields=10000&detectTypes=yes&wktField=geometry&crs=EPSG:4326&spatialIndex=no&subsetIndex=no&watchFile=no", "Shape_Leng": 0.00035354325, "Shape_Area": 7.81e-09 }, "geometry": { "type": "MultiPolygon", "coordinates": [ [ [ [ 115.244231723215535, -8.488967267325506 ], [ 115.244267603467165, -8.488981223904318 ], [ 115.24428926363862, -8.488989648753261 ], [ 115.24425660835584, -8.48907285942488 ], [ 115.244175169348637, -8.489041182604467 ], [ 115.244207824631417, -8.488957971932791 ], [ 115.244231723215535, -8.488967267325506 ] ] ] ] } },
{ "type": "Feature", "properties": { "latitude": -8.53555362, "longitude": 0.0, "area_in_me": 9.0, "confidence": 1.0, "full_plus": "06P3QF47M+QRHW", "layer": "2dd_buildings_001", "path": "file:///C:/Users/BPN/Downloads/Compressed/2dd_buildings.csv/2dd_buildings_split/2dd_buildings_001.csv?type=csv&maxFields=10000&detectTypes=yes&wktField=geometry&crs=EPSG:4326&spatialIndex=no&subsetIndex=no&watchFile=no", "Shape_Leng": 0.00028642763, "Shape_Area": 5.12e-09 }, "geometry": { "type": "MultiPolygon", "coordinates": [ [ [ [ 115.243097475767968, -8.484708564648486 ], [ 115.243040017183148, -8.484747421656152 ], [ 115.24299839565947, -8.484686417943806 ], [ 115.24305585424429, -8.484647560936139 ], [ 115.243097475767968, -8.484708564648486 ] ] ] ] } },
{ "type": "Feature", "properties": { "latitude": -8.62303076, "longitude": 2.0, "area_in_me": 5.0, "confidence": 6.0, "full_plus": "06P3Q95G6+Q9JJ", "layer": "2dd_buildings_001", "path": "file:///C:/Users/BPN/Downloads/Compressed/2dd_buildings.csv/2dd_buildings_split/2dd_buildings_001.csv?type=csv&maxFields=10000&detectTypes=yes&wktField=geometry&crs=EPSG:4326&spatialIndex=no&subsetIndex=no&watchFile=no", "Shape_Leng": 0.00064626225, "Shape_Area": 1.7e-08 }, "geometry": { "type": "MultiPolygon", "coordinates": [ [ [ [ 115.246633431987334, -8.488113376331228 ], [ 115.246480808042975, -8.48812016081672 ], [ 115.246477843877415, -8.488054060646334 ], [ 115.246540500543688, -8.488051275445969 ], [ 115.246734558053504, -8.488042648249575 ], [ 115.246737452971161, -8.488107534335199 ], [ 115.246737509628474, -8.488108698957262 ], [ 115.246737515923655, -8.488108748419961 ], [ 115.246684027845617, -8.488111126227466 ], [ 115.246633431987334, -8.488113376331228 ] ] ] ] } },
{ "type": "Feature", "properties": { "latitude": -8.62587143, "longitude": 0.0, "area_in_me": 7.0, "confidence": 0.0, "full_plus": "06P3Q95F9+MV43", "layer": "2dd_buildings_001", "path": "file:///C:/Users/BPN/Downloads/Compressed/2dd_buildings.csv/2dd_buildings_split/2dd_buildings_001.csv?type=csv&maxFields=10000&detectTypes=yes&wktField=geometry&crs=EPSG:4326&spatialIndex=no&subsetIndex=no&watchFile=no", "Shape_Leng": 0.00024631952, "Shape_Area": 3.79e-09 }, "geometry": { "type": "MultiPolygon", "coordinates": [ [ [ [ 115.24564980209675, -8.485922238420528 ], [ 115.24564579112041, -8.485984172931182 ], [ 115.245584820683007, -8.485980259081657 ], [ 115.24558883255861, -8.485918324571003 ], [ 115.24564980209675, -8.485922238420528 ] ] ] ] } },
{ "type": "Feature", "properties": { "latitude": -8.56274937, "longitude": 2.0, "area_in_me": 0.0, "confidence": 1.0, "full_plus": "06P3QC5PC+WF55", "layer": "2dd_buildings_001", "path": "file:///C:/Users/BPN/Downloads/Compressed/2dd_buildings.csv/2dd_buildings_split/2dd_buildings_001.csv?type=csv&maxFields=10000&detectTypes=yes&wktField=geometry&crs=EPSG:4326&spatialIndex=no&subsetIndex=no&watchFile=no", "Shape_Leng": 0.00017550949, "Shape_Area": 1.92e-09 }, "geometry": { "type": "MultiPolygon", "coordinates": [ [ [ [ 115.247127587867908, -8.486556053618926 ], [ 115.24712514351063, -8.486600371310033 ], [ 115.247081838456097, -8.486598004294422 ], [ 115.247084282813489, -8.486553686603315 ], [ 115.247127587867908, -8.486556053618926 ] ] ] ] } },
{ "type": "Feature", "properties": { "latitude": -8.43258396, "longitude": 2.0, "area_in_me": 4.0, "confidence": 7.0, "full_plus": "06P3QH58X+X59P", "layer": "2dd_buildings_001", "path": "file:///C:/Users/BPN/Downloads/Compressed/2dd_buildings.csv/2dd_buildings_split/2dd_buildings_001.csv?type=csv&maxFields=10000&detectTypes=yes&wktField=geometry&crs=EPSG:4326&spatialIndex=no&subsetIndex=no&watchFile=no", "Shape_Leng": 0.00063588909, "Shape_Area": 2.471e-08 }, "geometry": { "type": "MultiPolygon", "coordinates": [ [ [ [ 115.246494904915949, -8.491065526852537 ], [ 115.246442186657646, -8.491240394628448 ], [ 115.246312547586058, -8.491201658129967 ], [ 115.246365264945098, -8.491026790354056 ], [ 115.246494904915949, -8.491065526852537 ] ] ] ] } },
{ "type": "Feature", "properties": { "latitude": -8.55038657, "longitude": 2.0, "area_in_me": 9.0, "confidence": 8.0, "full_plus": "06P3QC9XG+R5RF", "layer": "2dd_buildings_001", "path": "file:///C:/Users/BPN/Downloads/Compressed/2dd_buildings.csv/2dd_buildings_split/2dd_buildings_001.csv?type=csv&maxFields=10000&detectTypes=yes&wktField=geometry&crs=EPSG:4326&spatialIndex=no&subsetIndex=no&watchFile=no", "Shape_Leng": 0.00015023178, "Shape_Area": 1.36e-09 }, "geometry": { "type": "MultiPolygon", "coordinates": [ [ [ [ 115.246181501075512, -8.487994306991652 ], [ 115.246151218204204, -8.487995185629245 ], [ 115.246149906992628, -8.487950385002193 ], [ 115.246180189863935, -8.487949505465281 ], [ 115.246181501075512, -8.487994306991652 ] ] ] ] } },
{ "type": "Feature", "properties": { "latitude": -8.55229532, "longitude": 2.0, "area_in_me": 5.0, "confidence": 1.0, "full_plus": "06P3QC6XH+3GQ3", "layer": "2dd_buildings_001", "path": "file:///C:/Users/BPN/Downloads/Compressed/2dd_buildings.csv/2dd_buildings_split/2dd_buildings_001.csv?type=csv&maxFields=10000&detectTypes=yes&wktField=geometry&crs=EPSG:4326&spatialIndex=no&subsetIndex=no&watchFile=no", "Shape_Leng": 0.00033752692, "Shape_Area": 5.22e-09 }, "geometry": { "type": "MultiPolygon", "coordinates": [ [ [ [ 115.245016316050169, -8.48603775184074 ], [ 115.245011210598932, -8.486065772917016 ], [ 115.245071733173972, -8.486076703277206 ], [ 115.245063917166135, -8.486119598240805 ], [ 115.244968776088172, -8.486102414894503 ], [ 115.244971982171251, -8.486084821457325 ], [ 115.24498169754736, -8.486031499753892 ], [ 115.245016316050169, -8.48603775184074 ] ] ] ] } },
{ "type": "Feature", "properties": { "latitude": -8.70940916, "longitude": 0.0, "area_in_me": 0.0, "confidence": 3.0, "full_plus": "06P3Q76RF+63JJ", "layer": "2dd_buildings_001", "path": "file:///C:/Users/BPN/Downloads/Compressed/2dd_buildings.csv/2dd_buildings_split/2dd_buildings_001.csv?type=csv&maxFields=10000&detectTypes=yes&wktField=geometry&crs=EPSG:4326&spatialIndex=no&subsetIndex=no&watchFile=no", "Shape_Leng": 0.00035609299, "Shape_Area": 5.91e-09 }, "geometry": { "type": "MultiPolygon", "coordinates": [ [ [ [ 115.246044718688836, -8.491593413605131 ], [ 115.2460315409229, -8.491635487487713 ], [ 115.245903606066577, -8.491595773426184 ], [ 115.245916783832513, -8.491553699543545 ], [ 115.246044718688836, -8.491593413605131 ] ] ] ] } },
{ "type": "Feature", "properties": { "latitude": -8.68304856, "longitude": 0.0, "area_in_me": 1.0, "confidence": 3.0, "full_plus": "06P3Q868H+Q8J4", "layer": "2dd_buildings_001", "path": "file:///C:/Users/BPN/Downloads/Compressed/2dd_buildings.csv/2dd_buildings_split/2dd_buildings_001.csv?type=csv&maxFields=10000&detectTypes=yes&wktField=geometry&crs=EPSG:4326&spatialIndex=no&subsetIndex=no&watchFile=no", "Shape_Leng": 0.00028263762, "Shape_Area": 4.81e-09 }, "geometry": { "type": "MultiPolygon", "coordinates": [ [ [ [ 115.245898669687904, -8.486302496962594 ], [ 115.245895508570925, -8.486344849635032 ], [ 115.245895138050287, -8.486344822655383 ], [ 115.245863963051534, -8.486342515894364 ], [ 115.245811413865681, -8.486338629024488 ], [ 115.245811448039944, -8.486338173068191 ], [ 115.245815655967817, -8.486281792770455 ], [ 115.245896834171617, -8.486287797543753 ], [ 115.245899750673061, -8.486288013381056 ], [ 115.245899303709962, -8.486294004664558 ], [ 115.245898669687904, -8.486302496962594 ] ] ] ] } },
{ "type": "Feature", "properties": { "latitude": -8.34535263, "longitude": 2.0, "area_in_me": 1.0, "confidence": 3.0, "full_plus": "06P3PMJ39+VP5R", "layer": "2dd_buildings_001", "path": "file:///C:/Users/BPN/Downloads/Compressed/2dd_buildings.csv/2dd_buildings_split/2dd_buildings_001.csv?type=csv&maxFields=10000&detectTypes=yes&wktField=geometry&crs=EPSG:4326&spatialIndex=no&subsetIndex=no&watchFile=no", "Shape_Leng": 0.00020246559, "Shape_Area": 2.45e-09 }, "geometry": { "type": "MultiPolygon", "coordinates": [ [ [ [ 115.245667562807853, -8.489368955812608 ], [ 115.245606224547714, -8.489371914582136 ], [ 115.245604289206653, -8.489332138467375 ], [ 115.245665626567529, -8.489329178798528 ], [ 115.245667562807853, -8.489368955812608 ] ] ] ] } },
{ "type": "Feature", "properties": { "latitude": -8.4201513, "longitude": 2.0, "area_in_me": 8.0, "confidence": 1.0, "full_plus": "06P3PHRHC+W2JW", "layer": "2dd_buildings_001", "path": "file:///C:/Users/BPN/Downloads/Compressed/2dd_buildings.csv/2dd_buildings_split/2dd_buildings_001.csv?type=csv&maxFields=10000&detectTypes=yes&wktField=geometry&crs=EPSG:4326&spatialIndex=no&subsetIndex=no&watchFile=no", "Shape_Leng": 0.00026316957, "Shape_Area": 4.26e-09 }, "geometry": { "type": "MultiPolygon", "coordinates": [ [ [ [ 115.246139449675979, -8.488831752083627 ], [ 115.246115539400648, -8.48883208213482 ], [ 115.246114740802682, -8.488774723374718 ], [ 115.246188953757269, -8.488773699046931 ], [ 115.246189752355235, -8.488831058706353 ], [ 115.246147298958704, -8.488831644164975 ], [ 115.246139449675979, -8.488831752083627 ] ] ] ] } },
{ "type": "Feature", "properties": { "latitude": -8.57234731, "longitude": 0.0, "area_in_me": 7.0, "confidence": 1.0, "full_plus": "06P3QC9H2+3592", "layer": "2dd_buildings_001", "path": "file:///C:/Users/BPN/Downloads/Compressed/2dd_buildings.csv/2dd_buildings_split/2dd_buildings_001.csv?type=csv&maxFields=10000&detectTypes=yes&wktField=geometry&crs=EPSG:4326&spatialIndex=no&subsetIndex=no&watchFile=no", "Shape_Leng": 0.00027915739, "Shape_Area": 4.82e-09 }, "geometry": { "type": "MultiPolygon", "coordinates": [ [ [ [ 115.24520589763415, -8.492343616364735 ], [ 115.24518952997289, -8.492403944686259 ], [ 115.245115104778279, -8.492383931173435 ], [ 115.245131471540276, -8.492323602851968 ], [ 115.24520589763415, -8.492343616364735 ] ] ] ] } },
{ "type": "Feature", "properties": { "latitude": -8.52262754, "longitude": 0.0, "area_in_me": 6.0, "confidence": 2.0, "full_plus": "06P3QF7GX+WQWV", "layer": "2dd_buildings_001", "path": "file:///C:/Users/BPN/Downloads/Compressed/2dd_buildings.csv/2dd_buildings_split/2dd_buildings_001.csv?type=csv&maxFields=10000&detectTypes=yes&wktField=geometry&crs=EPSG:4326&spatialIndex=no&subsetIndex=no&watchFile=no", "Shape_Leng": 0.00038199416, "Shape_Area": 9.05e-09 }, "geometry": { "type": "MultiPolygon", "coordinates": [ [ [ [ 115.244657384930406, -8.487897612784536 ], [ 115.244570114719068, -8.48789944830088 ], [ 115.244567913178685, -8.487795764562861 ], [ 115.244655183390023, -8.487793928147198 ], [ 115.244657384930406, -8.487897612784536 ] ] ] ] } },
{ "type": "Feature", "properties": { "latitude": -8.38289542, "longitude": 2.0, "area_in_me": 4.0, "confidence": 7.0, "full_plus": "06P3QJ58W+R9R5", "layer": "2dd_buildings_001", "path": "file:///C:/Users/BPN/Downloads/Compressed/2dd_buildings.csv/2dd_buildings_split/2dd_buildings_001.csv?type=csv&maxFields=10000&detectTypes=yes&wktField=geometry&crs=EPSG:4326&spatialIndex=no&subsetIndex=no&watchFile=no", "Shape_Leng": 0.00037486873, "Shape_Area": 6.77e-09 }, "geometry": { "type": "MultiPolygon", "coordinates": [ [ [ [ 115.245553372290374, -8.488837706494905 ], [ 115.245550552016425, -8.488886488420633 ], [ 115.245469840560759, -8.488881864106702 ], [ 115.245419400285186, -8.488878973685644 ], [ 115.245412208406719, -8.488878561796128 ], [ 115.245413946796248, -8.488848491164902 ], [ 115.245414855111562, -8.48883277731079 ], [ 115.245415028680668, -8.48882977897108 ], [ 115.245455425327691, -8.488832093826034 ], [ 115.245553372290374, -8.488837706494905 ] ] ] ] } },
{ "type": "Feature", "properties": { "latitude": -8.20312837, "longitude": 0.0, "area_in_me": 8.0, "confidence": 8.0, "full_plus": "06P3PQVW6+P4RW", "layer": "2dd_buildings_001", "path": "file:///C:/Users/BPN/Downloads/Compressed/2dd_buildings.csv/2dd_buildings_split/2dd_buildings_001.csv?type=csv&maxFields=10000&detectTypes=yes&wktField=geometry&crs=EPSG:4326&spatialIndex=no&subsetIndex=no&watchFile=no", "Shape_Leng": 0.00024524917, "Shape_Area": 3.05e-09 }, "geometry": { "type": "MultiPolygon", "coordinates": [ [ [ [ 115.245491465658688, -8.487938201886436 ], [ 115.245403528150405, -8.487940733478013 ], [ 115.245402522708332, -8.487906096988752 ], [ 115.245490459317352, -8.487903565397175 ], [ 115.245491465658688, -8.487938201886436 ] ] ] ] } },
{ "type": "Feature", "properties": { "latitude": -8.21687938, "longitude": 0.0, "area_in_me": 7.0, "confidence": 8.0, "full_plus": "06P3QQ3M4+66WW", "layer": "2dd_buildings_001", "path": "file:///C:/Users/BPN/Downloads/Compressed/2dd_buildings.csv/2dd_buildings_split/2dd_buildings_001.csv?type=csv&maxFields=10000&detectTypes=yes&wktField=geometry&crs=EPSG:4326&spatialIndex=no&subsetIndex=no&watchFile=no", "Shape_Leng": 0.00029705319, "Shape_Area": 4.51e-09 }, "geometry": { "type": "MultiPolygon", "coordinates": [ [ [ [ 115.245720210019726, -8.48731407868172 ], [ 115.245721490654319, -8.487340882076012 ], [ 115.245672643078024, -8.487343196031645 ], [ 115.245671361544169, -8.487316392637354 ], [ 115.245636896825431, -8.48731802490687 ], [ 115.245635069402965, -8.48727978213617 ], [ 115.245718381697998, -8.487275835011758 ], [ 115.245720210019726, -8.48731407868172 ] ] ] ] } },
{ "type": "Feature", "properties": { "latitude": -8.2814895, "longitude": 9.0, "area_in_me": 2.0, "confidence": 1.0, "full_plus": "06P3QPG9F+C75G", "layer": "2dd_buildings_001", "path": "file:///C:/Users/BPN/Downloads/Compressed/2dd_buildings.csv/2dd_buildings_split/2dd_buildings_001.csv?type=csv&maxFields=10000&detectTypes=yes&wktField=geometry&crs=EPSG:4326&spatialIndex=no&subsetIndex=no&watchFile=no", "Shape_Leng": 0.00026750307, "Shape_Area": 4.44e-09 }, "geometry": { "type": "MultiPolygon", "coordinates": [ [ [ [ 115.247751146298469, -8.489655041846675 ], [ 115.247727718059764, -8.489711261165723 ], [ 115.247660389415501, -8.489683451430096 ], [ 115.247683817654092, -8.489627232111047 ], [ 115.247751146298469, -8.489655041846675 ] ] ] ] } },
{ "type": "Feature", "properties": { "latitude": -8.55594184, "longitude": 9.0, "area_in_me": 3.0, "confidence": 7.0, "full_plus": "06P3QC7V6+JGG9", "layer": "2dd_buildings_001", "path": "file:///C:/Users/BPN/Downloads/Compressed/2dd_buildings.csv/2dd_buildings_split/2dd_buildings_001.csv?type=csv&maxFields=10000&detectTypes=yes&wktField=geometry&crs=EPSG:4326&spatialIndex=no&subsetIndex=no&watchFile=no", "Shape_Leng": 0.00028784306, "Shape_Area": 4.96e-09 }, "geometry": { "type": "MultiPolygon", "coordinates": [ [ [ [ 115.242299292378448, -8.485208413237615 ], [ 115.242276842602223, -8.485261172864796 ], [ 115.242197063743561, -8.485227524730419 ], [ 115.242219514419162, -8.485174765103295 ], [ 115.242299292378448, -8.485208413237615 ] ] ] ] } },
{ "type": "Feature", "properties": { "latitude": -8.43851537, "longitude": 9.0, "area_in_me": 1.0, "confidence": 1.0, "full_plus": "06P3QH46P+HFR6", "layer": "2dd_buildings_001", "path": "file:///C:/Users/BPN/Downloads/Compressed/2dd_buildings.csv/2dd_buildings_split/2dd_buildings_001.csv?type=csv&maxFields=10000&detectTypes=yes&wktField=geometry&crs=EPSG:4326&spatialIndex=no&subsetIndex=no&watchFile=no", "Shape_Leng": 0.00018170636, "Shape_Area": 2.03e-09 }, "geometry": { "type": "MultiPolygon", "coordinates": [ [ [ [ 115.246028592945322, -8.486275234914103 ], [ 115.246028176559207, -8.48628124058672 ], [ 115.245993821557704, -8.486278882564307 ], [ 115.245984796860967, -8.486278262931421 ], [ 115.245977330689357, -8.486277750317868 ], [ 115.245979048394474, -8.486252956009082 ], [ 115.245980087111434, -8.486237958015295 ], [ 115.246030932981284, -8.486241448284147 ], [ 115.246028592945322, -8.486275234914103 ] ] ] ] } },
{ "type": "Feature", "properties": { "latitude": -8.31791352, "longitude": 9.0, "area_in_me": 3.0, "confidence": 7.0, "full_plus": "06P3QM8JP+RVMF", "layer": "2dd_buildings_001", "path": "file:///C:/Users/BPN/Downloads/Compressed/2dd_buildings.csv/2dd_buildings_split/2dd_buildings_001.csv?type=csv&maxFields=10000&detectTypes=yes&wktField=geometry&crs=EPSG:4326&spatialIndex=no&subsetIndex=no&watchFile=no", "Shape_Leng": 0.00029551795, "Shape_Area": 5.42e-09 }, "geometry": { "type": "MultiPolygon", "coordinates": [ [ [ [ 115.245733838346041, -8.48678272863998 ], [ 115.245653608927, -8.486785522833543 ], [ 115.245651238314053, -8.486718083572669 ], [ 115.245731467733094, -8.486715289379049 ], [ 115.245733838346041, -8.48678272863998 ] ] ] ] } },
{ "type": "Feature", "properties": { "latitude": -8.64374082, "longitude": 0.0, "area_in_me": 8.0, "confidence": 9.0, "full_plus": "06P3Q9649+G228", "layer": "2dd_buildings_001", "path": "file:///C:/Users/BPN/Downloads/Compressed/2dd_buildings.csv/2dd_buildings_split/2dd_buildings_001.csv?type=csv&maxFields=10000&detectTypes=yes&wktField=geometry&crs=EPSG:4326&spatialIndex=no&subsetIndex=no&watchFile=no", "Shape_Leng": 0.00037236027, "Shape_Area": 6.78e-09 }, "geometry": { "type": "MultiPolygon", "coordinates": [ [ [ [ 115.246912327941686, -8.487737037034606 ], [ 115.24677590078727, -8.487743102062439 ], [ 115.2467736776631, -8.487693533229901 ], [ 115.246910103918253, -8.487687468202068 ], [ 115.246912327941686, -8.487737037034606 ] ] ] ] } },
{ "type": "Feature", "properties": { "latitude": -8.56972775, "longitude": 0.0, "area_in_me": 4.0, "confidence": 1.0, "full_plus": "06P3QC6JP+4G5X", "layer": "2dd_buildings_001", "path": "file:///C:/Users/BPN/Downloads/Compressed/2dd_buildings.csv/2dd_buildings_split/2dd_buildings_001.csv?type=csv&maxFields=10000&detectTypes=yes&wktField=geometry&crs=EPSG:4326&spatialIndex=no&subsetIndex=no&watchFile=no", "Shape_Leng": 0.00035200282, "Shape_Area": 7.71e-09 }, "geometry": { "type": "MultiPolygon", "coordinates": [ [ [ [ 115.245562121794592, -8.485915373895352 ], [ 115.245554019802285, -8.486008591323412 ], [ 115.245472452191962, -8.48600156402091 ], [ 115.245471891014972, -8.486001515457531 ], [ 115.245478751043606, -8.485922585558853 ], [ 115.24547999300728, -8.485908298928791 ], [ 115.245562121794592, -8.485915373895352 ] ] ] ] } },
{ "type": "Feature", "properties": { "latitude": -8.53771226, "longitude": 9.0, "area_in_me": 6.0, "confidence": 2.0, "full_plus": "06P3QFC67+W89G", "layer": "2dd_buildings_001", "path": "file:///C:/Users/BPN/Downloads/Compressed/2dd_buildings.csv/2dd_buildings_split/2dd_buildings_001.csv?type=csv&maxFields=10000&detectTypes=yes&wktField=geometry&crs=EPSG:4326&spatialIndex=no&subsetIndex=no&watchFile=no", "Shape_Leng": 0.00038699566, "Shape_Area": 9.32e-09 }, "geometry": { "type": "MultiPolygon", "coordinates": [ [ [ [ 115.245103477443536, -8.489608981269441 ], [ 115.245014991348853, -8.489627088219493 ], [ 115.244994128875987, -8.489526042193063 ], [ 115.245082615870047, -8.489507934343635 ], [ 115.245103477443536, -8.489608981269441 ] ] ] ] } },
{ "type": "Feature", "properties": { "latitude": -8.59291706, "longitude": 0.0, "area_in_me": 6.0, "confidence": 5.0, "full_plus": "06P3QC542+RWM8", "layer": "2dd_buildings_001", "path": "file:///C:/Users/BPN/Downloads/Compressed/2dd_buildings.csv/2dd_buildings_split/2dd_buildings_001.csv?type=csv&maxFields=10000&detectTypes=yes&wktField=geometry&crs=EPSG:4326&spatialIndex=no&subsetIndex=no&watchFile=no", "Shape_Leng": 0.00023151846, "Shape_Area": 3.28e-09 }, "geometry": { "type": "MultiPolygon", "coordinates": [ [ [ [ 115.246252353263571, -8.491615458686397 ], [ 115.246246701923837, -8.491681492306952 ], [ 115.246197394793967, -8.491677309560146 ], [ 115.246203046133701, -8.49161127593959 ], [ 115.246252353263571, -8.491615458686397 ] ] ] ] } },
{ "type": "Feature", "properties": { "latitude": -8.70844125, "longitude": 0.0, "area_in_me": 3.0, "confidence": 9.0, "full_plus": "06P3Q76R4+JRH6", "layer": "2dd_buildings_001", "path": "file:///C:/Users/BPN/Downloads/Compressed/2dd_buildings.csv/2dd_buildings_split/2dd_buildings_001.csv?type=csv&maxFields=10000&detectTypes=yes&wktField=geometry&crs=EPSG:4326&spatialIndex=no&subsetIndex=no&watchFile=no", "Shape_Leng": 0.00016726594, "Shape_Area": 1.74e-09 }, "geometry": { "type": "MultiPolygon", "coordinates": [ [ [ [ 115.245477170934805, -8.491613783249477 ], [ 115.245497780698088, -8.491617965996284 ], [ 115.245490007857597, -8.491655934473727 ], [ 115.245446027412299, -8.491647011400403 ], [ 115.24545380025279, -8.49160904202364 ], [ 115.245477170934805, -8.491613783249477 ] ] ] ] } },
{ "type": "Feature", "properties": { "latitude": -8.57461786, "longitude": 0.0, "area_in_me": 4.0, "confidence": 1.0, "full_plus": "06P3QC5GR+5V59", "layer": "2dd_buildings_001", "path": "file:///C:/Users/BPN/Downloads/Compressed/2dd_buildings.csv/2dd_buildings_split/2dd_buildings_001.csv?type=csv&maxFields=10000&detectTypes=yes&wktField=geometry&crs=EPSG:4326&spatialIndex=no&subsetIndex=no&watchFile=no", "Shape_Leng": 0.0002513427, "Shape_Area": 3.89e-09 }, "geometry": { "type": "MultiPolygon", "coordinates": [ [ [ [ 115.245821014128524, -8.487875936425269 ], [ 115.24582018405431, -8.487875975096131 ], [ 115.245818670495282, -8.487844091431612 ], [ 115.24581756342991, -8.487820755823179 ], [ 115.245820131893652, -8.487820635313994 ], [ 115.245886568410469, -8.487817509270599 ], [ 115.245887876024767, -8.487817448116687 ], [ 115.245888961506466, -8.487840321473584 ], [ 115.245890496649167, -8.487872666490318 ], [ 115.245821014128524, -8.487875936425269 ] ] ] ] } },
{ "type": "Feature", "properties": { "latitude": -8.56274937, "longitude": 2.0, "area_in_me": 0.0, "confidence": 1.0, "full_plus": "06P3QC5PC+WF55", "layer": "2dd_buildings_001", "path": "file:///C:/Users/BPN/Downloads/Compressed/2dd_buildings.csv/2dd_buildings_split/2dd_buildings_001.csv?type=csv&maxFields=10000&detectTypes=yes&wktField=geometry&crs=EPSG:4326&spatialIndex=no&subsetIndex=no&watchFile=no", "Shape_Leng": 0.00016690695, "Shape_Area": 1.71e-09 }, "geometry": { "type": "MultiPolygon", "coordinates": [ [ [ [ 115.246469892971277, -8.486580757995512 ], [ 115.246422277466195, -8.486583182567756 ], [ 115.246420441949908, -8.486547453402181 ], [ 115.24644714012345, -8.486546093627283 ], [ 115.24646805745499, -8.486545028829994 ], [ 115.246468115011567, -8.486546153881875 ], [ 115.246469892971277, -8.486580757995512 ] ] ] ] } },
{ "type": "Feature", "properties": { "latitude": -8.47960473, "longitude": 0.0, "area_in_me": 6.0, "confidence": 7.0, "full_plus": "06P3QGJC6+575W", "layer": "2dd_buildings_001", "path": "file:///C:/Users/BPN/Downloads/Compressed/2dd_buildings.csv/2dd_buildings_split/2dd_buildings_001.csv?type=csv&maxFields=10000&detectTypes=yes&wktField=geometry&crs=EPSG:4326&spatialIndex=no&subsetIndex=no&watchFile=no", "Shape_Leng": 0.00038019759, "Shape_Area": 8.08e-09 }, "geometry": { "type": "MultiPolygon", "coordinates": [ [ [ [ 115.24680932139313, -8.488472282269981 ], [ 115.246805796950071, -8.48842130150183 ], [ 115.246931479004616, -8.488412687795233 ], [ 115.246935901870415, -8.488476657471722 ], [ 115.24681021981587, -8.488485270278943 ], [ 115.24680932139313, -8.488472282269981 ] ] ] ] } },
{ "type": "Feature", "properties": { "latitude": -8.81714799, "longitude": 0.0, "area_in_me": 9.0, "confidence": 1.0, "full_plus": "06P3Q55MF+4FW5", "layer": "2dd_buildings_001", "path": "file:///C:/Users/BPN/Downloads/Compressed/2dd_buildings.csv/2dd_buildings_split/2dd_buildings_001.csv?type=csv&maxFields=10000&detectTypes=yes&wktField=geometry&crs=EPSG:4326&spatialIndex=no&subsetIndex=no&watchFile=no", "Shape_Leng": 0.00068126272, "Shape_Area": 2.834e-08 }, "geometry": { "type": "MultiPolygon", "coordinates": [ [ [ [ 115.243842261910913, -8.486190088901424 ], [ 115.243700374972377, -8.486217304185175 ], [ 115.243663188005826, -8.486025139748335 ], [ 115.243663106167446, -8.486024718865622 ], [ 115.243804992206719, -8.485997503581871 ], [ 115.243805184661596, -8.485998499131369 ], [ 115.243842261910913, -8.486190088901424 ] ] ] ] } },
{ "type": "Feature", "properties": { "latitude": -8.20489922, "longitude": 0.0, "area_in_me": 4.0, "confidence": 1.0, "full_plus": "06P3QQ9W4+25X4", "layer": "2dd_buildings_001", "path": "file:///C:/Users/BPN/Downloads/Compressed/2dd_buildings.csv/2dd_buildings_split/2dd_buildings_001.csv?type=csv&maxFields=10000&detectTypes=yes&wktField=geometry&crs=EPSG:4326&spatialIndex=no&subsetIndex=no&watchFile=no", "Shape_Leng": 0.0002139585, "Shape_Area": 2.86e-09 }, "geometry": { "type": "MultiPolygon", "coordinates": [ [ [ [ 115.24671786213969, -8.487106352376202 ], [ 115.246715453755201, -8.487052657454115 ], [ 115.246768631567193, -8.487050293136463 ], [ 115.246771039951568, -8.48710398805855 ], [ 115.24671786213969, -8.487106352376202 ] ] ] ] } },
{ "type": "Feature", "properties": { "latitude": -8.63592467, "longitude": 0.0, "area_in_me": 3.0, "confidence": 7.0, "full_plus": "06P3Q9572+J4P3", "layer": "2dd_buildings_001", "path": "file:///C:/Users/BPN/Downloads/Compressed/2dd_buildings.csv/2dd_buildings_split/2dd_buildings_001.csv?type=csv&maxFields=10000&detectTypes=yes&wktField=geometry&crs=EPSG:4326&spatialIndex=no&subsetIndex=no&watchFile=no", "Shape_Leng": 0.00013376509, "Shape_Area": 1.09e-09 }, "geometry": { "type": "MultiPolygon", "coordinates": [ [ [ [ 115.244725332308349, -8.487258700228779 ], [ 115.244686965431129, -8.487262555622408 ], [ 115.244684108285014, -8.487234378064045 ], [ 115.244722476061497, -8.487230522670416 ], [ 115.244725332308349, -8.487258700228779 ] ] ] ] } },
{ "type": "Feature", "properties": { "latitude": -8.56056262, "longitude": 2.0, "area_in_me": 4.0, "confidence": 9.0, "full_plus": "06P3QC8Q8+Q4CG", "layer": "2dd_buildings_001", "path": "file:///C:/Users/BPN/Downloads/Compressed/2dd_buildings.csv/2dd_buildings_split/2dd_buildings_001.csv?type=csv&maxFields=10000&detectTypes=yes&wktField=geometry&crs=EPSG:4326&spatialIndex=no&subsetIndex=no&watchFile=no", "Shape_Leng": 0.00029594611, "Shape_Area": 5.47e-09 }, "geometry": { "type": "MultiPolygon", "coordinates": [ [ [ [ 115.246000611439172, -8.4877066102718 ], [ 115.246030953665695, -8.487705036458237 ], [ 115.246074680502147, -8.487702767468704 ], [ 115.246078537694416, -8.48777647140696 ], [ 115.246004469530703, -8.487780314210113 ], [ 115.246000611439172, -8.4877066102718 ] ] ] ] } },
{ "type": "Feature", "properties": { "latitude": -8.43796425, "longitude": 0.0, "area_in_me": 4.0, "confidence": 0.0, "full_plus": "06P3QHC6V+R57G", "layer": "2dd_buildings_001", "path": "file:///C:/Users/BPN/Downloads/Compressed/2dd_buildings.csv/2dd_buildings_split/2dd_buildings_001.csv?type=csv&maxFields=10000&detectTypes=yes&wktField=geometry&crs=EPSG:4326&spatialIndex=no&subsetIndex=no&watchFile=no", "Shape_Leng": 0.00016304825, "Shape_Area": 1.48e-09 }, "geometry": { "type": "MultiPolygon", "coordinates": [ [ [ [ 115.245863768797904, -8.492175931474037 ], [ 115.245852319529035, -8.49222878463064 ], [ 115.245825485557816, -8.492223023573615 ], [ 115.245835894311085, -8.492174976393983 ], [ 115.245836935726061, -8.492170170417012 ], [ 115.245839414257603, -8.492170702815656 ], [ 115.245863768797904, -8.492175931474037 ] ] ] ] } },
{ "type": "Feature", "properties": { "latitude": -8.68408338, "longitude": 2.0, "area_in_me": 6.0, "confidence": 5.0, "full_plus": "06P3Q868C+9R6P", "layer": "2dd_buildings_001", "path": "file:///C:/Users/BPN/Downloads/Compressed/2dd_buildings.csv/2dd_buildings_split/2dd_buildings_001.csv?type=csv&maxFields=10000&detectTypes=yes&wktField=geometry&crs=EPSG:4326&spatialIndex=no&subsetIndex=no&watchFile=no", "Shape_Leng": 0.00060049994, "Shape_Area": 1.686e-08 }, "geometry": { "type": "MultiPolygon", "coordinates": [ [ [ [ 115.246493891380055, -8.490576373001147 ], [ 115.246447696803784, -8.490752209346965 ], [ 115.246402953733423, -8.490740559529172 ], [ 115.246394614320025, -8.490772302899416 ], [ 115.246359172038183, -8.490763074056588 ], [ 115.246356493857206, -8.490762377081978 ], [ 115.246379717949708, -8.49067397732216 ], [ 115.246411027846761, -8.490554797365974 ], [ 115.246493891380055, -8.490576373001147 ] ] ] ] } },
{ "type": "Feature", "properties": { "latitude": -8.13337589, "longitude": 0.0, "area_in_me": 6.0, "confidence": 9.0, "full_plus": "06P3QV38R+J6WW", "layer": "2dd_buildings_001", "path": "file:///C:/Users/BPN/Downloads/Compressed/2dd_buildings.csv/2dd_buildings_split/2dd_buildings_001.csv?type=csv&maxFields=10000&detectTypes=yes&wktField=geometry&crs=EPSG:4326&spatialIndex=no&subsetIndex=no&watchFile=no", "Shape_Leng": 0.00014958984, "Shape_Area": 1.38e-09 }, "geometry": { "type": "MultiPolygon", "coordinates": [ [ [ [ 115.245010299585715, -8.486482767865425 ], [ 115.244977254896412, -8.486482937837252 ], [ 115.244977037260469, -8.486441188609945 ], [ 115.245010081949772, -8.486441018638061 ], [ 115.245010299585715, -8.486482767865425 ] ] ] ] } },
{ "type": "Feature", "properties": { "latitude": -8.16380097, "longitude": 0.0, "area_in_me": 2.0, "confidence": 1.0, "full_plus": "06P3PRPP7+FPHV", "layer": "2dd_buildings_001", "path": "file:///C:/Users/BPN/Downloads/Compressed/2dd_buildings.csv/2dd_buildings_split/2dd_buildings_001.csv?type=csv&maxFields=10000&detectTypes=yes&wktField=geometry&crs=EPSG:4326&spatialIndex=no&subsetIndex=no&watchFile=no", "Shape_Leng": 0.00035886329, "Shape_Area": 7.53e-09 }, "geometry": { "type": "MultiPolygon", "coordinates": [ [ [ [ 115.242078721955522, -8.485914087864842 ], [ 115.242037128310926, -8.486018597180475 ], [ 115.241974849359849, -8.48599402950083 ], [ 115.242016443004559, -8.48588952018514 ], [ 115.242078721955522, -8.485914087864842 ] ] ] ] } },
{ "type": "Feature", "properties": { "latitude": -8.33077271, "longitude": 0.0, "area_in_me": 5.0, "confidence": 1.0, "full_plus": "06P3PMX9J+M2X5", "layer": "2dd_buildings_001", "path": "file:///C:/Users/BPN/Downloads/Compressed/2dd_buildings.csv/2dd_buildings_split/2dd_buildings_001.csv?type=csv&maxFields=10000&detectTypes=yes&wktField=geometry&crs=EPSG:4326&spatialIndex=no&subsetIndex=no&watchFile=no", "Shape_Leng": 0.00029682085, "Shape_Area": 5.23e-09 }, "geometry": { "type": "MultiPolygon", "coordinates": [ [ [ [ 115.245739885387479, -8.487047559197435 ], [ 115.245649011592718, -8.487050686140208 ], [ 115.245647016896328, -8.486993238347225 ], [ 115.245737891590466, -8.486990111404452 ], [ 115.245739885387479, -8.487047559197435 ] ] ] ] } },
{ "type": "Feature", "properties": { "latitude": -8.30188466, "longitude": 2.0, "area_in_me": 3.0, "confidence": 0.0, "full_plus": "06P3QMHXV+64XJ", "layer": "2dd_buildings_001", "path": "file:///C:/Users/BPN/Downloads/Compressed/2dd_buildings.csv/2dd_buildings_split/2dd_buildings_001.csv?type=csv&maxFields=10000&detectTypes=yes&wktField=geometry&crs=EPSG:4326&spatialIndex=no&subsetIndex=no&watchFile=no", "Shape_Leng": 0.00030174511, "Shape_Area": 5.68e-09 }, "geometry": { "type": "MultiPolygon", "coordinates": [ [ [ [ 115.246713002203364, -8.487561444405117 ], [ 115.246712968029101, -8.487561446203756 ], [ 115.246709725073856, -8.487489156899017 ], [ 115.24676440115627, -8.487486726031534 ], [ 115.246788160345432, -8.487485670227443 ], [ 115.246791402401414, -8.487557955934847 ], [ 115.246713002203364, -8.487561444405117 ] ] ] ] } },
{ "type": "Feature", "properties": { "latitude": -8.46243845, "longitude": 2.0, "area_in_me": 4.0, "confidence": 9.0, "full_plus": "06P3QG5QF+26FH", "layer": "2dd_buildings_001", "path": "file:///C:/Users/BPN/Downloads/Compressed/2dd_buildings.csv/2dd_buildings_split/2dd_buildings_001.csv?type=csv&maxFields=10000&detectTypes=yes&wktField=geometry&crs=EPSG:4326&spatialIndex=no&subsetIndex=no&watchFile=no", "Shape_Leng": 0.00028188961, "Shape_Area": 4.84e-09 }, "geometry": { "type": "MultiPolygon", "coordinates": [ [ [ [ 115.245372728168945, -8.487767897270601 ], [ 115.245290982492861, -8.487770250796416 ], [ 115.245289264787857, -8.487711110479324 ], [ 115.245371010463828, -8.487708756953509 ], [ 115.245372728168945, -8.487767897270601 ] ] ] ] } },
{ "type": "Feature", "properties": { "latitude": -8.67187939, "longitude": 3.0, "area_in_me": 4.0, "confidence": 2.0, "full_plus": "06P3Q84HX+6HXX", "layer": "2dd_buildings_001", "path": "file:///C:/Users/BPN/Downloads/Compressed/2dd_buildings.csv/2dd_buildings_split/2dd_buildings_001.csv?type=csv&maxFields=10000&detectTypes=yes&wktField=geometry&crs=EPSG:4326&spatialIndex=no&subsetIndex=no&watchFile=no", "Shape_Leng": 0.00054407161, "Shape_Area": 1.014e-08 }, "geometry": { "type": "MultiPolygon", "coordinates": [ [ [ [ 115.246566990074598, -8.488809106255189 ], [ 115.246531534302903, -8.488811536223352 ], [ 115.246528460420222, -8.488767075540068 ], [ 115.24658444591546, -8.48876323903221 ], [ 115.246590593681049, -8.488762818149496 ], [ 115.246755397143943, -8.488751523563906 ], [ 115.246758471026624, -8.488795984247247 ], [ 115.246566990074598, -8.488809106255189 ] ] ] ] } },
{ "type": "Feature", "properties": { "latitude": -8.39788708, "longitude": 0.0, "area_in_me": 2.0, "confidence": 3.0, "full_plus": "06P3QJ72W+RCXC", "layer": "2dd_buildings_001", "path": "file:///C:/Users/BPN/Downloads/Compressed/2dd_buildings.csv/2dd_buildings_split/2dd_buildings_001.csv?type=csv&maxFields=10000&detectTypes=yes&wktField=geometry&crs=EPSG:4326&spatialIndex=no&subsetIndex=no&watchFile=no", "Shape_Leng": 0.00027602336, "Shape_Area": 4.65e-09 }, "geometry": { "type": "MultiPolygon", "coordinates": [ [ [ [ 115.245282650274135, -8.492213845992126 ], [ 115.245272154286567, -8.492257377675799 ], [ 115.245194660605193, -8.492238857936911 ], [ 115.245208333897608, -8.492182147587982 ], [ 115.245285827578982, -8.49220066642755 ], [ 115.245282650274135, -8.492213845992126 ] ] ] ] } },
{ "type": "Feature", "properties": { "latitude": -8.67832105, "longitude": 9.0, "area_in_me": 4.0, "confidence": 1.0, "full_plus": "06P3Q85CW+M5F5", "layer": "2dd_buildings_001", "path": "file:///C:/Users/BPN/Downloads/Compressed/2dd_buildings.csv/2dd_buildings_split/2dd_buildings_001.csv?type=csv&maxFields=10000&detectTypes=yes&wktField=geometry&crs=EPSG:4326&spatialIndex=no&subsetIndex=no&watchFile=no", "Shape_Leng": 0.00014103421, "Shape_Area": 1.24e-09 }, "geometry": { "type": "MultiPolygon", "coordinates": [ [ [ [ 115.246037275899653, -8.485988159625833 ], [ 115.246019687858393, -8.485988738789217 ], [ 115.246018586188825, -8.485955608664369 ], [ 115.24601854571938, -8.485954391881648 ], [ 115.246018572699086, -8.485954390982329 ], [ 115.246054765015401, -8.485953284816219 ], [ 115.246055439507018, -8.485975165321577 ], [ 115.246055820819493, -8.485987548086825 ], [ 115.246037275899653, -8.485988159625833 ] ] ] ] } },
{ "type": "Feature", "properties": { "latitude": -8.7064378, "longitude": 0.0, "area_in_me": 6.0, "confidence": 3.0, "full_plus": "06P3Q75VF+CRCF", "layer": "2dd_buildings_001", "path": "file:///C:/Users/BPN/Downloads/Compressed/2dd_buildings.csv/2dd_buildings_split/2dd_buildings_001.csv?type=csv&maxFields=10000&detectTypes=yes&wktField=geometry&crs=EPSG:4326&spatialIndex=no&subsetIndex=no&watchFile=no", "Shape_Leng": 0.00036381475, "Shape_Area": 7.73e-09 }, "geometry": { "type": "MultiPolygon", "coordinates": [ [ [ [ 115.246138430744054, -8.491596545044445 ], [ 115.24611230903588, -8.491707821758496 ], [ 115.246046462474283, -8.491692501807449 ], [ 115.246072584182457, -8.491581224194078 ], [ 115.246138430744054, -8.491596545044445 ] ] ] ] } },
{ "type": "Feature", "properties": { "latitude": -8.55594184, "longitude": 9.0, "area_in_me": 3.0, "confidence": 7.0, "full_plus": "06P3QC7V6+JGG9", "layer": "2dd_buildings_001", "path": "file:///C:/Users/BPN/Downloads/Compressed/2dd_buildings.csv/2dd_buildings_split/2dd_buildings_001.csv?type=csv&maxFields=10000&detectTypes=yes&wktField=geometry&crs=EPSG:4326&spatialIndex=no&subsetIndex=no&watchFile=no", "Shape_Leng": 0.00014709869, "Shape_Area": 1.35e-09 }, "geometry": { "type": "MultiPolygon", "coordinates": [ [ [ [ 115.245651147482477, -8.491063738100991 ], [ 115.245645565390646, -8.491099299093321 ], [ 115.245608459362984, -8.491093526345139 ], [ 115.245614041454928, -8.491057964453432 ], [ 115.245651147482477, -8.491063738100991 ] ] ] ] } },
{ "type": "Feature", "properties": { "latitude": -8.54487403, "longitude": 3.0, "area_in_me": 5.0, "confidence": 0.0, "full_plus": "06P3QF642+3V23", "layer": "2dd_buildings_001", "path": "file:///C:/Users/BPN/Downloads/Compressed/2dd_buildings.csv/2dd_buildings_split/2dd_buildings_001.csv?type=csv&maxFields=10000&detectTypes=yes&wktField=geometry&crs=EPSG:4326&spatialIndex=no&subsetIndex=no&watchFile=no", "Shape_Leng": 0.00011602893, "Shape_Area": 8.1e-10 }, "geometry": { "type": "MultiPolygon", "coordinates": [ [ [ [ 115.245287345634551, -8.488695903193332 ], [ 115.245264440801407, -8.488698209954407 ], [ 115.245260903767758, -8.488663395399328 ], [ 115.245283808600902, -8.48866108863831 ], [ 115.245287345634551, -8.488695903193332 ] ] ] ] } },
{ "type": "Feature", "properties": { "latitude": -8.33805673, "longitude": 0.0, "area_in_me": 4.0, "confidence": 9.0, "full_plus": "06P3PMG6R+QJGJ", "layer": "2dd_buildings_001", "path": "file:///C:/Users/BPN/Downloads/Compressed/2dd_buildings.csv/2dd_buildings_split/2dd_buildings_001.csv?type=csv&maxFields=10000&detectTypes=yes&wktField=geometry&crs=EPSG:4326&spatialIndex=no&subsetIndex=no&watchFile=no", "Shape_Leng": 0.00038679626, "Shape_Area": 8.41e-09 }, "geometry": { "type": "MultiPolygon", "coordinates": [ [ [ [ 115.246227245091404, -8.489926399683554 ], [ 115.246217653821759, -8.490017750119023 ], [ 115.246116653660692, -8.490007239742283 ], [ 115.246118892073241, -8.489985919514538 ], [ 115.246123486709621, -8.489942160302405 ], [ 115.246158077333462, -8.489945760288549 ], [ 115.246160835554178, -8.489919489292959 ], [ 115.246227245091404, -8.489926399683554 ] ] ] ] } },
{ "type": "Feature", "properties": { "latitude": -8.54566399, "longitude": 0.0, "area_in_me": 3.0, "confidence": 0.0, "full_plus": "06P3QF435+PHMF", "layer": "2dd_buildings_001", "path": "file:///C:/Users/BPN/Downloads/Compressed/2dd_buildings.csv/2dd_buildings_split/2dd_buildings_001.csv?type=csv&maxFields=10000&detectTypes=yes&wktField=geometry&crs=EPSG:4326&spatialIndex=no&subsetIndex=no&watchFile=no", "Shape_Leng": 0.00022622876, "Shape_Area": 2.77e-09 }, "geometry": { "type": "MultiPolygon", "coordinates": [ [ [ [ 115.246770755765851, -8.489196894820793 ], [ 115.246734897097895, -8.489198030664511 ], [ 115.246732428458813, -8.489120832860124 ], [ 115.24676828712677, -8.489119696117029 ], [ 115.246770755765851, -8.489196894820793 ] ] ] ] } },
{ "type": "Feature", "properties": { "latitude": -8.42710969, "longitude": 0.0, "area_in_me": 3.0, "confidence": 3.0, "full_plus": "06P3QHMFJ+5W4Q", "layer": "2dd_buildings_001", "path": "file:///C:/Users/BPN/Downloads/Compressed/2dd_buildings.csv/2dd_buildings_split/2dd_buildings_001.csv?type=csv&maxFields=10000&detectTypes=yes&wktField=geometry&crs=EPSG:4326&spatialIndex=no&subsetIndex=no&watchFile=no", "Shape_Leng": 0.00034933328, "Shape_Area": 7.61e-09 }, "geometry": { "type": "MultiPolygon", "coordinates": [ [ [ [ 115.244379593343638, -8.48874636954929 ], [ 115.244374276551639, -8.48882977897108 ], [ 115.244283369481991, -8.488824035001187 ], [ 115.244288687173253, -8.488740625579339 ], [ 115.244379593343638, -8.48874636954929 ] ] ] ] } },
{ "type": "Feature", "properties": { "latitude": -8.52698274, "longitude": 9.0, "area_in_me": 3.0, "confidence": 2.0, "full_plus": "06P3QF7FR+693Q", "layer": "2dd_buildings_001", "path": "file:///C:/Users/BPN/Downloads/Compressed/2dd_buildings.csv/2dd_buildings_split/2dd_buildings_001.csv?type=csv&maxFields=10000&detectTypes=yes&wktField=geometry&crs=EPSG:4326&spatialIndex=no&subsetIndex=no&watchFile=no", "Shape_Leng": 0.00059726282, "Shape_Area": 1.25e-08 }, "geometry": { "type": "MultiPolygon", "coordinates": [ [ [ [ 115.246805796950071, -8.48842130150183 ], [ 115.246758967452479, -8.488424510282869 ], [ 115.246626109707222, -8.488433615019289 ], [ 115.2465581020748, -8.488438275306123 ], [ 115.246554628893023, -8.488388040075961 ], [ 115.246573306912637, -8.488386760340688 ], [ 115.246622636525558, -8.488383379789127 ], [ 115.246802323768293, -8.488371065372348 ], [ 115.246805796950071, -8.48842130150183 ] ] ] ] } },
{ "type": "Feature", "properties": { "latitude": -8.48870602, "longitude": 0.0, "area_in_me": 1.0, "confidence": 9.0, "full_plus": "06P3QG564+GM9Q", "layer": "2dd_buildings_001", "path": "file:///C:/Users/BPN/Downloads/Compressed/2dd_buildings.csv/2dd_buildings_split/2dd_buildings_001.csv?type=csv&maxFields=10000&detectTypes=yes&wktField=geometry&crs=EPSG:4326&spatialIndex=no&subsetIndex=no&watchFile=no", "Shape_Leng": 0.00014703718, "Shape_Area": 1.34e-09 }, "geometry": { "type": "MultiPolygon", "coordinates": [ [ [ [ 115.246150603967294, -8.487535765163386 ], [ 115.246110309842948, -8.487537653739707 ], [ 115.246109394333189, -8.487518294933295 ], [ 115.246108742324623, -8.487504511024326 ], [ 115.246122412019758, -8.487503869807711 ], [ 115.246143414786843, -8.487502885050048 ], [ 115.246149036448969, -8.487502621548686 ], [ 115.246149678564848, -8.48751620580822 ], [ 115.246150603967294, -8.487535765163386 ] ] ] ] } },
{ "type": "Feature", "properties": { "latitude": -8.60830796, "longitude": 9.0, "area_in_me": 2.0, "confidence": 9.0, "full_plus": "06P3Q94RQ+MQGM", "layer": "2dd_buildings_001", "path": "file:///C:/Users/BPN/Downloads/Compressed/2dd_buildings.csv/2dd_buildings_split/2dd_buildings_001.csv?type=csv&maxFields=10000&detectTypes=yes&wktField=geometry&crs=EPSG:4326&spatialIndex=no&subsetIndex=no&watchFile=no", "Shape_Leng": 0.00016293062, "Shape_Area": 1.32e-09 }, "geometry": { "type": "MultiPolygon", "coordinates": [ [ [ [ 115.244173320342497, -8.488999024185546 ], [ 115.244168170824537, -8.489020649283475 ], [ 115.24411051888535, -8.489007042540948 ], [ 115.244113987570586, -8.488992477121087 ], [ 115.244115669302801, -8.488985417443018 ], [ 115.244160543674184, -8.488996008758761 ], [ 115.244173320342497, -8.488999024185546 ] ] ] ] } },
{ "type": "Feature", "properties": { "latitude": -8.60417878, "longitude": 0.0, "area_in_me": 2.0, "confidence": 2.0, "full_plus": "06P3Q94WW+8HFX", "layer": "2dd_buildings_001", "path": "file:///C:/Users/BPN/Downloads/Compressed/2dd_buildings.csv/2dd_buildings_split/2dd_buildings_001.csv?type=csv&maxFields=10000&detectTypes=yes&wktField=geometry&crs=EPSG:4326&spatialIndex=no&subsetIndex=no&watchFile=no", "Shape_Leng": 0.00033973045, "Shape_Area": 7.03e-09 }, "geometry": { "type": "MultiPolygon", "coordinates": [ [ [ [ 115.245911197244027, -8.487037411247456 ], [ 115.245812676513879, -8.487040621827191 ], [ 115.245812334771472, -8.48703023016094 ], [ 115.245810334679277, -8.486969367642132 ], [ 115.245811094606438, -8.486969342461123 ], [ 115.245908855409425, -8.486966157961774 ], [ 115.245911197244027, -8.487037411247456 ] ] ] ] } },
{ "type": "Feature", "properties": { "latitude": -8.21886482, "longitude": 0.0, "area_in_me": 5.0, "confidence": 4.0, "full_plus": "06P3QQGJJ+FJ2G", "layer": "2dd_buildings_001", "path": "file:///C:/Users/BPN/Downloads/Compressed/2dd_buildings.csv/2dd_buildings_split/2dd_buildings_001.csv?type=csv&maxFields=10000&detectTypes=yes&wktField=geometry&crs=EPSG:4326&spatialIndex=no&subsetIndex=no&watchFile=no", "Shape_Leng": 0.00013062149, "Shape_Area": 1.06e-09 }, "geometry": { "type": "MultiPolygon", "coordinates": [ [ [ [ 115.245550016020502, -8.487974974265626 ], [ 115.245520518257422, -8.487975202693406 ], [ 115.245520238568247, -8.487939391689508 ], [ 115.245549736331327, -8.487939163261728 ], [ 115.245550016020502, -8.487974974265626 ] ] ] ] } },
{ "type": "Feature", "properties": { "latitude": -8.15056046, "longitude": 9.0, "area_in_me": 3.0, "confidence": 0.0, "full_plus": "06P3PRHXJ+Q5HF", "layer": "2dd_buildings_001", "path": "file:///C:/Users/BPN/Downloads/Compressed/2dd_buildings.csv/2dd_buildings_split/2dd_buildings_001.csv?type=csv&maxFields=10000&detectTypes=yes&wktField=geometry&crs=EPSG:4326&spatialIndex=no&subsetIndex=no&watchFile=no", "Shape_Leng": 0.00017331554, "Shape_Area": 1.88e-09 }, "geometry": { "type": "MultiPolygon", "coordinates": [ [ [ [ 115.245633984820643, -8.486893249024149 ], [ 115.245633574729709, -8.486898912954416 ], [ 115.245589097858669, -8.486895671797754 ], [ 115.245592132171168, -8.4868537184243 ], [ 115.245636609042322, -8.486856959580962 ], [ 115.245635670150136, -8.486869944892021 ], [ 115.245633984820643, -8.486893249024149 ] ] ] ] } },
{ "type": "Feature", "properties": { "latitude": -8.38368654, "longitude": 9.0, "area_in_me": 6.0, "confidence": 9.0, "full_plus": "06P3QJ983+GQHH", "layer": "2dd_buildings_001", "path": "file:///C:/Users/BPN/Downloads/Compressed/2dd_buildings.csv/2dd_buildings_split/2dd_buildings_001.csv?type=csv&maxFields=10000&detectTypes=yes&wktField=geometry&crs=EPSG:4326&spatialIndex=no&subsetIndex=no&watchFile=no", "Shape_Leng": 0.0005461847, "Shape_Area": 1.107e-08 }, "geometry": { "type": "MultiPolygon", "coordinates": [ [ [ [ 115.245823457586539, -8.487921230780103 ], [ 115.245627928785893, -8.487931683600266 ], [ 115.245625237115064, -8.487881771226739 ], [ 115.245676157628623, -8.487879048978868 ], [ 115.245773846485918, -8.487873826615782 ], [ 115.245772376094351, -8.487846566365874 ], [ 115.245772684561757, -8.487846550178119 ], [ 115.245811096405077, -8.48784449612657 ], [ 115.245818670495282, -8.487844091431612 ], [ 115.245819294624766, -8.487844058156725 ], [ 115.245821014128524, -8.487875936425269 ], [ 115.245823370352355, -8.487919612899759 ], [ 115.245823457586539, -8.487921230780103 ] ] ] ] } },
{ "type": "Feature", "properties": { "latitude": -8.55622118, "longitude": 0.0, "area_in_me": 6.0, "confidence": 0.0, "full_plus": "06P3QC8V9+GF72", "layer": "2dd_buildings_001", "path": "file:///C:/Users/BPN/Downloads/Compressed/2dd_buildings.csv/2dd_buildings_split/2dd_buildings_001.csv?type=csv&maxFields=10000&detectTypes=yes&wktField=geometry&crs=EPSG:4326&spatialIndex=no&subsetIndex=no&watchFile=no", "Shape_Leng": 0.00012489307, "Shape_Area": 9.2e-10 }, "geometry": { "type": "MultiPolygon", "coordinates": [ [ [ [ 115.246122981290569, -8.486770846797071 ], [ 115.246121574750987, -8.4867320860169 ], [ 115.246145219726145, -8.486731236157596 ], [ 115.24614662626584, -8.486769996937767 ], [ 115.246122981290569, -8.486770846797071 ] ] ] ] } },
{ "type": "Feature", "properties": { "latitude": -8.66438421, "longitude": 0.0, "area_in_me": 2.0, "confidence": 3.0, "full_plus": "06P3Q86PJ+67XM", "layer": "2dd_buildings_001", "path": "file:///C:/Users/BPN/Downloads/Compressed/2dd_buildings.csv/2dd_buildings_split/2dd_buildings_001.csv?type=csv&maxFields=10000&detectTypes=yes&wktField=geometry&crs=EPSG:4326&spatialIndex=no&subsetIndex=no&watchFile=no", "Shape_Leng": 0.00020840371, "Shape_Area": 2.15e-09 }, "geometry": { "type": "MultiPolygon", "coordinates": [ [ [ [ 115.247078307717743, -8.486529640530421 ], [ 115.247002527244945, -8.486530350994883 ], [ 115.247002524546929, -8.486530028138247 ], [ 115.247002258347607, -8.486501934216847 ], [ 115.247003750322847, -8.486501919827674 ], [ 115.247078038820518, -8.486501223752441 ], [ 115.247078307717743, -8.486529640530421 ] ] ] ] } },
{ "type": "Feature", "properties": { "latitude": -8.6389157, "longitude": 0.0, "area_in_me": 7.0, "confidence": 7.0, "full_plus": "06P3Q9563+CGQ8", "layer": "2dd_buildings_001", "path": "file:///C:/Users/BPN/Downloads/Compressed/2dd_buildings.csv/2dd_buildings_split/2dd_buildings_001.csv?type=csv&maxFields=10000&detectTypes=yes&wktField=geometry&crs=EPSG:4326&spatialIndex=no&subsetIndex=no&watchFile=no", "Shape_Leng": 0.00012776564, "Shape_Area": 1.02e-09 }, "geometry": { "type": "MultiPolygon", "coordinates": [ [ [ [ 115.244196125350982, -8.488910623526408 ], [ 115.2441898157075, -8.488940886612568 ], [ 115.244157607387706, -8.488934506821977 ], [ 115.244163971889861, -8.488903978435815 ], [ 115.244196125350982, -8.488910623526408 ] ] ] ] } },
{ "type": "Feature", "properties": { "latitude": -8.65959919, "longitude": 0.0, "area_in_me": 0.0, "confidence": 7.0, "full_plus": "06P3Q86RH+5C82", "layer": "2dd_buildings_001", "path": "file:///C:/Users/BPN/Downloads/Compressed/2dd_buildings.csv/2dd_buildings_split/2dd_buildings_001.csv?type=csv&maxFields=10000&detectTypes=yes&wktField=geometry&crs=EPSG:4326&spatialIndex=no&subsetIndex=no&watchFile=no", "Shape_Leng": 0.00019451034, "Shape_Area": 2.34e-09 }, "geometry": { "type": "MultiPolygon", "coordinates": [ [ [ [ 115.244616664527484, -8.487457819122994 ], [ 115.244615597032293, -8.487430422176203 ], [ 115.244659598162002, -8.487428724256176 ], [ 115.244661669300626, -8.487481905665391 ], [ 115.24461766907018, -8.487483603585417 ], [ 115.244616664527484, -8.487457819122994 ] ] ] ] } },
{ "type": "Feature", "properties": { "latitude": -8.44285044, "longitude": 3.0, "area_in_me": 7.0, "confidence": 0.0, "full_plus": "06P3QH943+VQ2W", "layer": "2dd_buildings_001", "path": "file:///C:/Users/BPN/Downloads/Compressed/2dd_buildings.csv/2dd_buildings_split/2dd_buildings_001.csv?type=csv&maxFields=10000&detectTypes=yes&wktField=geometry&crs=EPSG:4326&spatialIndex=no&subsetIndex=no&watchFile=no", "Shape_Leng": 0.00133695394, "Shape_Area": 3.562e-08 }, "geometry": { "type": "MultiPolygon", "coordinates": [ [ [ [ 115.246946124464102, -8.48768586650948 ], [ 115.246910103918253, -8.487687468202068 ], [ 115.2467736776631, -8.487693533229901 ], [ 115.246659673305317, -8.487698600909653 ], [ 115.246564629354225, -8.487702825924657 ], [ 115.246504228187632, -8.487705511300248 ], [ 115.246403288281158, -8.487709998917296 ], [ 115.24636108579557, -8.487711874903084 ], [ 115.246358469667712, -8.487653548472451 ], [ 115.246907487790395, -8.487629139972796 ], [ 115.246943508336358, -8.487627539179528 ], [ 115.24696795910404, -8.487626451899189 ], [ 115.246970575231899, -8.487684779229141 ], [ 115.246946124464102, -8.48768586650948 ] ] ] ] } },
{ "type": "Feature", "properties": { "latitude": -8.60236037, "longitude": 0.0, "area_in_me": 3.0, "confidence": 1.0, "full_plus": "06P3Q97X8+332G", "layer": "2dd_buildings_001", "path": "file:///C:/Users/BPN/Downloads/Compressed/2dd_buildings.csv/2dd_buildings_split/2dd_buildings_001.csv?type=csv&maxFields=10000&detectTypes=yes&wktField=geometry&crs=EPSG:4326&spatialIndex=no&subsetIndex=no&watchFile=no", "Shape_Leng": 0.00043193971, "Shape_Area": 1.166e-08 }, "geometry": { "type": "MultiPolygon", "coordinates": [ [ [ [ 115.242622341447941, -8.486478159739249 ], [ 115.242567645580493, -8.486570982364924 ], [ 115.242474187134121, -8.486516398013293 ], [ 115.242528883001569, -8.486423575387676 ], [ 115.242622341447941, -8.486478159739249 ] ] ] ] } },
{ "type": "Feature", "properties": { "latitude": -8.55667046, "longitude": 9.0, "area_in_me": 1.0, "confidence": 7.0, "full_plus": "06P3QC8V3+83Q2", "layer": "2dd_buildings_001", "path": "file:///C:/Users/BPN/Downloads/Compressed/2dd_buildings.csv/2dd_buildings_split/2dd_buildings_001.csv?type=csv&maxFields=10000&detectTypes=yes&wktField=geometry&crs=EPSG:4326&spatialIndex=no&subsetIndex=no&watchFile=no", "Shape_Leng": 0.00023819541, "Shape_Area": 3.02e-09 }, "geometry": { "type": "MultiPolygon", "coordinates": [ [ [ [ 115.245179612249331, -8.487892793317712 ], [ 115.245181190559606, -8.487947135751654 ], [ 115.245144637614999, -8.487948187958466 ], [ 115.245142240921723, -8.487865693147171 ], [ 115.24517879386633, -8.487864640940359 ], [ 115.245179612249331, -8.487892793317712 ] ] ] ] } },
{ "type": "Feature", "properties": { "latitude": -8.54525982, "longitude": 0.0, "area_in_me": 5.0, "confidence": 0.0, "full_plus": "06P3QF33F+V5VP", "layer": "2dd_buildings_001", "path": "file:///C:/Users/BPN/Downloads/Compressed/2dd_buildings.csv/2dd_buildings_split/2dd_buildings_001.csv?type=csv&maxFields=10000&detectTypes=yes&wktField=geometry&crs=EPSG:4326&spatialIndex=no&subsetIndex=no&watchFile=no", "Shape_Leng": 0.00037409695, "Shape_Area": 7.13e-09 }, "geometry": { "type": "MultiPolygon", "coordinates": [ [ [ [ 115.245351830622553, -8.487166486444153 ], [ 115.245347129866218, -8.487219595907561 ], [ 115.24521391059352, -8.487207909217602 ], [ 115.245218611349856, -8.487154798854817 ], [ 115.245351830622553, -8.487166486444153 ] ] ] ] } },
{ "type": "Feature", "properties": { "latitude": -8.77293415, "longitude": 9.0, "area_in_me": 6.0, "confidence": 2.0, "full_plus": "06P3Q6HGJ+RGHJ", "layer": "2dd_buildings_001", "path": "file:///C:/Users/BPN/Downloads/Compressed/2dd_buildings.csv/2dd_buildings_split/2dd_buildings_001.csv?type=csv&maxFields=10000&detectTypes=yes&wktField=geometry&crs=EPSG:4326&spatialIndex=no&subsetIndex=no&watchFile=no", "Shape_Leng": 0.00014593092, "Shape_Area": 1.31e-09 }, "geometry": { "type": "MultiPolygon", "coordinates": [ [ [ [ 115.246558973517836, -8.486709745058647 ], [ 115.246527066471003, -8.486711370133605 ], [ 115.246526716634776, -8.486704565862965 ], [ 115.246525416215036, -8.486679249048052 ], [ 115.246566165396302, -8.486677173412772 ], [ 115.24656781565227, -8.486709294498269 ], [ 115.246558973517836, -8.486709745058647 ] ] ] ] } },
{ "type": "Feature", "properties": { "latitude": -8.56770301, "longitude": 2.0, "area_in_me": 6.0, "confidence": 5.0, "full_plus": "06P3QC6JC+W79W", "layer": "2dd_buildings_001", "path": "file:///C:/Users/BPN/Downloads/Compressed/2dd_buildings.csv/2dd_buildings_split/2dd_buildings_001.csv?type=csv&maxFields=10000&detectTypes=yes&wktField=geometry&crs=EPSG:4326&spatialIndex=no&subsetIndex=no&watchFile=no", "Shape_Leng": 0.00015659311, "Shape_Area": 1.52e-09 }, "geometry": { "type": "MultiPolygon", "coordinates": [ [ [ [ 115.244589542773269, -8.487638033368512 ], [ 115.24458400115077, -8.487672723817127 ], [ 115.244541366091198, -8.487665972606521 ], [ 115.244546907713698, -8.487631282157906 ], [ 115.244589542773269, -8.487638033368512 ] ] ] ] } },
{ "type": "Feature", "properties": { "latitude": -8.62934104, "longitude": 0.0, "area_in_me": 3.0, "confidence": 0.0, "full_plus": "06P3Q94C8+7F98", "layer": "2dd_buildings_001", "path": "file:///C:/Users/BPN/Downloads/Compressed/2dd_buildings.csv/2dd_buildings_split/2dd_buildings_001.csv?type=csv&maxFields=10000&detectTypes=yes&wktField=geometry&crs=EPSG:4326&spatialIndex=no&subsetIndex=no&watchFile=no", "Shape_Leng": 0.00021523333, "Shape_Area": 2.89e-09 }, "geometry": { "type": "MultiPolygon", "coordinates": [ [ [ [ 115.245778557134713, -8.487363045867824 ], [ 115.245722676860055, -8.487365693471929 ], [ 115.245721490654319, -8.487340882076012 ], [ 115.245720210019726, -8.48731407868172 ], [ 115.245776090294385, -8.487311431077615 ], [ 115.245778557134713, -8.487363045867824 ] ] ] ] } },
{ "type": "Feature", "properties": { "latitude": -8.43714254, "longitude": 0.0, "area_in_me": 7.0, "confidence": 3.0, "full_plus": "06P3QHH7X+4VV8", "layer": "2dd_buildings_001", "path": "file:///C:/Users/BPN/Downloads/Compressed/2dd_buildings.csv/2dd_buildings_split/2dd_buildings_001.csv?type=csv&maxFields=10000&detectTypes=yes&wktField=geometry&crs=EPSG:4326&spatialIndex=no&subsetIndex=no&watchFile=no", "Shape_Leng": 0.00043636921, "Shape_Area": 7.85e-09 }, "geometry": { "type": "MultiPolygon", "coordinates": [ [ [ [ 115.245828551346676, -8.488069525388255 ], [ 115.245741348584374, -8.488073057925249 ], [ 115.245739445618938, -8.48802649282834 ], [ 115.245796518394627, -8.488024180671346 ], [ 115.245794039863085, -8.487963551976293 ], [ 115.245847777053314, -8.487961374717599 ], [ 115.245851161202154, -8.48804416900316 ], [ 115.245827553998424, -8.488045124982477 ], [ 115.245828551346676, -8.488069525388255 ] ] ] ] } },
{ "type": "Feature", "properties": { "latitude": -8.41660962, "longitude": 9.0, "area_in_me": 4.0, "confidence": 5.0, "full_plus": "06P3QHMM8+9P3J", "layer": "2dd_buildings_001", "path": "file:///C:/Users/BPN/Downloads/Compressed/2dd_buildings.csv/2dd_buildings_split/2dd_buildings_001.csv?type=csv&maxFields=10000&detectTypes=yes&wktField=geometry&crs=EPSG:4326&spatialIndex=no&subsetIndex=no&watchFile=no", "Shape_Leng": 0.00033960386, "Shape_Area": 7.18e-09 }, "geometry": { "type": "MultiPolygon", "coordinates": [ [ [ [ 115.243841714223777, -8.486119407584567 ], [ 115.243873656344249, -8.486113838083099 ], [ 115.243930418853779, -8.486103941943327 ], [ 115.243944236937068, -8.486182495026071 ], [ 115.243855532307066, -8.486197960667312 ], [ 115.243841714223777, -8.486119407584567 ] ] ] ] } },
{ "type": "Feature", "properties": { "latitude": -8.8020749, "longitude": 9.0, "area_in_me": 7.0, "confidence": 0.0, "full_plus": "06P3Q56XF+56H4", "layer": "2dd_buildings_001", "path": "file:///C:/Users/BPN/Downloads/Compressed/2dd_buildings.csv/2dd_buildings_split/2dd_buildings_001.csv?type=csv&maxFields=10000&detectTypes=yes&wktField=geometry&crs=EPSG:4326&spatialIndex=no&subsetIndex=no&watchFile=no", "Shape_Leng": 0.000438052, "Shape_Area": 1.154e-08 }, "geometry": { "type": "MultiPolygon", "coordinates": [ [ [ [ 115.247002524546929, -8.486530028138247 ], [ 115.246873541081072, -8.48653239155658 ], [ 115.246871909710876, -8.486444130292341 ], [ 115.247002636962179, -8.486441734498385 ], [ 115.247002651351295, -8.486442522304515 ], [ 115.247003750322847, -8.486501919827674 ], [ 115.247004269231752, -8.486529995762623 ], [ 115.247002524546929, -8.486530028138247 ] ] ] ] } },
{ "type": "Feature", "properties": { "latitude": -8.35362957, "longitude": 3.0, "area_in_me": 4.0, "confidence": 2.0, "full_plus": "06P3QJ4WX+GHWR", "layer": "2dd_buildings_001", "path": "file:///C:/Users/BPN/Downloads/Compressed/2dd_buildings.csv/2dd_buildings_split/2dd_buildings_001.csv?type=csv&maxFields=10000&detectTypes=yes&wktField=geometry&crs=EPSG:4326&spatialIndex=no&subsetIndex=no&watchFile=no", "Shape_Leng": 0.00015251037, "Shape_Area": 1.25e-09 }, "geometry": { "type": "MultiPolygon", "coordinates": [ [ [ [ 115.246237136734521, -8.487040743235639 ], [ 115.246213146419677, -8.487040900617046 ], [ 115.246212800180615, -8.486988637415664 ], [ 115.246236789596196, -8.486988479134936 ], [ 115.246237136734521, -8.487040743235639 ] ] ] ] } },
{ "type": "Feature", "properties": { "latitude": -8.64868313, "longitude": 0.0, "area_in_me": 5.0, "confidence": 5.0, "full_plus": "06P3Q952F+G2HP", "layer": "2dd_buildings_001", "path": "file:///C:/Users/BPN/Downloads/Compressed/2dd_buildings.csv/2dd_buildings_split/2dd_buildings_001.csv?type=csv&maxFields=10000&detectTypes=yes&wktField=geometry&crs=EPSG:4326&spatialIndex=no&subsetIndex=no&watchFile=no", "Shape_Leng": 0.00050394871, "Shape_Area": 7.12e-09 }, "geometry": { "type": "MultiPolygon", "coordinates": [ [ [ [ 115.243873656344249, -8.486113838083099 ], [ 115.243841714223777, -8.486119407584567 ], [ 115.243803677397864, -8.485903177289742 ], [ 115.243835619518336, -8.485897607788331 ], [ 115.243873656344249, -8.486113838083099 ] ] ] ] } },
{ "type": "Feature", "properties": { "latitude": -8.1179055, "longitude": 3.0, "area_in_me": 9.0, "confidence": 4.0, "full_plus": "06P3QV6J2+RFJP", "layer": "2dd_buildings_001", "path": "file:///C:/Users/BPN/Downloads/Compressed/2dd_buildings.csv/2dd_buildings_split/2dd_buildings_001.csv?type=csv&maxFields=10000&detectTypes=yes&wktField=geometry&crs=EPSG:4326&spatialIndex=no&subsetIndex=no&watchFile=no", "Shape_Leng": 0.00013964026, "Shape_Area": 1.2e-09 }, "geometry": { "type": "MultiPolygon", "coordinates": [ [ [ [ 115.245598511062553, -8.486749803560542 ], [ 115.245597209743551, -8.48678924872479 ], [ 115.245566872912946, -8.48678825677257 ], [ 115.245567138212891, -8.486780206041601 ], [ 115.245567613054959, -8.486765804298386 ], [ 115.245568174231948, -8.486748810709003 ], [ 115.245598511062553, -8.486749803560542 ] ] ] ] } },
{ "type": "Feature", "properties": { "latitude": -8.17395328, "longitude": 9.0, "area_in_me": 9.0, "confidence": 9.0, "full_plus": "06P3PRCGQ+C66X", "layer": "2dd_buildings_001", "path": "file:///C:/Users/BPN/Downloads/Compressed/2dd_buildings.csv/2dd_buildings_split/2dd_buildings_001.csv?type=csv&maxFields=10000&detectTypes=yes&wktField=geometry&crs=EPSG:4326&spatialIndex=no&subsetIndex=no&watchFile=no", "Shape_Leng": 0.000329447, "Shape_Area": 6.68e-09 }, "geometry": { "type": "MultiPolygon", "coordinates": [ [ [ [ 115.24379962055616, -8.485363838570265 ], [ 115.243729160472412, -8.485378535291147 ], [ 115.243727511115821, -8.485370695900826 ], [ 115.243710531016291, -8.48529000692821 ], [ 115.243710061570141, -8.485287775710219 ], [ 115.243769841305152, -8.485275306610049 ], [ 115.243780520754513, -8.485273078989337 ], [ 115.24379962055616, -8.485363838570265 ] ] ] ] } },
{ "type": "Feature", "properties": { "latitude": -8.45062331, "longitude": 9.0, "area_in_me": 1.0, "confidence": 8.0, "full_plus": "06P3QG6XF+QC33", "layer": "2dd_buildings_001", "path": "file:///C:/Users/BPN/Downloads/Compressed/2dd_buildings.csv/2dd_buildings_split/2dd_buildings_001.csv?type=csv&maxFields=10000&detectTypes=yes&wktField=geometry&crs=EPSG:4326&spatialIndex=no&subsetIndex=no&watchFile=no", "Shape_Leng": 0.00031010977, "Shape_Area": 5.5e-09 }, "geometry": { "type": "MultiPolygon", "coordinates": [ [ [ [ 115.246707900349406, -8.489198885919791 ], [ 115.246607923616807, -8.489202054231384 ], [ 115.246607875053428, -8.489200535276439 ], [ 115.246607029690722, -8.489174106000121 ], [ 115.246606164542868, -8.489147054393015 ], [ 115.246706141275467, -8.489143886081422 ], [ 115.246707900349406, -8.489198885919791 ] ] ] ] } },
{ "type": "Feature", "properties": { "latitude": -8.31389909, "longitude": 0.0, "area_in_me": 8.0, "confidence": 0.0, "full_plus": "06P3QMJP4+C2V3", "layer": "2dd_buildings_001", "path": "file:///C:/Users/BPN/Downloads/Compressed/2dd_buildings.csv/2dd_buildings_split/2dd_buildings_001.csv?type=csv&maxFields=10000&detectTypes=yes&wktField=geometry&crs=EPSG:4326&spatialIndex=no&subsetIndex=no&watchFile=no", "Shape_Leng": 0.00015541627, "Shape_Area": 1.5e-09 }, "geometry": { "type": "MultiPolygon", "coordinates": [ [ [ [ 115.244611049160653, -8.487320205762842 ], [ 115.244608890787731, -8.487361920815943 ], [ 115.244573000643527, -8.487360080803057 ], [ 115.244575159016449, -8.487318365749957 ], [ 115.244611049160653, -8.487320205762842 ] ] ] ] } },
{ "type": "Feature", "properties": { "latitude": -8.49960534, "longitude": 0.0, "area_in_me": 3.0, "confidence": 2.0, "full_plus": "06P3QG32W+5J5J", "layer": "2dd_buildings_001", "path": "file:///C:/Users/BPN/Downloads/Compressed/2dd_buildings.csv/2dd_buildings_split/2dd_buildings_001.csv?type=csv&maxFields=10000&detectTypes=yes&wktField=geometry&crs=EPSG:4326&spatialIndex=no&subsetIndex=no&watchFile=no", "Shape_Leng": 0.0001800604, "Shape_Area": 2.02e-09 }, "geometry": { "type": "MultiPolygon", "coordinates": [ [ [ [ 115.244257019346037, -8.488822370356047 ], [ 115.244254314185355, -8.488864791376955 ], [ 115.244206885739231, -8.488861793936621 ], [ 115.244209132245714, -8.488826553102911 ], [ 115.244209590000651, -8.488819373814977 ], [ 115.244255982427717, -8.488822304705536 ], [ 115.244257019346037, -8.488822370356047 ] ] ] ] } },
{ "type": "Feature", "properties": { "latitude": -8.20620352, "longitude": 3.0, "area_in_me": 4.0, "confidence": 7.0, "full_plus": "06P3PQVVH+GG9W", "layer": "2dd_buildings_001", "path": "file:///C:/Users/BPN/Downloads/Compressed/2dd_buildings.csv/2dd_buildings_split/2dd_buildings_001.csv?type=csv&maxFields=10000&detectTypes=yes&wktField=geometry&crs=EPSG:4326&spatialIndex=no&subsetIndex=no&watchFile=no", "Shape_Leng": 0.00028408568, "Shape_Area": 4.94e-09 }, "geometry": { "type": "MultiPolygon", "coordinates": [ [ [ [ 115.245957461068087, -8.491902849636745 ], [ 115.245940824509489, -8.491982203116152 ], [ 115.245911982352141, -8.491976210034011 ], [ 115.245881135605941, -8.491969800565812 ], [ 115.245881367631114, -8.491968692601063 ], [ 115.245897771265163, -8.491890447086405 ], [ 115.245957461068087, -8.491902849636745 ] ] ] ] } },
{ "type": "Feature", "properties": { "latitude": -8.37351179, "longitude": 0.0, "area_in_me": 1.0, "confidence": 9.0, "full_plus": "06P3QJ5GH+HJWF", "layer": "2dd_buildings_001", "path": "file:///C:/Users/BPN/Downloads/Compressed/2dd_buildings.csv/2dd_buildings_split/2dd_buildings_001.csv?type=csv&maxFields=10000&detectTypes=yes&wktField=geometry&crs=EPSG:4326&spatialIndex=no&subsetIndex=no&watchFile=no", "Shape_Leng": 0.00027575384, "Shape_Area": 4.49e-09 }, "geometry": { "type": "MultiPolygon", "coordinates": [ [ [ [ 115.245141695932602, -8.486238415770231 ], [ 115.245137019457957, -8.486282875554195 ], [ 115.245085389379256, -8.486277493111743 ], [ 115.24505234379069, -8.48627404780899 ], [ 115.245057039151106, -8.486229412657224 ], [ 115.2450578611315, -8.48622159485069 ], [ 115.245105590850358, -8.486226570799545 ], [ 115.245140715671596, -8.486230232838921 ], [ 115.245142536798653, -8.486230422595895 ], [ 115.245141695932602, -8.486238415770231 ] ] ] ] } },
{ "type": "Feature", "properties": { "latitude": -8.4528071, "longitude": 9.0, "area_in_me": 4.0, "confidence": 7.0, "full_plus": "06P3QG6WJ+V3HP", "layer": "2dd_buildings_001", "path": "file:///C:/Users/BPN/Downloads/Compressed/2dd_buildings.csv/2dd_buildings_split/2dd_buildings_001.csv?type=csv&maxFields=10000&detectTypes=yes&wktField=geometry&crs=EPSG:4326&spatialIndex=no&subsetIndex=no&watchFile=no", "Shape_Leng": 0.00019283268, "Shape_Area": 2.27e-09 }, "geometry": { "type": "MultiPolygon", "coordinates": [ [ [ [ 115.24585585026739, -8.49233841558538 ], [ 115.245843525058717, -8.492392236412513 ], [ 115.245803344248998, -8.492383116387657 ], [ 115.24581566945767, -8.492329296459843 ], [ 115.24585585026739, -8.49233841558538 ] ] ] ] } },
{ "type": "Feature", "properties": { "latitude": -8.67786253, "longitude": 2.0, "area_in_me": 8.0, "confidence": 0.0, "full_plus": "06P3Q86CP+V45C", "layer": "2dd_buildings_001", "path": "file:///C:/Users/BPN/Downloads/Compressed/2dd_buildings.csv/2dd_buildings_split/2dd_buildings_001.csv?type=csv&maxFields=10000&detectTypes=yes&wktField=geometry&crs=EPSG:4326&spatialIndex=no&subsetIndex=no&watchFile=no", "Shape_Leng": 0.00017396942, "Shape_Area": 1.89e-09 }, "geometry": { "type": "MultiPolygon", "coordinates": [ [ [ [ 115.246347599562114, -8.49131182148335 ], [ 115.246338620730853, -8.491351872790631 ], [ 115.246293775137701, -8.491341908302388 ], [ 115.246302753968962, -8.491301856995051 ], [ 115.246347599562114, -8.49131182148335 ] ] ] ] } },
{ "type": "Feature", "properties": { "latitude": -8.1943934, "longitude": 9.0, "area_in_me": 4.0, "confidence": 8.0, "full_plus": "06P3PRQ4X+6JW8", "layer": "2dd_buildings_001", "path": "file:///C:/Users/BPN/Downloads/Compressed/2dd_buildings.csv/2dd_buildings_split/2dd_buildings_001.csv?type=csv&maxFields=10000&detectTypes=yes&wktField=geometry&crs=EPSG:4326&spatialIndex=no&subsetIndex=no&watchFile=no", "Shape_Leng": 0.00025705742, "Shape_Area": 4.01e-09 }, "geometry": { "type": "MultiPolygon", "coordinates": [ [ [ [ 115.246796202083146, -8.48995608450565 ], [ 115.246743094418321, -8.489956930767676 ], [ 115.246741882132255, -8.489881526211434 ], [ 115.246794989796967, -8.489880679949351 ], [ 115.246796202083146, -8.48995608450565 ] ] ] ] } },
{ "type": "Feature", "properties": { "latitude": -8.43955222, "longitude": 9.0, "area_in_me": 5.0, "confidence": 0.0, "full_plus": "06P3QHH6W+5QHV", "layer": "2dd_buildings_001", "path": "file:///C:/Users/BPN/Downloads/Compressed/2dd_buildings.csv/2dd_buildings_split/2dd_buildings_001.csv?type=csv&maxFields=10000&detectTypes=yes&wktField=geometry&crs=EPSG:4326&spatialIndex=no&subsetIndex=no&watchFile=no", "Shape_Leng": 0.00018274124, "Shape_Area": 2.08e-09 }, "geometry": { "type": "MultiPolygon", "coordinates": [ [ [ [ 115.246277552267316, -8.489065041618346 ], [ 115.246276134935783, -8.489065100973562 ], [ 115.246275654697797, -8.489053774012405 ], [ 115.246274130346933, -8.489017824512928 ], [ 115.246318143167855, -8.489015974607469 ], [ 115.246320147756705, -8.48906325106816 ], [ 115.246277552267316, -8.489065041618346 ] ] ] ] } },
{ "type": "Feature", "properties": { "latitude": -8.43693715, "longitude": 0.0, "area_in_me": 1.0, "confidence": 9.0, "full_plus": "06P3QH573+6HGC", "layer": "2dd_buildings_001", "path": "file:///C:/Users/BPN/Downloads/Compressed/2dd_buildings.csv/2dd_buildings_split/2dd_buildings_001.csv?type=csv&maxFields=10000&detectTypes=yes&wktField=geometry&crs=EPSG:4326&spatialIndex=no&subsetIndex=no&watchFile=no", "Shape_Leng": 0.00027200292, "Shape_Area": 4.0000000000000002e-09 }, "geometry": { "type": "MultiPolygon", "coordinates": [ [ [ [ 115.245666976449911, -8.48895864912231 ], [ 115.24566287554137, -8.489001794996796 ], [ 115.24557036857766, -8.488993078767521 ], [ 115.245574421822198, -8.48895044280863 ], [ 115.245666976449911, -8.48895864912231 ] ] ] ] } },
{ "type": "Feature", "properties": { "latitude": -8.54488268, "longitude": 2.0, "area_in_me": 2.0, "confidence": 7.0, "full_plus": "06P3QF949+2RXM", "layer": "2dd_buildings_001", "path": "file:///C:/Users/BPN/Downloads/Compressed/2dd_buildings.csv/2dd_buildings_split/2dd_buildings_001.csv?type=csv&maxFields=10000&detectTypes=yes&wktField=geometry&crs=EPSG:4326&spatialIndex=no&subsetIndex=no&watchFile=no", "Shape_Leng": 0.00032588189, "Shape_Area": 6.23e-09 }, "geometry": { "type": "MultiPolygon", "coordinates": [ [ [ [ 115.246047251179789, -8.488926452493729 ], [ 115.246022890344193, -8.488927703450713 ], [ 115.246021840835397, -8.488907448919576 ], [ 115.246019720234017, -8.488866517176007 ], [ 115.246121259088909, -8.488861302906741 ], [ 115.246124428299822, -8.488922490080824 ], [ 115.246047251179789, -8.488926452493729 ] ] ] ] } },
{ "type": "Feature", "properties": { "latitude": -8.53685015, "longitude": 9.0, "area_in_me": 4.0, "confidence": 0.0, "full_plus": "06P3QF579+7V5W", "layer": "2dd_buildings_001", "path": "file:///C:/Users/BPN/Downloads/Compressed/2dd_buildings.csv/2dd_buildings_split/2dd_buildings_001.csv?type=csv&maxFields=10000&detectTypes=yes&wktField=geometry&crs=EPSG:4326&spatialIndex=no&subsetIndex=no&watchFile=no", "Shape_Leng": 8.934351e-05, "Shape_Area": 4.0000000000000001e-10 }, "geometry": { "type": "MultiPolygon", "coordinates": [ [ [ [ 115.246034663369073, -8.489202699045279 ], [ 115.246004774400831, -8.489204234188037 ], [ 115.246004496510409, -8.489198867933339 ], [ 115.246004138580247, -8.489191976428515 ], [ 115.246036494388818, -8.489190315380711 ], [ 115.246037129310139, -8.489202572240856 ], [ 115.246034663369073, -8.489202699045279 ] ] ] ] } },
{ "type": "Feature", "properties": { "latitude": -8.12557472, "longitude": 9.0, "area_in_me": 6.0, "confidence": 6.0, "full_plus": "06P3QV3FC+QQH5", "layer": "2dd_buildings_001", "path": "file:///C:/Users/BPN/Downloads/Compressed/2dd_buildings.csv/2dd_buildings_split/2dd_buildings_001.csv?type=csv&maxFields=10000&detectTypes=yes&wktField=geometry&crs=EPSG:4326&spatialIndex=no&subsetIndex=no&watchFile=no", "Shape_Leng": 0.00029890901, "Shape_Area": 5.26e-09 }, "geometry": { "type": "MultiPolygon", "coordinates": [ [ [ [ 115.244133158418549, -8.485710424696322 ], [ 115.244041158672644, -8.485721375740866 ], [ 115.244034385878308, -8.48566497565804 ], [ 115.244126385624213, -8.485654024613495 ], [ 115.244133158418549, -8.485710424696322 ] ] ] ] } },
{ "type": "Feature", "properties": { "latitude": -8.36599463, "longitude": 9.0, "area_in_me": 6.0, "confidence": 0.0, "full_plus": "06P3QJ8MF+J436", "layer": "2dd_buildings_001", "path": "file:///C:/Users/BPN/Downloads/Compressed/2dd_buildings.csv/2dd_buildings_split/2dd_buildings_001.csv?type=csv&maxFields=10000&detectTypes=yes&wktField=geometry&crs=EPSG:4326&spatialIndex=no&subsetIndex=no&watchFile=no", "Shape_Leng": 0.00028890491, "Shape_Area": 5.15e-09 }, "geometry": { "type": "MultiPolygon", "coordinates": [ [ [ [ 115.244887873976268, -8.488975798294405 ], [ 115.244866316327489, -8.489036034885032 ], [ 115.244790472002705, -8.489009131666023 ], [ 115.244812029651484, -8.488948895075396 ], [ 115.244887873976268, -8.488975798294405 ] ] ] ] } },
{ "type": "Feature", "properties": { "latitude": -8.18432579, "longitude": 3.0, "area_in_me": 3.0, "confidence": 8.0, "full_plus": "06P3PRW8H+7R9R", "layer": "2dd_buildings_001", "path": "file:///C:/Users/BPN/Downloads/Compressed/2dd_buildings.csv/2dd_buildings_split/2dd_buildings_001.csv?type=csv&maxFields=10000&detectTypes=yes&wktField=geometry&crs=EPSG:4326&spatialIndex=no&subsetIndex=no&watchFile=no", "Shape_Leng": 0.00035706689, "Shape_Area": 7.6e-09 }, "geometry": { "type": "MultiPolygon", "coordinates": [ [ [ [ 115.246866533563775, -8.487275954621566 ], [ 115.246796595986211, -8.487279063577887 ], [ 115.246791732452607, -8.48717064580859 ], [ 115.246861670030057, -8.487167536852326 ], [ 115.246866533563775, -8.487275954621566 ] ] ] ] } },
{ "type": "Feature", "properties": { "latitude": -8.39863667, "longitude": 0.0, "area_in_me": 1.0, "confidence": 0.0, "full_plus": "06P3PJR2W+GPXG", "layer": "2dd_buildings_001", "path": "file:///C:/Users/BPN/Downloads/Compressed/2dd_buildings.csv/2dd_buildings_split/2dd_buildings_001.csv?type=csv&maxFields=10000&detectTypes=yes&wktField=geometry&crs=EPSG:4326&spatialIndex=no&subsetIndex=no&watchFile=no", "Shape_Leng": 0.0001505648, "Shape_Area": 1.38e-09 }, "geometry": { "type": "MultiPolygon", "coordinates": [ [ [ [ 115.244779933747054, -8.485951510453788 ], [ 115.244771283168234, -8.485994217459108 ], [ 115.244740195403779, -8.485987976164097 ], [ 115.244748845982485, -8.485945269158776 ], [ 115.244779933747054, -8.485951510453788 ] ] ] ] } },
{ "type": "Feature", "properties": { "latitude": -8.41054298, "longitude": 2.0, "area_in_me": 1.0, "confidence": 9.0, "full_plus": "06P3QHHQP+Q3P9", "layer": "2dd_buildings_001", "path": "file:///C:/Users/BPN/Downloads/Compressed/2dd_buildings.csv/2dd_buildings_split/2dd_buildings_001.csv?type=csv&maxFields=10000&detectTypes=yes&wktField=geometry&crs=EPSG:4326&spatialIndex=no&subsetIndex=no&watchFile=no", "Shape_Leng": 0.00036294578, "Shape_Area": 8.12e-09 }, "geometry": { "type": "MultiPolygon", "coordinates": [ [ [ [ 115.245626370260879, -8.490796725788243 ], [ 115.245613654746421, -8.49083225350563 ], [ 115.245592144761758, -8.490892352499998 ], [ 115.245516836432898, -8.490865639037963 ], [ 115.245527659773757, -8.490835397535534 ], [ 115.245551061932019, -8.490770012326152 ], [ 115.245626370260879, -8.490796725788243 ] ] ] ] } },
{ "type": "Feature", "properties": { "latitude": -8.61602083, "longitude": 0.0, "area_in_me": 7.0, "confidence": 9.0, "full_plus": "06P3Q97M6+H4W5", "layer": "2dd_buildings_001", "path": "file:///C:/Users/BPN/Downloads/Compressed/2dd_buildings.csv/2dd_buildings_split/2dd_buildings_001.csv?type=csv&maxFields=10000&detectTypes=yes&wktField=geometry&crs=EPSG:4326&spatialIndex=no&subsetIndex=no&watchFile=no", "Shape_Leng": 0.00030959291, "Shape_Area": 5.99e-09 }, "geometry": { "type": "MultiPolygon", "coordinates": [ [ [ [ 115.247916904841304, -8.488094447400783 ], [ 115.247840471460677, -8.488094569708551 ], [ 115.247840344656197, -8.488016207282101 ], [ 115.247916778936315, -8.488016084974277 ], [ 115.247916904841304, -8.488094447400783 ] ] ] ] } },
{ "type": "Feature", "properties": { "latitude": -8.4113439, "longitude": 0.0, "area_in_me": 8.0, "confidence": 2.0, "full_plus": "06P3QHJQ4+F767", "layer": "2dd_buildings_001", "path": "file:///C:/Users/BPN/Downloads/Compressed/2dd_buildings.csv/2dd_buildings_split/2dd_buildings_001.csv?type=csv&maxFields=10000&detectTypes=yes&wktField=geometry&crs=EPSG:4326&spatialIndex=no&subsetIndex=no&watchFile=no", "Shape_Leng": 0.00018734806, "Shape_Area": 2.15e-09 }, "geometry": { "type": "MultiPolygon", "coordinates": [ [ [ [ 115.246033177689014, -8.48604936748427 ], [ 115.246030745022949, -8.486089259611617 ], [ 115.245977134637087, -8.486086019354275 ], [ 115.245979568202529, -8.486046127226928 ], [ 115.246033177689014, -8.48604936748427 ] ] ] ] } },
{ "type": "Feature", "properties": { "latitude": -8.67392982, "longitude": 0.0, "area_in_me": 7.0, "confidence": 8.0, "full_plus": "06P3Q8HG4+CCGX", "layer": "2dd_buildings_001", "path": "file:///C:/Users/BPN/Downloads/Compressed/2dd_buildings.csv/2dd_buildings_split/2dd_buildings_001.csv?type=csv&maxFields=10000&detectTypes=yes&wktField=geometry&crs=EPSG:4326&spatialIndex=no&subsetIndex=no&watchFile=no", "Shape_Leng": 0.00021393637, "Shape_Area": 2.62e-09 }, "geometry": { "type": "MultiPolygon", "coordinates": [ [ [ [ 115.245523090318443, -8.49143852426846 ], [ 115.245516449724391, -8.491476058373337 ], [ 115.245448632748321, -8.491464166637911 ], [ 115.245455273342259, -8.491426633432354 ], [ 115.245523090318443, -8.49143852426846 ] ] ] ] } },
{ "type": "Feature", "properties": { "latitude": -8.26474166, "longitude": 0.0, "area_in_me": 8.0, "confidence": 9.0, "full_plus": "06P3QP3P8+4M27", "layer": "2dd_buildings_001", "path": "file:///C:/Users/BPN/Downloads/Compressed/2dd_buildings.csv/2dd_buildings_split/2dd_buildings_001.csv?type=csv&maxFields=10000&detectTypes=yes&wktField=geometry&crs=EPSG:4326&spatialIndex=no&subsetIndex=no&watchFile=no", "Shape_Leng": 0.00036175925, "Shape_Area": 7.13e-09 }, "geometry": { "type": "MultiPolygon", "coordinates": [ [ [ [ 115.246055662538879, -8.491902162554709 ], [ 115.246027931044296, -8.491989968762027 ], [ 115.245962451406058, -8.491969471413938 ], [ 115.245996260519064, -8.491862417916195 ], [ 115.246034533866691, -8.491874397785182 ], [ 115.246028454449629, -8.491893645974926 ], [ 115.246055662538879, -8.491902162554709 ] ] ] ] } },
{ "type": "Feature", "properties": { "latitude": -8.56714779, "longitude": 0.0, "area_in_me": 4.0, "confidence": 9.0, "full_plus": "06P3QC8M2+46W2", "layer": "2dd_buildings_001", "path": "file:///C:/Users/BPN/Downloads/Compressed/2dd_buildings.csv/2dd_buildings_split/2dd_buildings_001.csv?type=csv&maxFields=10000&detectTypes=yes&wktField=geometry&crs=EPSG:4326&spatialIndex=no&subsetIndex=no&watchFile=no", "Shape_Leng": 0.0003256018, "Shape_Area": 5.7e-09 }, "geometry": { "type": "MultiPolygon", "coordinates": [ [ [ [ 115.246083392234823, -8.48838642489352 ], [ 115.246080095320167, -8.488466946592268 ], [ 115.246033210964015, -8.488465043626832 ], [ 115.24602878360156, -8.488464863762431 ], [ 115.246029345677812, -8.488451123020866 ], [ 115.246030006679575, -8.488434984686762 ], [ 115.245999174322492, -8.488433732830458 ], [ 115.246001248159132, -8.488383090207378 ], [ 115.246083392234823, -8.48838642489352 ] ] ] ] } },
{ "type": "Feature", "properties": { "latitude": -8.50537522, "longitude": 9.0, "area_in_me": 5.0, "confidence": 0.0, "full_plus": "06P3QF4VC+RCVW", "layer": "2dd_buildings_001", "path": "file:///C:/Users/BPN/Downloads/Compressed/2dd_buildings.csv/2dd_buildings_split/2dd_buildings_001.csv?type=csv&maxFields=10000&detectTypes=yes&wktField=geometry&crs=EPSG:4326&spatialIndex=no&subsetIndex=no&watchFile=no", "Shape_Leng": 0.00046249261, "Shape_Area": 1.062e-08 }, "geometry": { "type": "MultiPolygon", "coordinates": [ [ [ [ 115.246620291093677, -8.489332383982287 ], [ 115.246616079568525, -8.489394462384496 ], [ 115.24661348862162, -8.489394287916014 ], [ 115.24659023665015, -8.489392724894287 ], [ 115.24644839557709, -8.489383188483316 ], [ 115.246452671853376, -8.489320149605192 ], [ 115.246595861010292, -8.489329776847683 ], [ 115.246620355844811, -8.489331423506371 ], [ 115.246620291093677, -8.489332383982287 ] ] ] ] } },
{ "type": "Feature", "properties": { "latitude": -8.64009623, "longitude": 9.0, "area_in_me": 6.0, "confidence": 2.0, "full_plus": "06P3Q965P+X864", "layer": "2dd_buildings_001", "path": "file:///C:/Users/BPN/Downloads/Compressed/2dd_buildings.csv/2dd_buildings_split/2dd_buildings_001.csv?type=csv&maxFields=10000&detectTypes=yes&wktField=geometry&crs=EPSG:4326&spatialIndex=no&subsetIndex=no&watchFile=no", "Shape_Leng": 0.00038033983, "Shape_Area": 8.22e-09 }, "geometry": { "type": "MultiPolygon", "coordinates": [ [ [ [ 115.242730077531064, -8.486376107371427 ], [ 115.242671924669594, -8.486408199678635 ], [ 115.242611725850566, -8.486300078685645 ], [ 115.242669879611299, -8.486267987277756 ], [ 115.242730077531064, -8.486376107371427 ] ] ] ] } },
{ "type": "Feature", "properties": { "latitude": -8.38863162, "longitude": 0.0, "area_in_me": 2.0, "confidence": 9.0, "full_plus": "06P3QJ66C+GRXM", "layer": "2dd_buildings_001", "path": "file:///C:/Users/BPN/Downloads/Compressed/2dd_buildings.csv/2dd_buildings_split/2dd_buildings_001.csv?type=csv&maxFields=10000&detectTypes=yes&wktField=geometry&crs=EPSG:4326&spatialIndex=no&subsetIndex=no&watchFile=no", "Shape_Leng": 0.00021198377, "Shape_Area": 2.5e-09 }, "geometry": { "type": "MultiPolygon", "coordinates": [ [ [ [ 115.24533840284505, -8.487155469749098 ], [ 115.245335954890493, -8.487084964699307 ], [ 115.245371378286563, -8.487083746117946 ], [ 115.245373826241121, -8.487154251167738 ], [ 115.24533840284505, -8.487155469749098 ] ] ] ] } },
{ "type": "Feature", "properties": { "latitude": -8.27875149, "longitude": 9.0, "area_in_me": 4.0, "confidence": 2.0, "full_plus": "06P3QP2CQ+FQWR", "layer": "2dd_buildings_001", "path": "file:///C:/Users/BPN/Downloads/Compressed/2dd_buildings.csv/2dd_buildings_split/2dd_buildings_001.csv?type=csv&maxFields=10000&detectTypes=yes&wktField=geometry&crs=EPSG:4326&spatialIndex=no&subsetIndex=no&watchFile=no", "Shape_Leng": 0.00025914559, "Shape_Area": 3.84e-09 }, "geometry": { "type": "MultiPolygon", "coordinates": [ [ [ [ 115.246019898299778, -8.491662111017547 ], [ 115.246002115105625, -8.49174399608853 ], [ 115.245957361243313, -8.491734362550744 ], [ 115.245975144437466, -8.491652477479818 ], [ 115.246019898299778, -8.491662111017547 ] ] ] ] } },
{ "type": "Feature", "properties": { "latitude": -8.20648569, "longitude": 9.0, "area_in_me": 6.0, "confidence": 2.0, "full_plus": "06P3QQ5V2+CJ4C", "layer": "2dd_buildings_001", "path": "file:///C:/Users/BPN/Downloads/Compressed/2dd_buildings.csv/2dd_buildings_split/2dd_buildings_001.csv?type=csv&maxFields=10000&detectTypes=yes&wktField=geometry&crs=EPSG:4326&spatialIndex=no&subsetIndex=no&watchFile=no", "Shape_Leng": 0.00037309479, "Shape_Area": 8.34e-09 }, "geometry": { "type": "MultiPolygon", "coordinates": [ [ [ [ 115.243506781512792, -8.485203961593527 ], [ 115.243482580756563, -8.485313576360397 ], [ 115.243410005467467, -8.485297695232418 ], [ 115.243434205324434, -8.485188080465491 ], [ 115.243506781512792, -8.485203961593527 ] ] ] ] } },
{ "type": "Feature", "properties": { "latitude": -8.46757892, "longitude": 9.0, "area_in_me": 8.0, "confidence": 1.0, "full_plus": "06P3QG5J7+XC9W", "layer": "2dd_buildings_001", "path": "file:///C:/Users/BPN/Downloads/Compressed/2dd_buildings.csv/2dd_buildings_split/2dd_buildings_001.csv?type=csv&maxFields=10000&detectTypes=yes&wktField=geometry&crs=EPSG:4326&spatialIndex=no&subsetIndex=no&watchFile=no", "Shape_Leng": 0.00018710574, "Shape_Area": 2.12e-09 }, "geometry": { "type": "MultiPolygon", "coordinates": [ [ [ [ 115.245984657466011, -8.49236768492068 ], [ 115.245972340351273, -8.492421473372247 ], [ 115.245950347430608, -8.49241648123558 ], [ 115.245934951936533, -8.492412987369448 ], [ 115.245947277145206, -8.492359166542258 ], [ 115.24596267263928, -8.492362660408389 ], [ 115.245962707712806, -8.492362668502324 ], [ 115.245984664660568, -8.492367652545056 ], [ 115.245984657466011, -8.49236768492068 ] ] ] ] } },
{ "type": "Feature", "properties": { "latitude": -8.1140871, "longitude": 3.0, "area_in_me": 1.0, "confidence": 8.0, "full_plus": "06P3QV3PW+986C", "layer": "2dd_buildings_001", "path": "file:///C:/Users/BPN/Downloads/Compressed/2dd_buildings.csv/2dd_buildings_split/2dd_buildings_001.csv?type=csv&maxFields=10000&detectTypes=yes&wktField=geometry&crs=EPSG:4326&spatialIndex=no&subsetIndex=no&watchFile=no", "Shape_Leng": 0.00076797722, "Shape_Area": 1.675e-08 }, "geometry": { "type": "MultiPolygon", "coordinates": [ [ [ [ 115.243181806095549, -8.48598250738678 ], [ 115.243198299661913, -8.486108999730504 ], [ 115.243339700067168, -8.486090700325519 ], [ 115.243347300237815, -8.486148700302238 ], [ 115.243178300538148, -8.486170499868649 ], [ 115.243174400178532, -8.486140500283796 ], [ 115.243147000533668, -8.486143999545902 ], [ 115.243131800192486, -8.486027499569389 ], [ 115.243159199837237, -8.486024000307339 ], [ 115.24315430033073, -8.485986100178309 ], [ 115.243181806095549, -8.48598250738678 ] ] ] ] } },
{ "type": "Feature", "properties": { "latitude": -8.12127862, "longitude": 0.0, "area_in_me": 9.0, "confidence": 8.0, "full_plus": "06P3QV3HW+FHMV", "layer": "2dd_buildings_001", "path": "file:///C:/Users/BPN/Downloads/Compressed/2dd_buildings.csv/2dd_buildings_split/2dd_buildings_001.csv?type=csv&maxFields=10000&detectTypes=yes&wktField=geometry&crs=EPSG:4326&spatialIndex=no&subsetIndex=no&watchFile=no", "Shape_Leng": 0.00021911623, "Shape_Area": 2.85e-09 }, "geometry": { "type": "MultiPolygon", "coordinates": [ [ [ [ 115.245866152001327, -8.491565418609127 ], [ 115.245856290935194, -8.491606648028323 ], [ 115.245790936302683, -8.491591155407434 ], [ 115.245800103092392, -8.491552828999829 ], [ 115.245800797368929, -8.491549925988238 ], [ 115.245861618518916, -8.491564343919265 ], [ 115.245866152001327, -8.491565418609127 ] ] ] ] } },
{ "type": "Feature", "properties": { "latitude": -8.51480781, "longitude": 2.0, "area_in_me": 1.0, "confidence": 0.0, "full_plus": "06P3QF2PM+33CQ", "layer": "2dd_buildings_001", "path": "file:///C:/Users/BPN/Downloads/Compressed/2dd_buildings.csv/2dd_buildings_split/2dd_buildings_001.csv?type=csv&maxFields=10000&detectTypes=yes&wktField=geometry&crs=EPSG:4326&spatialIndex=no&subsetIndex=no&watchFile=no", "Shape_Leng": 0.00034587819, "Shape_Area": 6.28e-09 }, "geometry": { "type": "MultiPolygon", "coordinates": [ [ [ [ 115.246301578555062, -8.488716038114603 ], [ 115.246180547794097, -8.488720328780119 ], [ 115.246180194360591, -8.488710440734224 ], [ 115.246178739257516, -8.488669778787198 ], [ 115.246178694291416, -8.48866852962891 ], [ 115.246299725052381, -8.488664238963395 ], [ 115.246301578555062, -8.488716038114603 ] ] ] ] } },
{ "type": "Feature", "properties": { "latitude": -8.5314899, "longitude": 0.0, "area_in_me": 9.0, "confidence": 8.0, "full_plus": "06P3QF89H+C75C", "layer": "2dd_buildings_001", "path": "file:///C:/Users/BPN/Downloads/Compressed/2dd_buildings.csv/2dd_buildings_split/2dd_buildings_001.csv?type=csv&maxFields=10000&detectTypes=yes&wktField=geometry&crs=EPSG:4326&spatialIndex=no&subsetIndex=no&watchFile=no", "Shape_Leng": 0.00017300428, "Shape_Area": 1.83e-09 }, "geometry": { "type": "MultiPolygon", "coordinates": [ [ [ [ 115.244119424871656, -8.48844092021227 ], [ 115.24411732405531, -8.488477936307675 ], [ 115.244067975556732, -8.488475160999826 ], [ 115.244070076372964, -8.488438144904421 ], [ 115.244119424871656, -8.48844092021227 ] ] ] ] } },
{ "type": "Feature", "properties": { "latitude": -8.81569076, "longitude": 3.0, "area_in_me": 2.0, "confidence": 3.0, "full_plus": "06P3Q56MF+PJC6", "layer": "2dd_buildings_001", "path": "file:///C:/Users/BPN/Downloads/Compressed/2dd_buildings.csv/2dd_buildings_split/2dd_buildings_001.csv?type=csv&maxFields=10000&detectTypes=yes&wktField=geometry&crs=EPSG:4326&spatialIndex=no&subsetIndex=no&watchFile=no", "Shape_Leng": 9.34907e-05, "Shape_Area": 5.4e-10 }, "geometry": { "type": "MultiPolygon", "coordinates": [ [ [ [ 115.246406626564635, -8.486664795144122 ], [ 115.246386257819609, -8.486665832062442 ], [ 115.246384906138587, -8.486639516100752 ], [ 115.246405273984237, -8.486638479182432 ], [ 115.246406626564635, -8.486664795144122 ] ] ] ] } },
{ "type": "Feature", "properties": { "latitude": -8.67392982, "longitude": 0.0, "area_in_me": 7.0, "confidence": 8.0, "full_plus": "06P3Q8HG4+CCGX", "layer": "2dd_buildings_001", "path": "file:///C:/Users/BPN/Downloads/Compressed/2dd_buildings.csv/2dd_buildings_split/2dd_buildings_001.csv?type=csv&maxFields=10000&detectTypes=yes&wktField=geometry&crs=EPSG:4326&spatialIndex=no&subsetIndex=no&watchFile=no", "Shape_Leng": 0.0001635832, "Shape_Area": 1.63e-09 }, "geometry": { "type": "MultiPolygon", "coordinates": [ [ [ [ 115.244932286995549, -8.48595673371625 ], [ 115.244922453808272, -8.485987282786823 ], [ 115.244889605171238, -8.485976802087691 ], [ 115.244889485561316, -8.485976764316149 ], [ 115.244889776941704, -8.485975858698851 ], [ 115.244903943062582, -8.485931848575888 ], [ 115.2449369122088, -8.485942366147242 ], [ 115.244932544201561, -8.485955936017604 ], [ 115.244932286995549, -8.48595673371625 ] ] ] ] } },
{ "type": "Feature", "properties": { "latitude": -8.62900457, "longitude": 9.0, "area_in_me": 7.0, "confidence": 0.0, "full_plus": "06P3Q97CM+9CWW", "layer": "2dd_buildings_001", "path": "file:///C:/Users/BPN/Downloads/Compressed/2dd_buildings.csv/2dd_buildings_split/2dd_buildings_001.csv?type=csv&maxFields=10000&detectTypes=yes&wktField=geometry&crs=EPSG:4326&spatialIndex=no&subsetIndex=no&watchFile=no", "Shape_Leng": 0.00026537029, "Shape_Area": 4.3e-09 }, "geometry": { "type": "MultiPolygon", "coordinates": [ [ [ [ 115.242079624874805, -8.485535288023073 ], [ 115.242063491037356, -8.485589025213301 ], [ 115.241990093767868, -8.485567183378748 ], [ 115.242003831811417, -8.48552142587306 ], [ 115.24200622760543, -8.48551344618852 ], [ 115.242013959076985, -8.485515746654357 ], [ 115.242079624874805, -8.485535288023073 ] ] ] ] } },
{ "type": "Feature", "properties": { "latitude": -8.39528456, "longitude": 0.0, "area_in_me": 1.0, "confidence": 8.0, "full_plus": "06P3QJF3J+VRJP", "layer": "2dd_buildings_001", "path": "file:///C:/Users/BPN/Downloads/Compressed/2dd_buildings.csv/2dd_buildings_split/2dd_buildings_001.csv?type=csv&maxFields=10000&detectTypes=yes&wktField=geometry&crs=EPSG:4326&spatialIndex=no&subsetIndex=no&watchFile=no", "Shape_Leng": 0.00044916308, "Shape_Area": 1.211e-08 }, "geometry": { "type": "MultiPolygon", "coordinates": [ [ [ [ 115.246709276312117, -8.487924739035407 ], [ 115.246709800616827, -8.487936421228824 ], [ 115.246575374453982, -8.487942397223833 ], [ 115.246571340994706, -8.487852465019216 ], [ 115.246705767157437, -8.487846489024207 ], [ 115.246709276312117, -8.487924739035407 ] ] ] ] } },
{ "type": "Feature", "properties": { "latitude": -8.49418964, "longitude": 0.0, "area_in_me": 4.0, "confidence": 0.0, "full_plus": "06P3QGC44+82HF", "layer": "2dd_buildings_001", "path": "file:///C:/Users/BPN/Downloads/Compressed/2dd_buildings.csv/2dd_buildings_split/2dd_buildings_001.csv?type=csv&maxFields=10000&detectTypes=yes&wktField=geometry&crs=EPSG:4326&spatialIndex=no&subsetIndex=no&watchFile=no", "Shape_Leng": 0.00022909967, "Shape_Area": 3.26e-09 }, "geometry": { "type": "MultiPolygon", "coordinates": [ [ [ [ 115.246152294692706, -8.48839951992187 ], [ 115.246091095827524, -8.488402151338164 ], [ 115.246088786368432, -8.488348906976455 ], [ 115.246149985233728, -8.488346275560104 ], [ 115.246152294692706, -8.48839951992187 ] ] ] ] } },
{ "type": "Feature", "properties": { "latitude": -8.11191851, "longitude": 2.0, "area_in_me": 8.0, "confidence": 9.0, "full_plus": "06P3QV4QG+6CJ7", "layer": "2dd_buildings_001", "path": "file:///C:/Users/BPN/Downloads/Compressed/2dd_buildings.csv/2dd_buildings_split/2dd_buildings_001.csv?type=csv&maxFields=10000&detectTypes=yes&wktField=geometry&crs=EPSG:4326&spatialIndex=no&subsetIndex=no&watchFile=no", "Shape_Leng": 0.0002782691, "Shape_Area": 4.78e-09 }, "geometry": { "type": "MultiPolygon", "coordinates": [ [ [ [ 115.244819348334318, -8.486297834877121 ], [ 115.244808209331495, -8.486374420243237 ], [ 115.244747097700497, -8.486365610484484 ], [ 115.244755502764292, -8.48630782364711 ], [ 115.244758236703319, -8.486289025118367 ], [ 115.244819348334318, -8.486297834877121 ] ] ] ] } },
{ "type": "Feature", "properties": { "latitude": -8.69461548, "longitude": 0.0, "area_in_me": 6.0, "confidence": 9.0, "full_plus": "06P3Q8644+5H47", "layer": "2dd_buildings_001", "path": "file:///C:/Users/BPN/Downloads/Compressed/2dd_buildings.csv/2dd_buildings_split/2dd_buildings_001.csv?type=csv&maxFields=10000&detectTypes=yes&wktField=geometry&crs=EPSG:4326&spatialIndex=no&subsetIndex=no&watchFile=no", "Shape_Leng": 0.00017483802, "Shape_Area": 1.89e-09 }, "geometry": { "type": "MultiPolygon", "coordinates": [ [ [ [ 115.245138429594931, -8.489700644668972 ], [ 115.245099881954047, -8.489709567742295 ], [ 115.245088999257973, -8.489662969370499 ], [ 115.24512754779812, -8.489654047196495 ], [ 115.245138429594931, -8.489700644668972 ] ] ] ] } },
{ "type": "Feature", "properties": { "latitude": -8.25101457, "longitude": 2.0, "area_in_me": 6.0, "confidence": 7.0, "full_plus": "06P3PPVXP+HXXG", "layer": "2dd_buildings_001", "path": "file:///C:/Users/BPN/Downloads/Compressed/2dd_buildings.csv/2dd_buildings_split/2dd_buildings_001.csv?type=csv&maxFields=10000&detectTypes=yes&wktField=geometry&crs=EPSG:4326&spatialIndex=no&subsetIndex=no&watchFile=no", "Shape_Leng": 0.00026124822, "Shape_Area": 4.21e-09 }, "geometry": { "type": "MultiPolygon", "coordinates": [ [ [ [ 115.242784430756956, -8.484986105324481 ], [ 115.242778179569427, -8.485043563009981 ], [ 115.242705771554142, -8.485035754196645 ], [ 115.242711795213268, -8.484980387434859 ], [ 115.242712022741671, -8.484978297410464 ], [ 115.242744960411642, -8.484981848833229 ], [ 115.242784430756956, -8.484986105324481 ] ] ] ] } },
{ "type": "Feature", "properties": { "latitude": -8.53610505, "longitude": 0.0, "area_in_me": 1.0, "confidence": 5.0, "full_plus": "06P3QF778+HQ2M", "layer": "2dd_buildings_001", "path": "file:///C:/Users/BPN/Downloads/Compressed/2dd_buildings.csv/2dd_buildings_split/2dd_buildings_001.csv?type=csv&maxFields=10000&detectTypes=yes&wktField=geometry&crs=EPSG:4326&spatialIndex=no&subsetIndex=no&watchFile=no", "Shape_Leng": 0.00020902859, "Shape_Area": 2.51e-09 }, "geometry": { "type": "MultiPolygon", "coordinates": [ [ [ [ 115.245819084183495, -8.488718756765138 ], [ 115.2457530937304, -8.488721066224173 ], [ 115.245751775324266, -8.488683719178255 ], [ 115.245817748690229, -8.48868141061854 ], [ 115.245818878238651, -8.488681371048415 ], [ 115.245820196644786, -8.488718718094333 ], [ 115.245819084183495, -8.488718756765138 ] ] ] ] } },
{ "type": "Feature", "properties": { "latitude": -8.45727087, "longitude": 0.0, "area_in_me": 4.0, "confidence": 0.0, "full_plus": "06P3QGFV2+3JV5", "layer": "2dd_buildings_001", "path": "file:///C:/Users/BPN/Downloads/Compressed/2dd_buildings.csv/2dd_buildings_split/2dd_buildings_001.csv?type=csv&maxFields=10000&detectTypes=yes&wktField=geometry&crs=EPSG:4326&spatialIndex=no&subsetIndex=no&watchFile=no", "Shape_Leng": 0.00015907402, "Shape_Area": 1.56e-09 }, "geometry": { "type": "MultiPolygon", "coordinates": [ [ [ [ 115.246621152644138, -8.489109839547439 ], [ 115.246617482510828, -8.489065236771239 ], [ 115.246652150476393, -8.489062409302676 ], [ 115.246655820609703, -8.489107012978195 ], [ 115.246621152644138, -8.489109839547439 ] ] ] ] } },
{ "type": "Feature", "properties": { "latitude": -8.44900124, "longitude": 9.0, "area_in_me": 5.0, "confidence": 2.0, "full_plus": "06P3QH92J+92VV", "layer": "2dd_buildings_001", "path": "file:///C:/Users/BPN/Downloads/Compressed/2dd_buildings.csv/2dd_buildings_split/2dd_buildings_001.csv?type=csv&maxFields=10000&detectTypes=yes&wktField=geometry&crs=EPSG:4326&spatialIndex=no&subsetIndex=no&watchFile=no", "Shape_Leng": 0.00025837078, "Shape_Area": 4.01e-09 }, "geometry": { "type": "MultiPolygon", "coordinates": [ [ [ [ 115.245849643146585, -8.491764640925396 ], [ 115.245838607565702, -8.491815457117582 ], [ 115.245763151748065, -8.491799218958761 ], [ 115.245768716752991, -8.491773598172983 ], [ 115.245774189127587, -8.491748399169239 ], [ 115.245775406809685, -8.491748661771283 ], [ 115.245798438447196, -8.491753618834423 ], [ 115.245849643146585, -8.491764640925396 ] ] ] ] } },
{ "type": "Feature", "properties": { "latitude": -8.63196411, "longitude": 0.0, "area_in_me": 0.0, "confidence": 3.0, "full_plus": "06P3Q969P+6F8C", "layer": "2dd_buildings_001", "path": "file:///C:/Users/BPN/Downloads/Compressed/2dd_buildings.csv/2dd_buildings_split/2dd_buildings_001.csv?type=csv&maxFields=10000&detectTypes=yes&wktField=geometry&crs=EPSG:4326&spatialIndex=no&subsetIndex=no&watchFile=no", "Shape_Leng": 0.00028985365, "Shape_Area": 3.05e-09 }, "geometry": { "type": "MultiPolygon", "coordinates": [ [ [ [ 115.247699199658427, -8.485928793578921 ], [ 115.247674810943863, -8.485936388353593 ], [ 115.247674783964158, -8.485936302018672 ], [ 115.247654913443512, -8.485873055397121 ], [ 115.247639028718254, -8.485822493713044 ], [ 115.247663416533555, -8.485814898938372 ], [ 115.247663670142288, -8.485815706529593 ], [ 115.247677686076372, -8.48586031650035 ], [ 115.247699199658427, -8.485928793578921 ] ] ] ] } },
{ "type": "Feature", "properties": { "latitude": -8.56539448, "longitude": 0.0, "area_in_me": 0.0, "confidence": 9.0, "full_plus": "06P3QC7MP+RJR9", "layer": "2dd_buildings_001", "path": "file:///C:/Users/BPN/Downloads/Compressed/2dd_buildings.csv/2dd_buildings_split/2dd_buildings_001.csv?type=csv&maxFields=10000&detectTypes=yes&wktField=geometry&crs=EPSG:4326&spatialIndex=no&subsetIndex=no&watchFile=no", "Shape_Leng": 0.00019540144, "Shape_Area": 2.39e-09 }, "geometry": { "type": "MultiPolygon", "coordinates": [ [ [ [ 115.241907370528793, -8.486800164695808 ], [ 115.241895521061565, -8.486848164211381 ], [ 115.241848643899857, -8.486836693358669 ], [ 115.241860493367085, -8.486788693843096 ], [ 115.241907370528793, -8.486800164695808 ] ] ] ] } },
{ "type": "Feature", "properties": { "latitude": -8.54685784, "longitude": 9.0, "area_in_me": 2.0, "confidence": 1.0, "full_plus": "06P3QF539+7H4M", "layer": "2dd_buildings_001", "path": "file:///C:/Users/BPN/Downloads/Compressed/2dd_buildings.csv/2dd_buildings_split/2dd_buildings_001.csv?type=csv&maxFields=10000&detectTypes=yes&wktField=geometry&crs=EPSG:4326&spatialIndex=no&subsetIndex=no&watchFile=no", "Shape_Leng": 0.00023988061, "Shape_Area": 2.37e-09 }, "geometry": { "type": "MultiPolygon", "coordinates": [ [ [ [ 115.246197513504512, -8.489570163831957 ], [ 115.246102986663573, -8.4895603270474 ], [ 115.246105587502939, -8.489535559718263 ], [ 115.246200113444502, -8.48954539650282 ], [ 115.246197513504512, -8.489570163831957 ] ] ] ] } },
{ "type": "Feature", "properties": { "latitude": -8.62229785, "longitude": 2.0, "area_in_me": 1.0, "confidence": 9.0, "full_plus": "06P3Q95HW+3MJ3", "layer": "2dd_buildings_001", "path": "file:///C:/Users/BPN/Downloads/Compressed/2dd_buildings.csv/2dd_buildings_split/2dd_buildings_001.csv?type=csv&maxFields=10000&detectTypes=yes&wktField=geometry&crs=EPSG:4326&spatialIndex=no&subsetIndex=no&watchFile=no", "Shape_Leng": 0.00022364952, "Shape_Area": 3.12e-09 }, "geometry": { "type": "MultiPolygon", "coordinates": [ [ [ [ 115.245486218114479, -8.487295710028945 ], [ 115.245481347386317, -8.487353246854809 ], [ 115.245427454613377, -8.487348725063555 ], [ 115.245432325341653, -8.487291188237691 ], [ 115.245486218114479, -8.487295710028945 ] ] ] ] } },
{ "type": "Feature", "properties": { "latitude": -8.60593253, "longitude": 0.0, "area_in_me": 4.0, "confidence": 9.0, "full_plus": "06P3Q96V7+J9GQ", "layer": "2dd_buildings_001", "path": "file:///C:/Users/BPN/Downloads/Compressed/2dd_buildings.csv/2dd_buildings_split/2dd_buildings_001.csv?type=csv&maxFields=10000&detectTypes=yes&wktField=geometry&crs=EPSG:4326&spatialIndex=no&subsetIndex=no&watchFile=no", "Shape_Leng": 0.0006606757, "Shape_Area": 1.65e-08 }, "geometry": { "type": "MultiPolygon", "coordinates": [ [ [ [ 115.245573500017031, -8.486766100175316 ], [ 115.245572800344576, -8.486780500119949 ], [ 115.245567138212891, -8.486780206041601 ], [ 115.245311100327058, -8.486766899672659 ], [ 115.24531185845558, -8.486752541096848 ], [ 115.24531451415362, -8.486702229424282 ], [ 115.245314699413939, -8.486698709477821 ], [ 115.245531302027985, -8.486709911433195 ], [ 115.245550400030993, -8.486710899788136 ], [ 115.245549982745615, -8.486718933431973 ], [ 115.245547600441455, -8.486764799755633 ], [ 115.245567613054959, -8.486765804298386 ], [ 115.245573500017031, -8.486766100175316 ] ] ] ] } },
{ "type": "Feature", "properties": { "latitude": -8.54489857, "longitude": 3.0, "area_in_me": 6.0, "confidence": 9.0, "full_plus": "06P3QF44C+2HW3", "layer": "2dd_buildings_001", "path": "file:///C:/Users/BPN/Downloads/Compressed/2dd_buildings.csv/2dd_buildings_split/2dd_buildings_001.csv?type=csv&maxFields=10000&detectTypes=yes&wktField=geometry&crs=EPSG:4326&spatialIndex=no&subsetIndex=no&watchFile=no", "Shape_Leng": 0.00043623973, "Shape_Area": 9.28e-09 }, "geometry": { "type": "MultiPolygon", "coordinates": [ [ [ [ 115.246610422832759, -8.487241148160422 ], [ 115.246611899519621, -8.487274074139179 ], [ 115.246459177549013, -8.48728086402059 ], [ 115.246456253853125, -8.487215682058036 ], [ 115.246482206488736, -8.487214528227867 ], [ 115.246542606755952, -8.487211843751538 ], [ 115.246559478037511, -8.487211093716951 ], [ 115.246587333638558, -8.4872098553505 ], [ 115.246588780647812, -8.487242110434977 ], [ 115.246610422832759, -8.487241148160422 ] ] ] ] } },
{ "type": "Feature", "properties": { "latitude": -8.69520964, "longitude": 0.0, "area_in_me": 3.0, "confidence": 5.0, "full_plus": "06P3Q8537+W86M", "layer": "2dd_buildings_001", "path": "file:///C:/Users/BPN/Downloads/Compressed/2dd_buildings.csv/2dd_buildings_split/2dd_buildings_001.csv?type=csv&maxFields=10000&detectTypes=yes&wktField=geometry&crs=EPSG:4326&spatialIndex=no&subsetIndex=no&watchFile=no", "Shape_Leng": 0.00033311073, "Shape_Area": 6.61e-09 }, "geometry": { "type": "MultiPolygon", "coordinates": [ [ [ [ 115.246443195696997, -8.487281574485053 ], [ 115.246341987792562, -8.4872860737932 ], [ 115.24633906409656, -8.487220891830646 ], [ 115.246440272000996, -8.487216392522441 ], [ 115.246443195696997, -8.487281574485053 ] ] ] ] } },
{ "type": "Feature", "properties": { "latitude": -8.29025096, "longitude": 0.0, "area_in_me": 6.0, "confidence": 0.0, "full_plus": "06P3PPG59+VGXW", "layer": "2dd_buildings_001", "path": "file:///C:/Users/BPN/Downloads/Compressed/2dd_buildings.csv/2dd_buildings_split/2dd_buildings_001.csv?type=csv&maxFields=10000&detectTypes=yes&wktField=geometry&crs=EPSG:4326&spatialIndex=no&subsetIndex=no&watchFile=no", "Shape_Leng": 0.00011904471, "Shape_Area": 8.8e-10 }, "geometry": { "type": "MultiPolygon", "coordinates": [ [ [ [ 115.246874468282158, -8.486640576401442 ], [ 115.246873883722856, -8.48664797782186 ], [ 115.246845332945782, -8.486645742107271 ], [ 115.246845866243802, -8.486638996292584 ], [ 115.246847762913944, -8.486614985293272 ], [ 115.24684776561196, -8.486614953817025 ], [ 115.246849149668606, -8.486615061735677 ], [ 115.246876315489658, -8.486617188632295 ], [ 115.246874468282158, -8.486640576401442 ] ] ] ] } },
{ "type": "Feature", "properties": { "latitude": -8.52403965, "longitude": 2.0, "area_in_me": 7.0, "confidence": 9.0, "full_plus": "06P3QF4GV+97MG", "layer": "2dd_buildings_001", "path": "file:///C:/Users/BPN/Downloads/Compressed/2dd_buildings.csv/2dd_buildings_split/2dd_buildings_001.csv?type=csv&maxFields=10000&detectTypes=yes&wktField=geometry&crs=EPSG:4326&spatialIndex=no&subsetIndex=no&watchFile=no", "Shape_Leng": 0.00010466922, "Shape_Area": 6.8e-10 }, "geometry": { "type": "MultiPolygon", "coordinates": [ [ [ [ 115.245061605009141, -8.486765213443789 ], [ 115.245059108491091, -8.486792419734343 ], [ 115.245034197270456, -8.486790154342088 ], [ 115.245036693788393, -8.486762948051592 ], [ 115.245061605009141, -8.486765213443789 ] ] ] ] } },
{ "type": "Feature", "properties": { "latitude": -8.5538304, "longitude": 2.0, "area_in_me": 9.0, "confidence": 3.0, "full_plus": "06P3QC5WC+FC7Q", "layer": "2dd_buildings_001", "path": "file:///C:/Users/BPN/Downloads/Compressed/2dd_buildings.csv/2dd_buildings_split/2dd_buildings_001.csv?type=csv&maxFields=10000&detectTypes=yes&wktField=geometry&crs=EPSG:4326&spatialIndex=no&subsetIndex=no&watchFile=no", "Shape_Leng": 0.00060536087, "Shape_Area": 1.55e-08 }, "geometry": { "type": "MultiPolygon", "coordinates": [ [ [ [ 115.246238916492871, -8.489815239881352 ], [ 115.246234737343343, -8.48985503847922 ], [ 115.246227245091404, -8.489926399683554 ], [ 115.246160835554178, -8.489919489292959 ], [ 115.246181808643655, -8.489719739074644 ], [ 115.246283093889701, -8.489730279129049 ], [ 115.246276870581141, -8.489789548948465 ], [ 115.246241994872207, -8.489785919284714 ], [ 115.246238916492871, -8.489815239881352 ] ] ] ] } },
{ "type": "Feature", "properties": { "latitude": -8.54171165, "longitude": 0.0, "area_in_me": 5.0, "confidence": 9.0, "full_plus": "06P3QF756+8X8C", "layer": "2dd_buildings_001", "path": "file:///C:/Users/BPN/Downloads/Compressed/2dd_buildings.csv/2dd_buildings_split/2dd_buildings_001.csv?type=csv&maxFields=10000&detectTypes=yes&wktField=geometry&crs=EPSG:4326&spatialIndex=no&subsetIndex=no&watchFile=no", "Shape_Leng": 0.0001324392, "Shape_Area": 1.08e-09 }, "geometry": { "type": "MultiPolygon", "coordinates": [ [ [ [ 115.245402392306573, -8.492078712962211 ], [ 115.245397715831928, -8.492115579770143 ], [ 115.245368885365792, -8.49211195550231 ], [ 115.245373561840438, -8.492075088694321 ], [ 115.245402392306573, -8.492078712962211 ] ] ] ] } },
{ "type": "Feature", "properties": { "latitude": -8.12561178, "longitude": 0.0, "area_in_me": 4.0, "confidence": 7.0, "full_plus": "06P3QV8FQ+Q62C", "layer": "2dd_buildings_001", "path": "file:///C:/Users/BPN/Downloads/Compressed/2dd_buildings.csv/2dd_buildings_split/2dd_buildings_001.csv?type=csv&maxFields=10000&detectTypes=yes&wktField=geometry&crs=EPSG:4326&spatialIndex=no&subsetIndex=no&watchFile=no", "Shape_Leng": 0.00047419341, "Shape_Area": 1.14e-08 }, "geometry": { "type": "MultiPolygon", "coordinates": [ [ [ [ 115.245947108972018, -8.489180436328013 ], [ 115.245948443565908, -8.489202264672713 ], [ 115.246004496510409, -8.489198867933339 ], [ 115.246034318928764, -8.489197061195398 ], [ 115.246034663369073, -8.489202699045279 ], [ 115.24603852595726, -8.489265890808156 ], [ 115.245892523721068, -8.489274736539812 ], [ 115.245886982098568, -8.489184079481618 ], [ 115.245947108972018, -8.489180436328013 ] ] ] ] } },
{ "type": "Feature", "properties": { "latitude": -8.27773214, "longitude": 9.0, "area_in_me": 8.0, "confidence": 5.0, "full_plus": "06P3QP7CP+WW4P", "layer": "2dd_buildings_001", "path": "file:///C:/Users/BPN/Downloads/Compressed/2dd_buildings.csv/2dd_buildings_split/2dd_buildings_001.csv?type=csv&maxFields=10000&detectTypes=yes&wktField=geometry&crs=EPSG:4326&spatialIndex=no&subsetIndex=no&watchFile=no", "Shape_Leng": 0.00042371926, "Shape_Area": 9.58e-09 }, "geometry": { "type": "MultiPolygon", "coordinates": [ [ [ [ 115.245551061932019, -8.490770012326152 ], [ 115.245527659773757, -8.490835397535534 ], [ 115.245458371506743, -8.490810819063995 ], [ 115.245452543000511, -8.490827103987613 ], [ 115.245403914858798, -8.490809853192104 ], [ 115.245409742465654, -8.490793569167863 ], [ 115.24543314462403, -8.490728183059161 ], [ 115.245551061932019, -8.490770012326152 ] ] ] ] } },
{ "type": "Feature", "properties": { "latitude": -8.56831245, "longitude": 2.0, "area_in_me": 2.0, "confidence": 8.0, "full_plus": "06P3QC7J4+M4FC", "layer": "2dd_buildings_001", "path": "file:///C:/Users/BPN/Downloads/Compressed/2dd_buildings.csv/2dd_buildings_split/2dd_buildings_001.csv?type=csv&maxFields=10000&detectTypes=yes&wktField=geometry&crs=EPSG:4326&spatialIndex=no&subsetIndex=no&watchFile=no", "Shape_Leng": 0.000252207, "Shape_Area": 3.96e-09 }, "geometry": { "type": "MultiPolygon", "coordinates": [ [ [ [ 115.24520589763415, -8.492343616364735 ], [ 115.245221222981172, -8.492287126349765 ], [ 115.245286476889419, -8.492304673022204 ], [ 115.245271150643134, -8.492361163037174 ], [ 115.24520589763415, -8.492343616364735 ] ] ] ] } },
{ "type": "Feature", "properties": { "latitude": -8.6920568, "longitude": 0.0, "area_in_me": 5.0, "confidence": 3.0, "full_plus": "06P3Q865Q+54GQ", "layer": "2dd_buildings_001", "path": "file:///C:/Users/BPN/Downloads/Compressed/2dd_buildings.csv/2dd_buildings_split/2dd_buildings_001.csv?type=csv&maxFields=10000&detectTypes=yes&wktField=geometry&crs=EPSG:4326&spatialIndex=no&subsetIndex=no&watchFile=no", "Shape_Leng": 0.00023643344, "Shape_Area": 3.42e-09 }, "geometry": { "type": "MultiPolygon", "coordinates": [ [ [ [ 115.245132984199927, -8.492263909451822 ], [ 115.245127243827255, -8.492314339834877 ], [ 115.245075180275421, -8.492308466362601 ], [ 115.245063125762726, -8.492307106587646 ], [ 115.24506020836202, -8.492306777435772 ], [ 115.245065948734577, -8.492256347052717 ], [ 115.245132984199927, -8.492263909451822 ] ] ] ] } },
{ "type": "Feature", "properties": { "latitude": -8.43258396, "longitude": 2.0, "area_in_me": 4.0, "confidence": 7.0, "full_plus": "06P3QH58X+X59P", "layer": "2dd_buildings_001", "path": "file:///C:/Users/BPN/Downloads/Compressed/2dd_buildings.csv/2dd_buildings_split/2dd_buildings_001.csv?type=csv&maxFields=10000&detectTypes=yes&wktField=geometry&crs=EPSG:4326&spatialIndex=no&subsetIndex=no&watchFile=no", "Shape_Leng": 0.00041978114, "Shape_Area": 9.49e-09 }, "geometry": { "type": "MultiPolygon", "coordinates": [ [ [ [ 115.245718986042448, -8.491789512575906 ], [ 115.245703463743894, -8.491859505012087 ], [ 115.245687811043695, -8.491930082007627 ], [ 115.245623442068222, -8.491915932973882 ], [ 115.245654617066975, -8.49177536354216 ], [ 115.245718986042448, -8.491789512575906 ] ] ] ] } },
{ "type": "Feature", "properties": { "latitude": -8.09912561, "longitude": 0.0, "area_in_me": 7.0, "confidence": 5.0, "full_plus": "06P3QW522+8XWR", "layer": "2dd_buildings_001", "path": "file:///C:/Users/BPN/Downloads/Compressed/2dd_buildings.csv/2dd_buildings_split/2dd_buildings_001.csv?type=csv&maxFields=10000&detectTypes=yes&wktField=geometry&crs=EPSG:4326&spatialIndex=no&subsetIndex=no&watchFile=no", "Shape_Leng": 0.00011425523, "Shape_Area": 8.1e-10 }, "geometry": { "type": "MultiPolygon", "coordinates": [ [ [ [ 115.24686276720297, -8.488340118801375 ], [ 115.24685972209852, -8.488366767512275 ], [ 115.246829609199153, -8.488363356383729 ], [ 115.246832654303603, -8.488336707672886 ], [ 115.24686276720297, -8.488340118801375 ] ] ] ] } },
{ "type": "Feature", "properties": { "latitude": -8.46911589, "longitude": 9.0, "area_in_me": 6.0, "confidence": 8.0, "full_plus": "06P3QG7JG+9F59", "layer": "2dd_buildings_001", "path": "file:///C:/Users/BPN/Downloads/Compressed/2dd_buildings.csv/2dd_buildings_split/2dd_buildings_001.csv?type=csv&maxFields=10000&detectTypes=yes&wktField=geometry&crs=EPSG:4326&spatialIndex=no&subsetIndex=no&watchFile=no", "Shape_Leng": 0.0002607495, "Shape_Area": 4.24e-09 }, "geometry": { "type": "MultiPolygon", "coordinates": [ [ [ [ 115.246060993719993, -8.486734265074233 ], [ 115.246062400259575, -8.486773025854404 ], [ 115.246000646512698, -8.486775246280558 ], [ 115.245998159887222, -8.486706710746034 ], [ 115.246059913634213, -8.486704489420617 ], [ 115.246060993719993, -8.486734265074233 ] ] ] ] } },
{ "type": "Feature", "properties": { "latitude": -8.4283083, "longitude": 9.0, "area_in_me": 0.0, "confidence": 0.0, "full_plus": "06P3QHMC8+MVGJ", "layer": "2dd_buildings_001", "path": "file:///C:/Users/BPN/Downloads/Compressed/2dd_buildings.csv/2dd_buildings_split/2dd_buildings_001.csv?type=csv&maxFields=10000&detectTypes=yes&wktField=geometry&crs=EPSG:4326&spatialIndex=no&subsetIndex=no&watchFile=no", "Shape_Leng": 0.00045098706, "Shape_Area": 9.8e-09 }, "geometry": { "type": "MultiPolygon", "coordinates": [ [ [ [ 115.24512959735307, -8.487430457249729 ], [ 115.245127896735085, -8.48737191498185 ], [ 115.245126683549643, -8.487330159459248 ], [ 115.245124757201893, -8.487263848847476 ], [ 115.245183548581963, -8.487262156323425 ], [ 115.245188387833878, -8.487428763826358 ], [ 115.24512959735307, -8.487430457249729 ] ] ] ] } },
{ "type": "Feature", "properties": { "latitude": -8.47377374, "longitude": 0.0, "area_in_me": 2.0, "confidence": 8.0, "full_plus": "06P3QG4GM+F8V5", "layer": "2dd_buildings_001", "path": "file:///C:/Users/BPN/Downloads/Compressed/2dd_buildings.csv/2dd_buildings_split/2dd_buildings_001.csv?type=csv&maxFields=10000&detectTypes=yes&wktField=geometry&crs=EPSG:4326&spatialIndex=no&subsetIndex=no&watchFile=no", "Shape_Leng": 0.00034449243, "Shape_Area": 7.18e-09 }, "geometry": { "type": "MultiPolygon", "coordinates": [ [ [ [ 115.247672572531314, -8.488825914584254 ], [ 115.247672111179099, -8.48892757844493 ], [ 115.24762480683944, -8.488927365305642 ], [ 115.24760153058628, -8.488927260984269 ], [ 115.247601560263888, -8.488920678846227 ], [ 115.247601991938495, -8.488825597123537 ], [ 115.247672572531314, -8.488825914584254 ] ] ] ] } },
{ "type": "Feature", "properties": { "latitude": -8.39466655, "longitude": 0.0, "area_in_me": 6.0, "confidence": 1.0, "full_plus": "06P3PJM44+44J9", "layer": "2dd_buildings_001", "path": "file:///C:/Users/BPN/Downloads/Compressed/2dd_buildings.csv/2dd_buildings_split/2dd_buildings_001.csv?type=csv&maxFields=10000&detectTypes=yes&wktField=geometry&crs=EPSG:4326&spatialIndex=no&subsetIndex=no&watchFile=no", "Shape_Leng": 0.00022608004, "Shape_Area": 3.17e-09 }, "geometry": { "type": "MultiPolygon", "coordinates": [ [ [ [ 115.246274195997444, -8.486386088047482 ], [ 115.24633588409381, -8.486385324523042 ], [ 115.246336525310426, -8.48643666771801 ], [ 115.24627483721406, -8.486437431242393 ], [ 115.246274195997444, -8.486386088047482 ] ] ] ] } },
{ "type": "Feature", "properties": { "latitude": -8.36215854, "longitude": 9.0, "area_in_me": 7.0, "confidence": 0.0, "full_plus": "06P3QJ4QV+47JJ", "layer": "2dd_buildings_001", "path": "file:///C:/Users/BPN/Downloads/Compressed/2dd_buildings.csv/2dd_buildings_split/2dd_buildings_001.csv?type=csv&maxFields=10000&detectTypes=yes&wktField=geometry&crs=EPSG:4326&spatialIndex=no&subsetIndex=no&watchFile=no", "Shape_Leng": 0.00022075465, "Shape_Area": 2.67e-09 }, "geometry": { "type": "MultiPolygon", "coordinates": [ [ [ [ 115.246050937500854, -8.486491300632963 ], [ 115.246047961644194, -8.486526974040601 ], [ 115.246027144137429, -8.486525252738204 ], [ 115.245974362926518, -8.4865208883283 ], [ 115.24597363537498, -8.486520828073708 ], [ 115.245976612131017, -8.486485153766807 ], [ 115.245977027617755, -8.486485187941014 ], [ 115.246030119994089, -8.486489579330566 ], [ 115.246050937500854, -8.486491300632963 ] ] ] ] } },
{ "type": "Feature", "properties": { "latitude": -8.54757664, "longitude": 3.0, "area_in_me": 5.0, "confidence": 9.0, "full_plus": "06P3QF32G+X67V", "layer": "2dd_buildings_001", "path": "file:///C:/Users/BPN/Downloads/Compressed/2dd_buildings.csv/2dd_buildings_split/2dd_buildings_001.csv?type=csv&maxFields=10000&detectTypes=yes&wktField=geometry&crs=EPSG:4326&spatialIndex=no&subsetIndex=no&watchFile=no", "Shape_Leng": 0.00040416395, "Shape_Area": 9.1e-09 }, "geometry": { "type": "MultiPolygon", "coordinates": [ [ [ [ 115.242195698572687, -8.486746387036078 ], [ 115.24221334147262, -8.486757555716565 ], [ 115.242142490183824, -8.486871226425933 ], [ 115.242084839144127, -8.486835609675609 ], [ 115.242156084335875, -8.486721307642199 ], [ 115.242195698572687, -8.486746387036078 ] ] ] ] } },
{ "type": "Feature", "properties": { "latitude": -8.25616132, "longitude": 0.0, "area_in_me": 1.0, "confidence": 0.0, "full_plus": "06P3QP7VW+G8QG", "layer": "2dd_buildings_001", "path": "file:///C:/Users/BPN/Downloads/Compressed/2dd_buildings.csv/2dd_buildings_split/2dd_buildings_001.csv?type=csv&maxFields=10000&detectTypes=yes&wktField=geometry&crs=EPSG:4326&spatialIndex=no&subsetIndex=no&watchFile=no", "Shape_Leng": 0.00033855497, "Shape_Area": 7.13e-09 }, "geometry": { "type": "MultiPolygon", "coordinates": [ [ [ [ 115.244498210324195, -8.488938497113907 ], [ 115.244419753468947, -8.488939410825083 ], [ 115.244418686873018, -8.488848601781513 ], [ 115.244497143728267, -8.48884768807028 ], [ 115.244498210324195, -8.488938497113907 ] ] ] ] } },
{ "type": "Feature", "properties": { "latitude": -8.60540648, "longitude": 9.0, "area_in_me": 8.0, "confidence": 1.0, "full_plus": "06P3Q94VR+RJJJ", "layer": "2dd_buildings_001", "path": "file:///C:/Users/BPN/Downloads/Compressed/2dd_buildings.csv/2dd_buildings_split/2dd_buildings_001.csv?type=csv&maxFields=10000&detectTypes=yes&wktField=geometry&crs=EPSG:4326&spatialIndex=no&subsetIndex=no&watchFile=no", "Shape_Leng": 9.488454e-05, "Shape_Area": 4.8e-10 }, "geometry": { "type": "MultiPolygon", "coordinates": [ [ [ [ 115.245778828730067, -8.487221980010304 ], [ 115.24574598009292, -8.48722311045816 ], [ 115.245745474673981, -8.4872085450383 ], [ 115.245778323311015, -8.487207414590443 ], [ 115.245778828730067, -8.487221980010304 ] ] ] ] } },
{ "type": "Feature", "properties": { "latitude": -8.43188463, "longitude": 3.0, "area_in_me": 2.0, "confidence": 9.0, "full_plus": "06P3PHV96+64WQ", "layer": "2dd_buildings_001", "path": "file:///C:/Users/BPN/Downloads/Compressed/2dd_buildings.csv/2dd_buildings_split/2dd_buildings_001.csv?type=csv&maxFields=10000&detectTypes=yes&wktField=geometry&crs=EPSG:4326&spatialIndex=no&subsetIndex=no&watchFile=no", "Shape_Leng": 0.00030581108, "Shape_Area": 5.84e-09 }, "geometry": { "type": "MultiPolygon", "coordinates": [ [ [ [ 115.242567081705488, -8.485007795173544 ], [ 115.242538928428871, -8.485077569973839 ], [ 115.24246681629063, -8.485048731413769 ], [ 115.242494968667984, -8.484978956613531 ], [ 115.242567081705488, -8.485007795173544 ] ] ] ] } },
{ "type": "Feature", "properties": { "latitude": -8.64926737, "longitude": 0.0, "area_in_me": 3.0, "confidence": 1.0, "full_plus": "06P3Q9528+7GR8", "layer": "2dd_buildings_001", "path": "file:///C:/Users/BPN/Downloads/Compressed/2dd_buildings.csv/2dd_buildings_split/2dd_buildings_001.csv?type=csv&maxFields=10000&detectTypes=yes&wktField=geometry&crs=EPSG:4326&spatialIndex=no&subsetIndex=no&watchFile=no", "Shape_Leng": 0.00020188379, "Shape_Area": 2.48e-09 }, "geometry": { "type": "MultiPolygon", "coordinates": [ [ [ [ 115.245506056259501, -8.489005717839575 ], [ 115.245463912229866, -8.489006175594454 ], [ 115.245463266516595, -8.488947384214384 ], [ 115.245505410546343, -8.488946925560128 ], [ 115.245506056259501, -8.489005717839575 ] ] ] ] } },
{ "type": "Feature", "properties": { "latitude": -8.46221281, "longitude": 0.0, "area_in_me": 9.0, "confidence": 9.0, "full_plus": "06P3QG3Q3+446G", "layer": "2dd_buildings_001", "path": "file:///C:/Users/BPN/Downloads/Compressed/2dd_buildings.csv/2dd_buildings_split/2dd_buildings_001.csv?type=csv&maxFields=10000&detectTypes=yes&wktField=geometry&crs=EPSG:4326&spatialIndex=no&subsetIndex=no&watchFile=no", "Shape_Leng": 0.00023682078, "Shape_Area": 3.2e-09 }, "geometry": { "type": "MultiPolygon", "coordinates": [ [ [ [ 115.244855660260555, -8.490614483571505 ], [ 115.244849723835728, -8.490690970911544 ], [ 115.244808154472821, -8.490687773821662 ], [ 115.244814089998272, -8.490611285582304 ], [ 115.244855660260555, -8.490614483571505 ] ] ] ] } },
{ "type": "Feature", "properties": { "latitude": -8.27644605, "longitude": 2.0, "area_in_me": 5.0, "confidence": 9.0, "full_plus": "06P3QP8F6+CCG5", "layer": "2dd_buildings_001", "path": "file:///C:/Users/BPN/Downloads/Compressed/2dd_buildings.csv/2dd_buildings_split/2dd_buildings_001.csv?type=csv&maxFields=10000&detectTypes=yes&wktField=geometry&crs=EPSG:4326&spatialIndex=no&subsetIndex=no&watchFile=no", "Shape_Leng": 0.00034101175, "Shape_Area": 7.27e-09 }, "geometry": { "type": "MultiPolygon", "coordinates": [ [ [ [ 115.243453390561626, -8.485611578411579 ], [ 115.243441254210552, -8.485551052239202 ], [ 115.243436784580012, -8.485528758945009 ], [ 115.24352117246417, -8.485511988387486 ], [ 115.243537777546408, -8.485594808753376 ], [ 115.243453390561626, -8.485611578411579 ] ] ] ] } },
{ "type": "Feature", "properties": { "latitude": -8.36193413, "longitude": 0.0, "area_in_me": 6.0, "confidence": 2.0, "full_plus": "06P3QJJQF+67HP", "layer": "2dd_buildings_001", "path": "file:///C:/Users/BPN/Downloads/Compressed/2dd_buildings.csv/2dd_buildings_split/2dd_buildings_001.csv?type=csv&maxFields=10000&detectTypes=yes&wktField=geometry&crs=EPSG:4326&spatialIndex=no&subsetIndex=no&watchFile=no", "Shape_Leng": 0.00030062191, "Shape_Area": 4.61e-09 }, "geometry": { "type": "MultiPolygon", "coordinates": [ [ [ [ 115.24577885391102, -8.485930481606374 ], [ 115.245781877431796, -8.485887717943797 ], [ 115.245889055035946, -8.485895229980827 ], [ 115.24588603151517, -8.485937993643461 ], [ 115.24577885391102, -8.485930481606374 ] ] ] ] } },
{ "type": "Feature", "properties": { "latitude": -8.65164799, "longitude": 3.0, "area_in_me": 9.0, "confidence": 0.0, "full_plus": "06P3Q85XR+8QX4", "layer": "2dd_buildings_001", "path": "file:///C:/Users/BPN/Downloads/Compressed/2dd_buildings.csv/2dd_buildings_split/2dd_buildings_001.csv?type=csv&maxFields=10000&detectTypes=yes&wktField=geometry&crs=EPSG:4326&spatialIndex=no&subsetIndex=no&watchFile=no", "Shape_Leng": 0.00020065267, "Shape_Area": 2.49e-09 }, "geometry": { "type": "MultiPolygon", "coordinates": [ [ [ [ 115.24535246824189, -8.492143564873572 ], [ 115.245352389101527, -8.492143876938314 ], [ 115.24530448401481, -8.4921318664924 ], [ 115.245298320061465, -8.492130321457125 ], [ 115.245307547105654, -8.492093840458324 ], [ 115.245309252220295, -8.492087099140292 ], [ 115.24535628676324, -8.492098891050944 ], [ 115.245363322159619, -8.492100654621481 ], [ 115.24535246824189, -8.492143564873572 ] ] ] ] } },
{ "type": "Feature", "properties": { "latitude": -8.29025096, "longitude": 0.0, "area_in_me": 6.0, "confidence": 0.0, "full_plus": "06P3PPG59+VGXW", "layer": "2dd_buildings_001", "path": "file:///C:/Users/BPN/Downloads/Compressed/2dd_buildings.csv/2dd_buildings_split/2dd_buildings_001.csv?type=csv&maxFields=10000&detectTypes=yes&wktField=geometry&crs=EPSG:4326&spatialIndex=no&subsetIndex=no&watchFile=no", "Shape_Leng": 0.00019979073, "Shape_Area": 2.4e-09 }, "geometry": { "type": "MultiPolygon", "coordinates": [ [ [ [ 115.245404750329044, -8.488178722869691 ], [ 115.245400760936377, -8.488178857768048 ], [ 115.24540054599845, -8.488172547225247 ], [ 115.245399386772306, -8.488138437738655 ], [ 115.245458804080613, -8.488136434049125 ], [ 115.245460179144061, -8.488176854977837 ], [ 115.245404750329044, -8.488178722869691 ] ] ] ] } },
{ "type": "Feature", "properties": { "latitude": -8.32454709, "longitude": 9.0, "area_in_me": 5.0, "confidence": 0.0, "full_plus": "06P3QM2GJ+5GP5", "layer": "2dd_buildings_001", "path": "file:///C:/Users/BPN/Downloads/Compressed/2dd_buildings.csv/2dd_buildings_split/2dd_buildings_001.csv?type=csv&maxFields=10000&detectTypes=yes&wktField=geometry&crs=EPSG:4326&spatialIndex=no&subsetIndex=no&watchFile=no", "Shape_Leng": 0.00038544698, "Shape_Area": 8.44e-09 }, "geometry": { "type": "MultiPolygon", "coordinates": [ [ [ [ 115.247000228577804, -8.486353419274849 ], [ 115.246933055516138, -8.486357918583053 ], [ 115.246924600989587, -8.486232804000679 ], [ 115.246991774051139, -8.486228304692474 ], [ 115.247000228577804, -8.486353419274849 ] ] ] ] } },
{ "type": "Feature", "properties": { "latitude": -8.39442306, "longitude": 9.0, "area_in_me": 4.0, "confidence": 0.0, "full_plus": "06P3QJ64C+6PM5", "layer": "2dd_buildings_001", "path": "file:///C:/Users/BPN/Downloads/Compressed/2dd_buildings.csv/2dd_buildings_split/2dd_buildings_001.csv?type=csv&maxFields=10000&detectTypes=yes&wktField=geometry&crs=EPSG:4326&spatialIndex=no&subsetIndex=no&watchFile=no", "Shape_Leng": 0.00024327816, "Shape_Area": 3.66e-09 }, "geometry": { "type": "MultiPolygon", "coordinates": [ [ [ [ 115.244622826682189, -8.488436841786779 ], [ 115.244619777980461, -8.488504035532742 ], [ 115.24456545623093, -8.488501592074783 ], [ 115.244568504932658, -8.488434399228083 ], [ 115.244576601529047, -8.48843476345354 ], [ 115.244598535993646, -8.488435750009785 ], [ 115.244622826682189, -8.488436841786779 ] ] ] ] } },
{ "type": "Feature", "properties": { "latitude": -8.51432976, "longitude": 3.0, "area_in_me": 0.0, "confidence": 0.0, "full_plus": "06P3QF4P5+776V", "layer": "2dd_buildings_001", "path": "file:///C:/Users/BPN/Downloads/Compressed/2dd_buildings.csv/2dd_buildings_split/2dd_buildings_001.csv?type=csv&maxFields=10000&detectTypes=yes&wktField=geometry&crs=EPSG:4326&spatialIndex=no&subsetIndex=no&watchFile=no", "Shape_Leng": 0.00019028956, "Shape_Area": 2.13e-09 }, "geometry": { "type": "MultiPolygon", "coordinates": [ [ [ [ 115.245988620778235, -8.491377892875391 ], [ 115.245983433488732, -8.49141374434879 ], [ 115.245925110655435, -8.491405380653759 ], [ 115.245930297944938, -8.491369528281041 ], [ 115.245988620778235, -8.491377892875391 ] ] ] ] } },
{ "type": "Feature", "properties": { "latitude": -8.42642625, "longitude": 0.0, "area_in_me": 3.0, "confidence": 0.0, "full_plus": "06P3QH7F4+C9FW", "layer": "2dd_buildings_001", "path": "file:///C:/Users/BPN/Downloads/Compressed/2dd_buildings.csv/2dd_buildings_split/2dd_buildings_001.csv?type=csv&maxFields=10000&detectTypes=yes&wktField=geometry&crs=EPSG:4326&spatialIndex=no&subsetIndex=no&watchFile=no", "Shape_Leng": 0.00018648318, "Shape_Area": 2.15e-09 }, "geometry": { "type": "MultiPolygon", "coordinates": [ [ [ [ 115.245432046551741, -8.487484752019668 ], [ 115.245390317109468, -8.487485953513897 ], [ 115.245388821536949, -8.487434480816603 ], [ 115.245430551878485, -8.487433279322318 ], [ 115.245432046551741, -8.487484752019668 ] ] ] ] } },
{ "type": "Feature", "properties": { "latitude": -8.59652657, "longitude": 0.0, "area_in_me": 8.0, "confidence": 1.0, "full_plus": "06P3QC73J+9FMR", "layer": "2dd_buildings_001", "path": "file:///C:/Users/BPN/Downloads/Compressed/2dd_buildings.csv/2dd_buildings_split/2dd_buildings_001.csv?type=csv&maxFields=10000&detectTypes=yes&wktField=geometry&crs=EPSG:4326&spatialIndex=no&subsetIndex=no&watchFile=no", "Shape_Leng": 0.00018157554, "Shape_Area": 2.05e-09 }, "geometry": { "type": "MultiPolygon", "coordinates": [ [ [ [ 115.245883285885043, -8.487562425565443 ], [ 115.245841614898723, -8.487564586636324 ], [ 115.245839924173197, -8.487532275793853 ], [ 115.245839800066733, -8.487529911476202 ], [ 115.245839050931522, -8.487515592470572 ], [ 115.245839789274896, -8.48751555379971 ], [ 115.245880721018466, -8.487513431399691 ], [ 115.245883285885043, -8.487562425565443 ] ] ] ] } },
{ "type": "Feature", "properties": { "latitude": -8.20001064, "longitude": 0.0, "area_in_me": 9.0, "confidence": 5.0, "full_plus": "06P3PQWXP+XPWC", "layer": "2dd_buildings_001", "path": "file:///C:/Users/BPN/Downloads/Compressed/2dd_buildings.csv/2dd_buildings_split/2dd_buildings_001.csv?type=csv&maxFields=10000&detectTypes=yes&wktField=geometry&crs=EPSG:4326&spatialIndex=no&subsetIndex=no&watchFile=no", "Shape_Leng": 0.00037858121, "Shape_Area": 8.96e-09 }, "geometry": { "type": "MultiPolygon", "coordinates": [ [ [ [ 115.243952692362882, -8.486024394210403 ], [ 115.243865936563793, -8.486039519907877 ], [ 115.243849470876398, -8.485945915771367 ], [ 115.243942319582402, -8.485929727974508 ], [ 115.243953092561242, -8.485990970007208 ], [ 115.243958785269797, -8.486023332111017 ], [ 115.243952692362882, -8.486024394210403 ] ] ] ] } },
{ "type": "Feature", "properties": { "latitude": -8.68568758, "longitude": 0.0, "area_in_me": 6.0, "confidence": 8.0, "full_plus": "06P3Q8772+P9CF", "layer": "2dd_buildings_001", "path": "file:///C:/Users/BPN/Downloads/Compressed/2dd_buildings.csv/2dd_buildings_split/2dd_buildings_001.csv?type=csv&maxFields=10000&detectTypes=yes&wktField=geometry&crs=EPSG:4326&spatialIndex=no&subsetIndex=no&watchFile=no", "Shape_Leng": 0.00028215176, "Shape_Area": 4.97e-09 }, "geometry": { "type": "MultiPolygon", "coordinates": [ [ [ [ 115.245361653917257, -8.492332178786967 ], [ 115.245344012815963, -8.492399604558045 ], [ 115.245274917903203, -8.492381687364912 ], [ 115.245290149720745, -8.492323466154971 ], [ 115.24529255810512, -8.492314261593833 ], [ 115.245323823935337, -8.492322368982116 ], [ 115.245361653917257, -8.492332178786967 ] ] ] ] } },
{ "type": "Feature", "properties": { "latitude": -8.49933907, "longitude": 0.0, "area_in_me": 8.0, "confidence": 2.0, "full_plus": "06P3QG929+786H", "layer": "2dd_buildings_001", "path": "file:///C:/Users/BPN/Downloads/Compressed/2dd_buildings.csv/2dd_buildings_split/2dd_buildings_001.csv?type=csv&maxFields=10000&detectTypes=yes&wktField=geometry&crs=EPSG:4326&spatialIndex=no&subsetIndex=no&watchFile=no", "Shape_Leng": 0.00046500323, "Shape_Area": 6.83e-09 }, "geometry": { "type": "MultiPolygon", "coordinates": [ [ [ [ 115.246598682183503, -8.48898257468602 ], [ 115.246534367167328, -8.488983744704001 ], [ 115.246533734044647, -8.488949283582542 ], [ 115.246598049060822, -8.488948113564561 ], [ 115.246731736880179, -8.488945682697079 ], [ 115.24673188077179, -8.488953514892728 ], [ 115.246732369103597, -8.488980142919218 ], [ 115.246727978613421, -8.488980222958901 ], [ 115.246598682183503, -8.48898257468602 ] ] ] ] } },
{ "type": "Feature", "properties": { "latitude": -8.70257644, "longitude": 0.0, "area_in_me": 3.0, "confidence": 5.0, "full_plus": "06P3Q77W6+X46R", "layer": "2dd_buildings_001", "path": "file:///C:/Users/BPN/Downloads/Compressed/2dd_buildings.csv/2dd_buildings_split/2dd_buildings_001.csv?type=csv&maxFields=10000&detectTypes=yes&wktField=geometry&crs=EPSG:4326&spatialIndex=no&subsetIndex=no&watchFile=no", "Shape_Leng": 0.00036035526, "Shape_Area": 7.81e-09 }, "geometry": { "type": "MultiPolygon", "coordinates": [ [ [ [ 115.246881257264249, -8.486616836098051 ], [ 115.246882499228036, -8.48659455449507 ], [ 115.246885297018935, -8.486544371425566 ], [ 115.246992732728472, -8.486550306951074 ], [ 115.246988693873163, -8.486622772522878 ], [ 115.246881257264249, -8.486616836098051 ] ] ] ] } },
{ "type": "Feature", "properties": { "latitude": -8.59396664, "longitude": 0.0, "area_in_me": 6.0, "confidence": 8.0, "full_plus": "06P3QC44X+C598", "layer": "2dd_buildings_001", "path": "file:///C:/Users/BPN/Downloads/Compressed/2dd_buildings.csv/2dd_buildings_split/2dd_buildings_001.csv?type=csv&maxFields=10000&detectTypes=yes&wktField=geometry&crs=EPSG:4326&spatialIndex=no&subsetIndex=no&watchFile=no", "Shape_Leng": 0.00042025776, "Shape_Area": 1.067e-08 }, "geometry": { "type": "MultiPolygon", "coordinates": [ [ [ [ 115.243087303536299, -8.485814238835985 ], [ 115.24304253888215, -8.485820663592676 ], [ 115.243002290623281, -8.485826440837513 ], [ 115.242984484046815, -8.485703479232143 ], [ 115.243069496959833, -8.485691276331295 ], [ 115.243087303536299, -8.485814238835985 ] ] ] ] } },
{ "type": "Feature", "properties": { "latitude": -8.70187609, "longitude": 3.0, "area_in_me": 4.0, "confidence": 3.0, "full_plus": "06P3Q75X9+65RX", "layer": "2dd_buildings_001", "path": "file:///C:/Users/BPN/Downloads/Compressed/2dd_buildings.csv/2dd_buildings_split/2dd_buildings_001.csv?type=csv&maxFields=10000&detectTypes=yes&wktField=geometry&crs=EPSG:4326&spatialIndex=no&subsetIndex=no&watchFile=no", "Shape_Leng": 0.00030311781, "Shape_Area": 4.87e-09 }, "geometry": { "type": "MultiPolygon", "coordinates": [ [ [ [ 115.245649619534333, -8.488636053311154 ], [ 115.245642788284158, -8.488741122904457 ], [ 115.245596616190937, -8.488738147047798 ], [ 115.245603448340489, -8.488633077454494 ], [ 115.245649619534333, -8.488636053311154 ] ] ] ] } },
{ "type": "Feature", "properties": { "latitude": -8.43322599, "longitude": 0.0, "area_in_me": 7.0, "confidence": 0.0, "full_plus": "06P3QHJ87+P42X", "layer": "2dd_buildings_001", "path": "file:///C:/Users/BPN/Downloads/Compressed/2dd_buildings.csv/2dd_buildings_split/2dd_buildings_001.csv?type=csv&maxFields=10000&detectTypes=yes&wktField=geometry&crs=EPSG:4326&spatialIndex=no&subsetIndex=no&watchFile=no", "Shape_Leng": 0.00038506964, "Shape_Area": 7.75e-09 }, "geometry": { "type": "MultiPolygon", "coordinates": [ [ [ [ 115.245440900377275, -8.491996399813956 ], [ 115.245429100372689, -8.492052499523197 ], [ 115.245296700382482, -8.492024799504861 ], [ 115.245308500387068, -8.491968799620338 ], [ 115.245440900377275, -8.491996399813956 ] ] ] ] } },
{ "type": "Feature", "properties": { "latitude": -8.68791759, "longitude": 0.0, "area_in_me": 7.0, "confidence": 7.0, "full_plus": "06P3Q8C6J+R3J9", "layer": "2dd_buildings_001", "path": "file:///C:/Users/BPN/Downloads/Compressed/2dd_buildings.csv/2dd_buildings_split/2dd_buildings_001.csv?type=csv&maxFields=10000&detectTypes=yes&wktField=geometry&crs=EPSG:4326&spatialIndex=no&subsetIndex=no&watchFile=no", "Shape_Leng": 0.00040718821, "Shape_Area": 9.71e-09 }, "geometry": { "type": "MultiPolygon", "coordinates": [ [ [ [ 115.247015791345802, -8.488695416660107 ], [ 115.246888467129111, -8.488696317780807 ], [ 115.246887923039253, -8.48862005257331 ], [ 115.247014313759678, -8.488619157747905 ], [ 115.247015246356568, -8.48861915145261 ], [ 115.247015418127148, -8.488643130076355 ], [ 115.247015791345802, -8.488695416660107 ] ] ] ] } },
{ "type": "Feature", "properties": { "latitude": -8.61920072, "longitude": 0.0, "area_in_me": 6.0, "confidence": 0.0, "full_plus": "06P3Q96JX+868W", "layer": "2dd_buildings_001", "path": "file:///C:/Users/BPN/Downloads/Compressed/2dd_buildings.csv/2dd_buildings_split/2dd_buildings_001.csv?type=csv&maxFields=10000&detectTypes=yes&wktField=geometry&crs=EPSG:4326&spatialIndex=no&subsetIndex=no&watchFile=no", "Shape_Leng": 0.00027057065, "Shape_Area": 4.46e-09 }, "geometry": { "type": "MultiPolygon", "coordinates": [ [ [ [ 115.242079482781946, -8.486303333332103 ], [ 115.242061372234616, -8.486379407883305 ], [ 115.242005813017954, -8.486366297566519 ], [ 115.242023924464547, -8.486290223015317 ], [ 115.242079482781946, -8.486303333332103 ] ] ] ] } },
{ "type": "Feature", "properties": { "latitude": -8.64883974, "longitude": 0.0, "area_in_me": 7.0, "confidence": 5.0, "full_plus": "06P3Q952J+FG8F", "layer": "2dd_buildings_001", "path": "file:///C:/Users/BPN/Downloads/Compressed/2dd_buildings.csv/2dd_buildings_split/2dd_buildings_001.csv?type=csv&maxFields=10000&detectTypes=yes&wktField=geometry&crs=EPSG:4326&spatialIndex=no&subsetIndex=no&watchFile=no", "Shape_Leng": 0.00013103616, "Shape_Area": 1.01e-09 }, "geometry": { "type": "MultiPolygon", "coordinates": [ [ [ [ 115.242913264935282, -8.485670151256443 ], [ 115.242913211875248, -8.485681837946402 ], [ 115.242872460895455, -8.485681654484722 ], [ 115.242872573310706, -8.485656888054905 ], [ 115.242901139376158, -8.485657016657967 ], [ 115.242913324290498, -8.485657071516584 ], [ 115.242913264935282, -8.485670151256443 ] ] ] ] } },
{ "type": "Feature", "properties": { "latitude": -8.43270098, "longitude": 0.0, "area_in_me": 5.0, "confidence": 8.0, "full_plus": "06P3QH58X+WG6W", "layer": "2dd_buildings_001", "path": "file:///C:/Users/BPN/Downloads/Compressed/2dd_buildings.csv/2dd_buildings_split/2dd_buildings_001.csv?type=csv&maxFields=10000&detectTypes=yes&wktField=geometry&crs=EPSG:4326&spatialIndex=no&subsetIndex=no&watchFile=no", "Shape_Leng": 0.00031841369, "Shape_Area": 6.14e-09 }, "geometry": { "type": "MultiPolygon", "coordinates": [ [ [ [ 115.243033082510806, -8.48506714862998 ], [ 115.243030804528075, -8.485075013201254 ], [ 115.243000116062603, -8.485066200744541 ], [ 115.242940841746531, -8.485049181074828 ], [ 115.242959097084736, -8.484986163780377 ], [ 115.243049060765657, -8.485011995906859 ], [ 115.243033082510806, -8.48506714862998 ] ] ] ] } },
{ "type": "Feature", "properties": { "latitude": -8.47087656, "longitude": 2.0, "area_in_me": 4.0, "confidence": 8.0, "full_plus": "06P3QGJH8+JCVX", "layer": "2dd_buildings_001", "path": "file:///C:/Users/BPN/Downloads/Compressed/2dd_buildings.csv/2dd_buildings_split/2dd_buildings_001.csv?type=csv&maxFields=10000&detectTypes=yes&wktField=geometry&crs=EPSG:4326&spatialIndex=no&subsetIndex=no&watchFile=no", "Shape_Leng": 0.00012332308, "Shape_Area": 8.9e-10 }, "geometry": { "type": "MultiPolygon", "coordinates": [ [ [ [ 115.244267603467165, -8.488981223904318 ], [ 115.244231723215535, -8.488967267325506 ], [ 115.24424018403738, -8.488945706079448 ], [ 115.244276065188274, -8.48895966265826 ], [ 115.244267603467165, -8.488981223904318 ] ] ] ] } },
{ "type": "Feature", "properties": { "latitude": -8.65160659, "longitude": 0.0, "area_in_me": 1.0, "confidence": 0.0, "full_plus": "06P3Q85XF+985Q", "layer": "2dd_buildings_001", "path": "file:///C:/Users/BPN/Downloads/Compressed/2dd_buildings.csv/2dd_buildings_split/2dd_buildings_001.csv?type=csv&maxFields=10000&detectTypes=yes&wktField=geometry&crs=EPSG:4326&spatialIndex=no&subsetIndex=no&watchFile=no", "Shape_Leng": 0.00019491245, "Shape_Area": 2.36e-09 }, "geometry": { "type": "MultiPolygon", "coordinates": [ [ [ [ 115.245996783924511, -8.491290721589507 ], [ 115.245982571038894, -8.491333771236498 ], [ 115.245958085197572, -8.491325758277071 ], [ 115.24594027412445, -8.491319929770896 ], [ 115.245933034581981, -8.491317560956645 ], [ 115.245947248366861, -8.491274511309598 ], [ 115.245996783924511, -8.491290721589507 ] ] ] ] } },
{ "type": "Feature", "properties": { "latitude": -8.57371066, "longitude": 0.0, "area_in_me": 7.0, "confidence": 9.0, "full_plus": "06P3QC3GV+GW8F", "layer": "2dd_buildings_001", "path": "file:///C:/Users/BPN/Downloads/Compressed/2dd_buildings.csv/2dd_buildings_split/2dd_buildings_001.csv?type=csv&maxFields=10000&detectTypes=yes&wktField=geometry&crs=EPSG:4326&spatialIndex=no&subsetIndex=no&watchFile=no", "Shape_Leng": 0.00047499179, "Shape_Area": 1.066e-08 }, "geometry": { "type": "MultiPolygon", "coordinates": [ [ [ [ 115.246613771908073, -8.489452632333041 ], [ 115.246436440889056, -8.489453948041216 ], [ 115.246435991228054, -8.489393868831939 ], [ 115.24659023665015, -8.489392724894287 ], [ 115.246613480527799, -8.489392552224444 ], [ 115.24661348862162, -8.489394287916014 ], [ 115.246613771908073, -8.489452632333041 ] ] ] ] } },
{ "type": "Feature", "properties": { "latitude": -8.62052522, "longitude": 9.0, "area_in_me": 9.0, "confidence": 2.0, "full_plus": "06P3Q95HW+QRJV", "layer": "2dd_buildings_001", "path": "file:///C:/Users/BPN/Downloads/Compressed/2dd_buildings.csv/2dd_buildings_split/2dd_buildings_001.csv?type=csv&maxFields=10000&detectTypes=yes&wktField=geometry&crs=EPSG:4326&spatialIndex=no&subsetIndex=no&watchFile=no", "Shape_Leng": 0.00040334544, "Shape_Area": 1.011e-08 }, "geometry": { "type": "MultiPolygon", "coordinates": [ [ [ [ 115.247550529133719, -8.489154704026305 ], [ 115.247529304234035, -8.489245650666192 ], [ 115.247423807462837, -8.489221248461774 ], [ 115.247445032362407, -8.489130301821945 ], [ 115.247550529133719, -8.489154704026305 ] ] ] ] } },
{ "type": "Feature", "properties": { "latitude": -8.52051153, "longitude": 0.0, "area_in_me": 0.0, "confidence": 1.0, "full_plus": "06P3QF7H4+Q7WH", "layer": "2dd_buildings_001", "path": "file:///C:/Users/BPN/Downloads/Compressed/2dd_buildings.csv/2dd_buildings_split/2dd_buildings_001.csv?type=csv&maxFields=10000&detectTypes=yes&wktField=geometry&crs=EPSG:4326&spatialIndex=no&subsetIndex=no&watchFile=no", "Shape_Leng": 0.00017878975, "Shape_Area": 1.94e-09 }, "geometry": { "type": "MultiPolygon", "coordinates": [ [ [ [ 115.245005101504262, -8.486828462763299 ], [ 115.245004933331074, -8.486865522026164 ], [ 115.244952598183886, -8.48686528640377 ], [ 115.24495276725645, -8.486828227140904 ], [ 115.245005101504262, -8.486828462763299 ] ] ] ] } },
{ "type": "Feature", "properties": { "latitude": -8.41014499, "longitude": 9.0, "area_in_me": 5.0, "confidence": 9.0, "full_plus": "06P3QHJQ6+W4V7", "layer": "2dd_buildings_001", "path": "file:///C:/Users/BPN/Downloads/Compressed/2dd_buildings.csv/2dd_buildings_split/2dd_buildings_001.csv?type=csv&maxFields=10000&detectTypes=yes&wktField=geometry&crs=EPSG:4326&spatialIndex=no&subsetIndex=no&watchFile=no", "Shape_Leng": 0.00036677469, "Shape_Area": 7.58e-09 }, "geometry": { "type": "MultiPolygon", "coordinates": [ [ [ [ 115.246193872149547, -8.49138770088166 ], [ 115.246158796791065, -8.491502922022164 ], [ 115.246098534120165, -8.491484740428405 ], [ 115.246133609478534, -8.491369519287844 ], [ 115.246193872149547, -8.49138770088166 ] ] ] ] } },
{ "type": "Feature", "properties": { "latitude": -8.47885284, "longitude": 0.0, "area_in_me": 5.0, "confidence": 2.0, "full_plus": "06P3QG2C6+FX2R", "layer": "2dd_buildings_001", "path": "file:///C:/Users/BPN/Downloads/Compressed/2dd_buildings.csv/2dd_buildings_split/2dd_buildings_001.csv?type=csv&maxFields=10000&detectTypes=yes&wktField=geometry&crs=EPSG:4326&spatialIndex=no&subsetIndex=no&watchFile=no", "Shape_Leng": 0.00045748211, "Shape_Area": 1.01e-08 }, "geometry": { "type": "MultiPolygon", "coordinates": [ [ [ [ 115.246639024871115, -8.486849651690022 ], [ 115.24653746263391, -8.486853995415515 ], [ 115.246534886076233, -8.48679427683436 ], [ 115.246703698716829, -8.486787057976301 ], [ 115.246706269878473, -8.486846653350312 ], [ 115.246706275274391, -8.486846776557456 ], [ 115.246706219516454, -8.486846779255416 ], [ 115.24668464567992, -8.486847701060526 ], [ 115.246639024871115, -8.486849651690022 ] ] ] ] } },
{ "type": "Feature", "properties": { "latitude": -8.6873635, "longitude": 0.0, "area_in_me": 2.0, "confidence": 0.0, "full_plus": "06P3Q8774+3C5H", "layer": "2dd_buildings_001", "path": "file:///C:/Users/BPN/Downloads/Compressed/2dd_buildings.csv/2dd_buildings_split/2dd_buildings_001.csv?type=csv&maxFields=10000&detectTypes=yes&wktField=geometry&crs=EPSG:4326&spatialIndex=no&subsetIndex=no&watchFile=no", "Shape_Leng": 0.00035673032, "Shape_Area": 5.8e-09 }, "geometry": { "type": "MultiPolygon", "coordinates": [ [ [ [ 115.242267629947264, -8.48601087470206 ], [ 115.242260126903375, -8.485966942820085 ], [ 115.242254097848445, -8.485931639933199 ], [ 115.242234033074283, -8.485935035773252 ], [ 115.242232193960604, -8.485924266391748 ], [ 115.24222870638971, -8.485903847284703 ], [ 115.242294118578798, -8.485892774831655 ], [ 115.242312977362076, -8.486003198988385 ], [ 115.242267629947264, -8.48601087470206 ] ] ] ] } },
{ "type": "Feature", "properties": { "latitude": -8.59875438, "longitude": 3.0, "area_in_me": 6.0, "confidence": 1.0, "full_plus": "06P3QC628+FCWX", "layer": "2dd_buildings_001", "path": "file:///C:/Users/BPN/Downloads/Compressed/2dd_buildings.csv/2dd_buildings_split/2dd_buildings_001.csv?type=csv&maxFields=10000&detectTypes=yes&wktField=geometry&crs=EPSG:4326&spatialIndex=no&subsetIndex=no&watchFile=no", "Shape_Leng": 0.00051133603, "Shape_Area": 1.634e-08 }, "geometry": { "type": "MultiPolygon", "coordinates": [ [ [ [ 115.245869099979018, -8.489538999625097 ], [ 115.245740700173201, -8.489545400100099 ], [ 115.245734400422293, -8.489418399639362 ], [ 115.245862700403336, -8.48941200006368 ], [ 115.245869099979018, -8.489538999625097 ] ] ] ] } },
{ "type": "Feature", "properties": { "latitude": -8.36383412, "longitude": 0.0, "area_in_me": 5.0, "confidence": 9.0, "full_plus": "06P3PJMPH+FJ9P", "layer": "2dd_buildings_001", "path": "file:///C:/Users/BPN/Downloads/Compressed/2dd_buildings.csv/2dd_buildings_split/2dd_buildings_001.csv?type=csv&maxFields=10000&detectTypes=yes&wktField=geometry&crs=EPSG:4326&spatialIndex=no&subsetIndex=no&watchFile=no", "Shape_Leng": 0.00023032639, "Shape_Area": 3.3e-09 }, "geometry": { "type": "MultiPolygon", "coordinates": [ [ [ [ 115.245962823725449, -8.48908198934231 ], [ 115.245942294901056, -8.489083043347705 ], [ 115.245909158480913, -8.489084744865011 ], [ 115.245905981176179, -8.489023399410314 ], [ 115.245959645521339, -8.489020643887557 ], [ 115.245962823725449, -8.48908198934231 ] ] ] ] } },
{ "type": "Feature", "properties": { "latitude": -8.28639965, "longitude": 0.0, "area_in_me": 2.0, "confidence": 3.0, "full_plus": "06P3PPX7J+CPX5", "layer": "2dd_buildings_001", "path": "file:///C:/Users/BPN/Downloads/Compressed/2dd_buildings.csv/2dd_buildings_split/2dd_buildings_001.csv?type=csv&maxFields=10000&detectTypes=yes&wktField=geometry&crs=EPSG:4326&spatialIndex=no&subsetIndex=no&watchFile=no", "Shape_Leng": 0.00021840486, "Shape_Area": 2.75e-09 }, "geometry": { "type": "MultiPolygon", "coordinates": [ [ [ [ 115.245620401460428, -8.489834426017921 ], [ 115.245550954013424, -8.489826888799826 ], [ 115.245555237484268, -8.489787775485411 ], [ 115.245624684931272, -8.48979531270345 ], [ 115.245620401460428, -8.489834426017921 ] ] ] ] } },
{ "type": "Feature", "properties": { "latitude": -8.38578469, "longitude": 9.0, "area_in_me": 7.0, "confidence": 0.0, "full_plus": "06P3QJJ7C+MWQJ", "layer": "2dd_buildings_001", "path": "file:///C:/Users/BPN/Downloads/Compressed/2dd_buildings.csv/2dd_buildings_split/2dd_buildings_001.csv?type=csv&maxFields=10000&detectTypes=yes&wktField=geometry&crs=EPSG:4326&spatialIndex=no&subsetIndex=no&watchFile=no", "Shape_Leng": 0.00023540346, "Shape_Area": 3.33e-09 }, "geometry": { "type": "MultiPolygon", "coordinates": [ [ [ [ 115.24545603326942, -8.48753618694542 ], [ 115.245479766378139, -8.487535503460663 ], [ 115.245503119973023, -8.487534831667119 ], [ 115.24550517042735, -8.487605396971446 ], [ 115.245458082824371, -8.487606752249746 ], [ 115.24545603326942, -8.48753618694542 ] ] ] ] } },
{ "type": "Feature", "properties": { "latitude": -8.34800578, "longitude": 9.0, "area_in_me": 6.0, "confidence": 6.0, "full_plus": "06P3QM52H+QXXP", "layer": "2dd_buildings_001", "path": "file:///C:/Users/BPN/Downloads/Compressed/2dd_buildings.csv/2dd_buildings_split/2dd_buildings_001.csv?type=csv&maxFields=10000&detectTypes=yes&wktField=geometry&crs=EPSG:4326&spatialIndex=no&subsetIndex=no&watchFile=no", "Shape_Leng": 0.00022464593, "Shape_Area": 2.75e-09 }, "geometry": { "type": "MultiPolygon", "coordinates": [ [ [ [ 115.246943508336358, -8.487627539179528 ], [ 115.246907487790395, -8.487629139972796 ], [ 115.246907490488411, -8.487629100402614 ], [ 115.24690407306457, -8.487553000670403 ], [ 115.246904070366668, -8.487552950308384 ], [ 115.246940090912517, -8.487551348615796 ], [ 115.246943508336358, -8.487627539179528 ] ] ] ] } },
{ "type": "Feature", "properties": { "latitude": -8.44859385, "longitude": 0.0, "area_in_me": 9.0, "confidence": 3.0, "full_plus": "06P3QHJ24+HP96", "layer": "2dd_buildings_001", "path": "file:///C:/Users/BPN/Downloads/Compressed/2dd_buildings.csv/2dd_buildings_split/2dd_buildings_001.csv?type=csv&maxFields=10000&detectTypes=yes&wktField=geometry&crs=EPSG:4326&spatialIndex=no&subsetIndex=no&watchFile=no", "Shape_Leng": 0.00047152054, "Shape_Area": 1.043e-08 }, "geometry": { "type": "MultiPolygon", "coordinates": [ [ [ [ 115.24573457219276, -8.490739579268109 ], [ 115.245712586466766, -8.490801009259144 ], [ 115.245656936418527, -8.49078126824088 ], [ 115.245678922144634, -8.490719839149222 ], [ 115.245707884811054, -8.49063891545353 ], [ 115.245716483229216, -8.490614890964423 ], [ 115.245772133277342, -8.49063463108331 ], [ 115.24573457219276, -8.490739579268109 ] ] ] ] } },
{ "type": "Feature", "properties": { "latitude": -8.36193413, "longitude": 0.0, "area_in_me": 6.0, "confidence": 2.0, "full_plus": "06P3QJJQF+67HP", "layer": "2dd_buildings_001", "path": "file:///C:/Users/BPN/Downloads/Compressed/2dd_buildings.csv/2dd_buildings_split/2dd_buildings_001.csv?type=csv&maxFields=10000&detectTypes=yes&wktField=geometry&crs=EPSG:4326&spatialIndex=no&subsetIndex=no&watchFile=no", "Shape_Leng": 0.00022315856, "Shape_Area": 3.09e-09 }, "geometry": { "type": "MultiPolygon", "coordinates": [ [ [ [ 115.246552199824237, -8.487425716923269 ], [ 115.24649179955702, -8.48742840229886 ], [ 115.2464895089837, -8.487377334296468 ], [ 115.246549909250916, -8.487374648920877 ], [ 115.246552199824237, -8.487425716923269 ] ] ] ] } },
{ "type": "Feature", "properties": { "latitude": -8.56764205, "longitude": 0.0, "area_in_me": 3.0, "confidence": 7.0, "full_plus": "06P3QC8JH+WMX7", "layer": "2dd_buildings_001", "path": "file:///C:/Users/BPN/Downloads/Compressed/2dd_buildings.csv/2dd_buildings_split/2dd_buildings_001.csv?type=csv&maxFields=10000&detectTypes=yes&wktField=geometry&crs=EPSG:4326&spatialIndex=no&subsetIndex=no&watchFile=no", "Shape_Leng": 0.0003793464, "Shape_Area": 5.28e-09 }, "geometry": { "type": "MultiPolygon", "coordinates": [ [ [ [ 115.246063551391899, -8.489935923503992 ], [ 115.246047288051955, -8.490090817337318 ], [ 115.24601354279082, -8.490087306384055 ], [ 115.246029806130764, -8.489932411651409 ], [ 115.246063551391899, -8.489935923503992 ] ] ] ] } },
{ "type": "Feature", "properties": { "latitude": -8.43310415, "longitude": 0.0, "area_in_me": 9.0, "confidence": 7.0, "full_plus": "06P3QHG8X+QV5X", "layer": "2dd_buildings_001", "path": "file:///C:/Users/BPN/Downloads/Compressed/2dd_buildings.csv/2dd_buildings_split/2dd_buildings_001.csv?type=csv&maxFields=10000&detectTypes=yes&wktField=geometry&crs=EPSG:4326&spatialIndex=no&subsetIndex=no&watchFile=no", "Shape_Leng": 0.00018086689, "Shape_Area": 2.0000000000000001e-09 }, "geometry": { "type": "MultiPolygon", "coordinates": [ [ [ [ 115.244867107730897, -8.485949794547309 ], [ 115.244857663050766, -8.485950287375829 ], [ 115.244854942601592, -8.485898584452059 ], [ 115.244893548698428, -8.485896570870011 ], [ 115.244896269147603, -8.485948274693101 ], [ 115.244891503640019, -8.485948522905971 ], [ 115.244867107730897, -8.485949794547309 ] ] ] ] } },
{ "type": "Feature", "properties": { "latitude": -8.5379711, "longitude": 0.0, "area_in_me": 2.0, "confidence": 7.0, "full_plus": "06P3QF96M+R675", "layer": "2dd_buildings_001", "path": "file:///C:/Users/BPN/Downloads/Compressed/2dd_buildings.csv/2dd_buildings_split/2dd_buildings_001.csv?type=csv&maxFields=10000&detectTypes=yes&wktField=geometry&crs=EPSG:4326&spatialIndex=no&subsetIndex=no&watchFile=no", "Shape_Leng": 0.00035699119, "Shape_Area": 7.84e-09 }, "geometry": { "type": "MultiPolygon", "coordinates": [ [ [ [ 115.245011007352218, -8.48587064521405 ], [ 115.244997009404528, -8.485947470699159 ], [ 115.244898201790647, -8.485929625451831 ], [ 115.2449122006376, -8.485852800866041 ], [ 115.245011007352218, -8.48587064521405 ] ] ] ] } },
{ "type": "Feature", "properties": { "latitude": -8.48044118, "longitude": 0.0, "area_in_me": 7.0, "confidence": 8.0, "full_plus": "06P3QG59R+R7G9", "layer": "2dd_buildings_001", "path": "file:///C:/Users/BPN/Downloads/Compressed/2dd_buildings.csv/2dd_buildings_split/2dd_buildings_001.csv?type=csv&maxFields=10000&detectTypes=yes&wktField=geometry&crs=EPSG:4326&spatialIndex=no&subsetIndex=no&watchFile=no", "Shape_Leng": 0.00059334511, "Shape_Area": 1.382e-08 }, "geometry": { "type": "MultiPolygon", "coordinates": [ [ [ [ 115.245809787891403, -8.486922986906279 ], [ 115.245786434296519, -8.486923639814052 ], [ 115.2457848038257, -8.48686577833297 ], [ 115.246023498285922, -8.486859108061367 ], [ 115.246025129656118, -8.486916969542449 ], [ 115.246006205222216, -8.486917498343814 ], [ 115.245907346347053, -8.48692026106113 ], [ 115.245873619072313, -8.486921203550651 ], [ 115.245809787891403, -8.486922986906279 ] ] ] ] } },
{ "type": "Feature", "properties": { "latitude": -8.54473113, "longitude": 2.0, "area_in_me": 9.0, "confidence": 6.0, "full_plus": "06P3QF44R+4F3J", "layer": "2dd_buildings_001", "path": "file:///C:/Users/BPN/Downloads/Compressed/2dd_buildings.csv/2dd_buildings_split/2dd_buildings_001.csv?type=csv&maxFields=10000&detectTypes=yes&wktField=geometry&crs=EPSG:4326&spatialIndex=no&subsetIndex=no&watchFile=no", "Shape_Leng": 0.0001509317, "Shape_Area": 1.42e-09 }, "geometry": { "type": "MultiPolygon", "coordinates": [ [ [ [ 115.246632049729328, -8.488865380432912 ], [ 115.246592441787811, -8.488866562142107 ], [ 115.24659136350067, -8.488830737648357 ], [ 115.246630970542924, -8.488829555939219 ], [ 115.246632049729328, -8.488865380432912 ] ] ] ] } },
{ "type": "Feature", "properties": { "latitude": -8.63774373, "longitude": 0.0, "area_in_me": 5.0, "confidence": 2.0, "full_plus": "06P3Q9663+WP29", "layer": "2dd_buildings_001", "path": "file:///C:/Users/BPN/Downloads/Compressed/2dd_buildings.csv/2dd_buildings_split/2dd_buildings_001.csv?type=csv&maxFields=10000&detectTypes=yes&wktField=geometry&crs=EPSG:4326&spatialIndex=no&subsetIndex=no&watchFile=no", "Shape_Leng": 0.00018989793, "Shape_Area": 2.19e-09 }, "geometry": { "type": "MultiPolygon", "coordinates": [ [ [ [ 115.245694651287181, -8.488855170429702 ], [ 115.24569389136002, -8.488799834244901 ], [ 115.245733495704371, -8.488799295551019 ], [ 115.245734255631419, -8.488854630836499 ], [ 115.245694651287181, -8.488855170429702 ] ] ] ] } },
{ "type": "Feature", "properties": { "latitude": -8.53239287, "longitude": 2.0, "area_in_me": 3.0, "confidence": 9.0, "full_plus": "06P3QF99W+2PX8", "layer": "2dd_buildings_001", "path": "file:///C:/Users/BPN/Downloads/Compressed/2dd_buildings.csv/2dd_buildings_split/2dd_buildings_001.csv?type=csv&maxFields=10000&detectTypes=yes&wktField=geometry&crs=EPSG:4326&spatialIndex=no&subsetIndex=no&watchFile=no", "Shape_Leng": 9.208532e-05, "Shape_Area": 5.3e-10 }, "geometry": { "type": "MultiPolygon", "coordinates": [ [ [ [ 115.24516501265532, -8.486247641915099 ], [ 115.245143113264135, -8.486250241855146 ], [ 115.245141695932602, -8.486238415770231 ], [ 115.245140715671596, -8.486230232838921 ], [ 115.245140258815923, -8.486226423310768 ], [ 115.245162158207108, -8.486223822471402 ], [ 115.24516501265532, -8.486247641915099 ] ] ] ] } },
{ "type": "Feature", "properties": { "latitude": -8.51648043, "longitude": 0.0, "area_in_me": 0.0, "confidence": 7.0, "full_plus": "06P3QF6M4+CF5J", "layer": "2dd_buildings_001", "path": "file:///C:/Users/BPN/Downloads/Compressed/2dd_buildings.csv/2dd_buildings_split/2dd_buildings_001.csv?type=csv&maxFields=10000&detectTypes=yes&wktField=geometry&crs=EPSG:4326&spatialIndex=no&subsetIndex=no&watchFile=no", "Shape_Leng": 0.00028319533, "Shape_Area": 4.17e-09 }, "geometry": { "type": "MultiPolygon", "coordinates": [ [ [ [ 115.245200506198444, -8.487493512315666 ], [ 115.245198118498479, -8.487535166214911 ], [ 115.245098404367923, -8.487529501385325 ], [ 115.245100792068001, -8.487487846586816 ], [ 115.245131314158925, -8.487489580479689 ], [ 115.245176058128663, -8.487492122863159 ], [ 115.245200506198444, -8.487493512315666 ] ] ] ] } },
{ "type": "Feature", "properties": { "latitude": -8.1734562, "longitude": 0.0, "area_in_me": 4.0, "confidence": 8.0, "full_plus": "06P3QR2GM+JG7J", "layer": "2dd_buildings_001", "path": "file:///C:/Users/BPN/Downloads/Compressed/2dd_buildings.csv/2dd_buildings_split/2dd_buildings_001.csv?type=csv&maxFields=10000&detectTypes=yes&wktField=geometry&crs=EPSG:4326&spatialIndex=no&subsetIndex=no&watchFile=no", "Shape_Leng": 0.00026941144, "Shape_Area": 3.6e-09 }, "geometry": { "type": "MultiPolygon", "coordinates": [ [ [ [ 115.244970002763466, -8.48777949222972 ], [ 115.245067935337033, -8.487776672855148 ], [ 115.245069001932961, -8.487813390375607 ], [ 115.244971070258771, -8.487816209750235 ], [ 115.244970002763466, -8.48777949222972 ] ] ] ] } },
{ "type": "Feature", "properties": { "latitude": -8.62910909, "longitude": 0.0, "area_in_me": 7.0, "confidence": 7.0, "full_plus": "06P3Q95C7+992Q", "layer": "2dd_buildings_001", "path": "file:///C:/Users/BPN/Downloads/Compressed/2dd_buildings.csv/2dd_buildings_split/2dd_buildings_001.csv?type=csv&maxFields=10000&detectTypes=yes&wktField=geometry&crs=EPSG:4326&spatialIndex=no&subsetIndex=no&watchFile=no", "Shape_Leng": 0.00038330122, "Shape_Area": 6.84e-09 }, "geometry": { "type": "MultiPolygon", "coordinates": [ [ [ [ 115.246461559853174, -8.488816331408543 ], [ 115.246531534302903, -8.488811536223352 ], [ 115.246566990074598, -8.488809106255189 ], [ 115.246570778019077, -8.488863887558296 ], [ 115.246498738725904, -8.488868823937025 ], [ 115.246500881810334, -8.488899810977443 ], [ 115.246467489982706, -8.488902098852748 ], [ 115.246461559853174, -8.488816331408543 ] ] ] ] } },
{ "type": "Feature", "properties": { "latitude": -8.10866155, "longitude": 3.0, "area_in_me": 6.0, "confidence": 6.0, "full_plus": "06P3QV3RJ+GXMH", "layer": "2dd_buildings_001", "path": "file:///C:/Users/BPN/Downloads/Compressed/2dd_buildings.csv/2dd_buildings_split/2dd_buildings_001.csv?type=csv&maxFields=10000&detectTypes=yes&wktField=geometry&crs=EPSG:4326&spatialIndex=no&subsetIndex=no&watchFile=no", "Shape_Leng": 0.0002701531, "Shape_Area": 4.52e-09 }, "geometry": { "type": "MultiPolygon", "coordinates": [ [ [ [ 115.24569866765944, -8.492240372395202 ], [ 115.245685560939933, -8.492299883232988 ], [ 115.245613126844432, -8.492284071352742 ], [ 115.245626234463202, -8.492224560515012 ], [ 115.24569866765944, -8.492240372395202 ] ] ] ] } },
{ "type": "Feature", "properties": { "latitude": -8.44804504, "longitude": 0.0, "area_in_me": 9.0, "confidence": 0.0, "full_plus": "06P3QHJ2P+Q6J2", "layer": "2dd_buildings_001", "path": "file:///C:/Users/BPN/Downloads/Compressed/2dd_buildings.csv/2dd_buildings_split/2dd_buildings_001.csv?type=csv&maxFields=10000&detectTypes=yes&wktField=geometry&crs=EPSG:4326&spatialIndex=no&subsetIndex=no&watchFile=no", "Shape_Leng": 0.00025086075, "Shape_Area": 3.93e-09 }, "geometry": { "type": "MultiPolygon", "coordinates": [ [ [ [ 115.246125763792975, -8.489262515652513 ], [ 115.24606482303318, -8.489265644393925 ], [ 115.246061491044998, -8.489201321283929 ], [ 115.246122431804793, -8.489198192542517 ], [ 115.246125763792975, -8.489262515652513 ] ] ] ] } },
{ "type": "Feature", "properties": { "latitude": -8.11090942, "longitude": 0.0, "area_in_me": 7.0, "confidence": 6.0, "full_plus": "06P3QV5Q6+JFQM", "layer": "2dd_buildings_001", "path": "file:///C:/Users/BPN/Downloads/Compressed/2dd_buildings.csv/2dd_buildings_split/2dd_buildings_001.csv?type=csv&maxFields=10000&detectTypes=yes&wktField=geometry&crs=EPSG:4326&spatialIndex=no&subsetIndex=no&watchFile=no", "Shape_Leng": 0.0003761071, "Shape_Area": 7.06e-09 }, "geometry": { "type": "MultiPolygon", "coordinates": [ [ [ [ 115.24582289461091, -8.488733007422297 ], [ 115.245819598595631, -8.488733124334146 ], [ 115.245819323403111, -8.488725436929315 ], [ 115.245819084183495, -8.488718756765138 ], [ 115.245817748690229, -8.48868141061854 ], [ 115.245817745992213, -8.488681325182938 ], [ 115.245933317868435, -8.488677228771053 ], [ 115.245953881766241, -8.488676499420876 ], [ 115.245954233401221, -8.488686329910138 ], [ 115.245955734369659, -8.488728298572084 ], [ 115.245946892235338, -8.488728612435466 ], [ 115.245823770550601, -8.48873297684537 ], [ 115.24582289461091, -8.488733007422297 ] ] ] ] } },
{ "type": "Feature", "properties": { "latitude": -8.14460515, "longitude": 0.0, "area_in_me": 4.0, "confidence": 7.0, "full_plus": "06P3QV54X+5G2Q", "layer": "2dd_buildings_001", "path": "file:///C:/Users/BPN/Downloads/Compressed/2dd_buildings.csv/2dd_buildings_split/2dd_buildings_001.csv?type=csv&maxFields=10000&detectTypes=yes&wktField=geometry&crs=EPSG:4326&spatialIndex=no&subsetIndex=no&watchFile=no", "Shape_Leng": 0.00018191915, "Shape_Area": 2.03e-09 }, "geometry": { "type": "MultiPolygon", "coordinates": [ [ [ [ 115.245954770296521, -8.492048242132626 ], [ 115.245943776084459, -8.492098396423785 ], [ 115.24590506476693, -8.492089985964014 ], [ 115.245916058978992, -8.492039831672855 ], [ 115.245954770296521, -8.492048242132626 ] ] ] ] } },
{ "type": "Feature", "properties": { "latitude": -8.64868313, "longitude": 0.0, "area_in_me": 5.0, "confidence": 5.0, "full_plus": "06P3Q952F+G2HP", "layer": "2dd_buildings_001", "path": "file:///C:/Users/BPN/Downloads/Compressed/2dd_buildings.csv/2dd_buildings_split/2dd_buildings_001.csv?type=csv&maxFields=10000&detectTypes=yes&wktField=geometry&crs=EPSG:4326&spatialIndex=no&subsetIndex=no&watchFile=no", "Shape_Leng": 0.0002286089, "Shape_Area": 2.98e-09 }, "geometry": { "type": "MultiPolygon", "coordinates": [ [ [ [ 115.247018927281715, -8.486413115372955 ], [ 115.246945103733651, -8.486417987899756 ], [ 115.246942424653184, -8.486377756728018 ], [ 115.247016248201362, -8.486372884201216 ], [ 115.247018927281715, -8.486413115372955 ] ] ] ] } },
{ "type": "Feature", "properties": { "latitude": -8.7189058, "longitude": 0.0, "area_in_me": 7.0, "confidence": 0.0, "full_plus": "06P3Q75JW+CPQM", "layer": "2dd_buildings_001", "path": "file:///C:/Users/BPN/Downloads/Compressed/2dd_buildings.csv/2dd_buildings_split/2dd_buildings_001.csv?type=csv&maxFields=10000&detectTypes=yes&wktField=geometry&crs=EPSG:4326&spatialIndex=no&subsetIndex=no&watchFile=no", "Shape_Leng": 0.0003271145, "Shape_Area": 4.94e-09 }, "geometry": { "type": "MultiPolygon", "coordinates": [ [ [ [ 115.245608714770469, -8.486416536394017 ], [ 115.245605740712449, -8.486456382655888 ], [ 115.245482476934853, -8.486447263530351 ], [ 115.245485450992874, -8.486407418167744 ], [ 115.245608714770469, -8.486416536394017 ] ] ] ] } },
{ "type": "Feature", "properties": { "latitude": -8.51373912, "longitude": 0.0, "area_in_me": 3.0, "confidence": 0.0, "full_plus": "06P3QF7PP+GJ5H", "layer": "2dd_buildings_001", "path": "file:///C:/Users/BPN/Downloads/Compressed/2dd_buildings.csv/2dd_buildings_split/2dd_buildings_001.csv?type=csv&maxFields=10000&detectTypes=yes&wktField=geometry&crs=EPSG:4326&spatialIndex=no&subsetIndex=no&watchFile=no", "Shape_Leng": 0.00016580681, "Shape_Area": 1.6e-09 }, "geometry": { "type": "MultiPolygon", "coordinates": [ [ [ [ 115.246321403210231, -8.488629760754804 ], [ 115.246290721939317, -8.488630145664672 ], [ 115.246290060937667, -8.488577930127349 ], [ 115.246320742208582, -8.488577545217481 ], [ 115.246321403210231, -8.488629760754804 ] ] ] ] } },
{ "type": "Feature", "properties": { "latitude": -8.55553703, "longitude": 0.0, "area_in_me": 4.0, "confidence": 9.0, "full_plus": "06P3QC8V8+Q4QH", "layer": "2dd_buildings_001", "path": "file:///C:/Users/BPN/Downloads/Compressed/2dd_buildings.csv/2dd_buildings_split/2dd_buildings_001.csv?type=csv&maxFields=10000&detectTypes=yes&wktField=geometry&crs=EPSG:4326&spatialIndex=no&subsetIndex=no&watchFile=no", "Shape_Leng": 0.0005473017, "Shape_Area": 1.548e-08 }, "geometry": { "type": "MultiPolygon", "coordinates": [ [ [ [ 115.243727204446941, -8.485693548018787 ], [ 115.243736035789425, -8.485735516680677 ], [ 115.243680979293799, -8.485747001023242 ], [ 115.243672147052052, -8.485705031461976 ], [ 115.243638048357298, -8.485712144200022 ], [ 115.243633997810775, -8.485712988663465 ], [ 115.243613436610872, -8.485615280920456 ], [ 115.243619036689211, -8.485614112701114 ], [ 115.24374159359968, -8.485588549471913 ], [ 115.243762154799697, -8.485686257214979 ], [ 115.243727204446941, -8.485693548018787 ] ] ] ] } },
{ "type": "Feature", "properties": { "latitude": -8.1272982, "longitude": 0.0, "area_in_me": 2.0, "confidence": 3.0, "full_plus": "06P3QV6F4+36Q5", "layer": "2dd_buildings_001", "path": "file:///C:/Users/BPN/Downloads/Compressed/2dd_buildings.csv/2dd_buildings_split/2dd_buildings_001.csv?type=csv&maxFields=10000&detectTypes=yes&wktField=geometry&crs=EPSG:4326&spatialIndex=no&subsetIndex=no&watchFile=no", "Shape_Leng": 0.000285802, "Shape_Area": 4.53e-09 }, "geometry": { "type": "MultiPolygon", "coordinates": [ [ [ [ 115.246661003402664, -8.485896208443194 ], [ 115.24665922993961, -8.485933008701352 ], [ 115.246611896821605, -8.485930748705016 ], [ 115.246616494155887, -8.485835345025123 ], [ 115.246663827273892, -8.485837605920722 ], [ 115.246663258002968, -8.485849419415104 ], [ 115.246661003402664, -8.485896208443194 ] ] ] ] } },
{ "type": "Feature", "properties": { "latitude": -8.37153432, "longitude": 0.0, "area_in_me": 5.0, "confidence": 8.0, "full_plus": "06P3PJXHV+9FJJ", "layer": "2dd_buildings_001", "path": "file:///C:/Users/BPN/Downloads/Compressed/2dd_buildings.csv/2dd_buildings_split/2dd_buildings_001.csv?type=csv&maxFields=10000&detectTypes=yes&wktField=geometry&crs=EPSG:4326&spatialIndex=no&subsetIndex=no&watchFile=no", "Shape_Leng": 0.0004758001, "Shape_Area": 1.006e-08 }, "geometry": { "type": "MultiPolygon", "coordinates": [ [ [ [ 115.242008072114913, -8.486778824682972 ], [ 115.241926866931408, -8.486767929396365 ], [ 115.241937317952875, -8.486690722598723 ], [ 115.242047537064195, -8.486705510151126 ], [ 115.242040918053931, -8.486754412586038 ], [ 115.242089266506468, -8.486760898496641 ], [ 115.242085435394642, -8.48678920375869 ], [ 115.242008072114913, -8.486778824682972 ] ] ] ] } },
{ "type": "Feature", "properties": { "latitude": -8.13835358, "longitude": 0.0, "area_in_me": 7.0, "confidence": 6.0, "full_plus": "06P3QV36Q+M85X", "layer": "2dd_buildings_001", "path": "file:///C:/Users/BPN/Downloads/Compressed/2dd_buildings.csv/2dd_buildings_split/2dd_buildings_001.csv?type=csv&maxFields=10000&detectTypes=yes&wktField=geometry&crs=EPSG:4326&spatialIndex=no&subsetIndex=no&watchFile=no", "Shape_Leng": 0.00041565902, "Shape_Area": 1.079e-08 }, "geometry": { "type": "MultiPolygon", "coordinates": [ [ [ [ 115.24419624316215, -8.485996164491326 ], [ 115.244090213992195, -8.486008729818991 ], [ 115.244078216136813, -8.485908386163032 ], [ 115.244125056426242, -8.485902835547392 ], [ 115.244184245306769, -8.485895820835424 ], [ 115.244184318151838, -8.485896426079137 ], [ 115.24419624316215, -8.485996164491326 ] ] ] ] } },
{ "type": "Feature", "properties": { "latitude": -8.43111521, "longitude": 0.0, "area_in_me": 4.0, "confidence": 9.0, "full_plus": "06P3QH69W+HW48", "layer": "2dd_buildings_001", "path": "file:///C:/Users/BPN/Downloads/Compressed/2dd_buildings.csv/2dd_buildings_split/2dd_buildings_001.csv?type=csv&maxFields=10000&detectTypes=yes&wktField=geometry&crs=EPSG:4326&spatialIndex=no&subsetIndex=no&watchFile=no", "Shape_Leng": 0.00014243423, "Shape_Area": 1.25e-09 }, "geometry": { "type": "MultiPolygon", "coordinates": [ [ [ [ 115.245717172109835, -8.490907985415163 ], [ 115.245711979424414, -8.49093897605286 ], [ 115.245672722218387, -8.49093245596805 ], [ 115.245677914903922, -8.490901466229616 ], [ 115.245717172109835, -8.490907985415163 ] ] ] ] } },
{ "type": "Feature", "properties": { "latitude": -8.51545343, "longitude": 3.0, "area_in_me": 6.0, "confidence": 7.0, "full_plus": "06P3QFCM8+R56V", "layer": "2dd_buildings_001", "path": "file:///C:/Users/BPN/Downloads/Compressed/2dd_buildings.csv/2dd_buildings_split/2dd_buildings_001.csv?type=csv&maxFields=10000&detectTypes=yes&wktField=geometry&crs=EPSG:4326&spatialIndex=no&subsetIndex=no&watchFile=no", "Shape_Leng": 0.00011153489, "Shape_Area": 7.8e-10 }, "geometry": { "type": "MultiPolygon", "coordinates": [ [ [ [ 115.244673719316779, -8.486064399652264 ], [ 115.244644328572917, -8.486065351134982 ], [ 115.244643465223817, -8.486038921858722 ], [ 115.244672861363483, -8.486038134951912 ], [ 115.244673719316779, -8.486064399652264 ] ] ] ] } },
{ "type": "Feature", "properties": { "latitude": -8.80015732, "longitude": 0.0, "area_in_me": 0.0, "confidence": 9.0, "full_plus": "06P3Q55XM+W5MJ", "layer": "2dd_buildings_001", "path": "file:///C:/Users/BPN/Downloads/Compressed/2dd_buildings.csv/2dd_buildings_split/2dd_buildings_001.csv?type=csv&maxFields=10000&detectTypes=yes&wktField=geometry&crs=EPSG:4326&spatialIndex=no&subsetIndex=no&watchFile=no", "Shape_Leng": 0.00025259337, "Shape_Area": 3.96e-09 }, "geometry": { "type": "MultiPolygon", "coordinates": [ [ [ [ 115.246109394333189, -8.487518294933295 ], [ 115.246065144990553, -8.487520590902477 ], [ 115.246061578279296, -8.487452450170395 ], [ 115.246119562967465, -8.487449441938168 ], [ 115.246122412019758, -8.487503869807711 ], [ 115.246123129678722, -8.48751758267025 ], [ 115.246109394333189, -8.487518294933295 ] ] ] ] } },
{ "type": "Feature", "properties": { "latitude": -8.83505775, "longitude": 2.0, "area_in_me": 7.0, "confidence": 5.0, "full_plus": "06P3Q5477+X4CM", "layer": "2dd_buildings_001", "path": "file:///C:/Users/BPN/Downloads/Compressed/2dd_buildings.csv/2dd_buildings_split/2dd_buildings_001.csv?type=csv&maxFields=10000&detectTypes=yes&wktField=geometry&crs=EPSG:4326&spatialIndex=no&subsetIndex=no&watchFile=no", "Shape_Leng": 0.00038819515, "Shape_Area": 9.42e-09 }, "geometry": { "type": "MultiPolygon", "coordinates": [ [ [ [ 115.244593597816333, -8.488059153507095 ], [ 115.244589206426781, -8.488155799150775 ], [ 115.244547158624528, -8.488153907876494 ], [ 115.244510839503732, -8.488152274707659 ], [ 115.244491955539388, -8.488151425747674 ], [ 115.244496341533022, -8.488054779204674 ], [ 115.244593597816333, -8.488059153507095 ] ] ] ] } },
{ "type": "Feature", "properties": { "latitude": -8.25561105, "longitude": 2.0, "area_in_me": 6.0, "confidence": 6.0, "full_plus": "06P3PPWVM+QH4H", "layer": "2dd_buildings_001", "path": "file:///C:/Users/BPN/Downloads/Compressed/2dd_buildings.csv/2dd_buildings_split/2dd_buildings_001.csv?type=csv&maxFields=10000&detectTypes=yes&wktField=geometry&crs=EPSG:4326&spatialIndex=no&subsetIndex=no&watchFile=no", "Shape_Leng": 0.00050631475, "Shape_Area": 1.329e-08 }, "geometry": { "type": "MultiPolygon", "coordinates": [ [ [ [ 115.24784962476042, -8.488917771338038 ], [ 115.247801199865535, -8.489057373998548 ], [ 115.247762686398914, -8.489044132380741 ], [ 115.24775554488258, -8.489064718761711 ], [ 115.247714996250124, -8.489050778370654 ], [ 115.247770561762081, -8.488890589329174 ], [ 115.24784962476042, -8.488917771338038 ] ] ] ] } },
{ "type": "Feature", "properties": { "latitude": -8.14439873, "longitude": 2.0, "area_in_me": 5.0, "confidence": 8.0, "full_plus": "06P3PVH4X+6RR2", "layer": "2dd_buildings_001", "path": "file:///C:/Users/BPN/Downloads/Compressed/2dd_buildings.csv/2dd_buildings_split/2dd_buildings_001.csv?type=csv&maxFields=10000&detectTypes=yes&wktField=geometry&crs=EPSG:4326&spatialIndex=no&subsetIndex=no&watchFile=no", "Shape_Leng": 0.00040944739, "Shape_Area": 9.89e-09 }, "geometry": { "type": "MultiPolygon", "coordinates": [ [ [ [ 115.245394831706221, -8.485882992006452 ], [ 115.245384759299213, -8.486009282902046 ], [ 115.245306969740909, -8.486003133337874 ], [ 115.245307052478552, -8.486002094620915 ], [ 115.245317042147803, -8.4858768433416 ], [ 115.245319999118692, -8.485877077165355 ], [ 115.245394831706221, -8.485882992006452 ] ] ] ] } },
{ "type": "Feature", "properties": { "latitude": -8.20319109, "longitude": 2.0, "area_in_me": 6.0, "confidence": 4.0, "full_plus": "06P3PQWWP+PGF7", "layer": "2dd_buildings_001", "path": "file:///C:/Users/BPN/Downloads/Compressed/2dd_buildings.csv/2dd_buildings_split/2dd_buildings_001.csv?type=csv&maxFields=10000&detectTypes=yes&wktField=geometry&crs=EPSG:4326&spatialIndex=no&subsetIndex=no&watchFile=no", "Shape_Leng": 0.00042581964, "Shape_Area": 9.35e-09 }, "geometry": { "type": "MultiPolygon", "coordinates": [ [ [ [ 115.245814072261737, -8.492220769872574 ], [ 115.245790698881706, -8.492322834830929 ], [ 115.245790526211863, -8.492323589362115 ], [ 115.245709452329379, -8.492305188333717 ], [ 115.24569913530695, -8.492302846499115 ], [ 115.245685762388121, -8.492299811287239 ], [ 115.245697953597755, -8.492246574120031 ], [ 115.245735932867092, -8.492255194121867 ], [ 115.245747286807955, -8.492205611799477 ], [ 115.245814072261737, -8.492220769872574 ] ] ] ] } },
{ "type": "Feature", "properties": { "latitude": -8.39882634, "longitude": 9.0, "area_in_me": 5.0, "confidence": 1.0, "full_plus": "06P3QJH2F+F96R", "layer": "2dd_buildings_001", "path": "file:///C:/Users/BPN/Downloads/Compressed/2dd_buildings.csv/2dd_buildings_split/2dd_buildings_001.csv?type=csv&maxFields=10000&detectTypes=yes&wktField=geometry&crs=EPSG:4326&spatialIndex=no&subsetIndex=no&watchFile=no", "Shape_Leng": 0.0001923087, "Shape_Area": 2.29e-09 }, "geometry": { "type": "MultiPolygon", "coordinates": [ [ [ [ 115.245063917166135, -8.486119598240805 ], [ 115.245071733173972, -8.486076703277206 ], [ 115.245123449587595, -8.486086043635964 ], [ 115.245115633579644, -8.486128938599563 ], [ 115.245063917166135, -8.486119598240805 ] ] ] ] } },
{ "type": "Feature", "properties": { "latitude": -8.69109549, "longitude": 0.0, "area_in_me": 5.0, "confidence": 0.0, "full_plus": "06P3Q865H+HQ83", "layer": "2dd_buildings_001", "path": "file:///C:/Users/BPN/Downloads/Compressed/2dd_buildings.csv/2dd_buildings_split/2dd_buildings_001.csv?type=csv&maxFields=10000&detectTypes=yes&wktField=geometry&crs=EPSG:4326&spatialIndex=no&subsetIndex=no&watchFile=no", "Shape_Leng": 0.0004133611, "Shape_Area": 1.009e-08 }, "geometry": { "type": "MultiPolygon", "coordinates": [ [ [ [ 115.245301396642162, -8.487338301921056 ], [ 115.245349795456718, -8.487342211273983 ], [ 115.245343368002068, -8.487421084515404 ], [ 115.245216235341104, -8.48741081515692 ], [ 115.245222663695017, -8.487331942814876 ], [ 115.245301396642162, -8.487338301921056 ] ] ] ] } },
{ "type": "Feature", "properties": { "latitude": -8.43160002, "longitude": 9.0, "area_in_me": 1.0, "confidence": 2.0, "full_plus": "06P3QH89F+924R", "layer": "2dd_buildings_001", "path": "file:///C:/Users/BPN/Downloads/Compressed/2dd_buildings.csv/2dd_buildings_split/2dd_buildings_001.csv?type=csv&maxFields=10000&detectTypes=yes&wktField=geometry&crs=EPSG:4326&spatialIndex=no&subsetIndex=no&watchFile=no", "Shape_Leng": 0.00015833223, "Shape_Area": 1.55e-09 }, "geometry": { "type": "MultiPolygon", "coordinates": [ [ [ [ 115.247577676968262, -8.485861214923091 ], [ 115.2475753369323, -8.485897060101195 ], [ 115.247532182963937, -8.485894267706215 ], [ 115.247534522100523, -8.485858422528111 ], [ 115.247577676968262, -8.485861214923091 ] ] ] ] } },
{ "type": "Feature", "properties": { "latitude": -8.22500665, "longitude": 9.0, "area_in_me": 6.0, "confidence": 7.0, "full_plus": "06P3PQVF6+XWXJ", "layer": "2dd_buildings_001", "path": "file:///C:/Users/BPN/Downloads/Compressed/2dd_buildings.csv/2dd_buildings_split/2dd_buildings_001.csv?type=csv&maxFields=10000&detectTypes=yes&wktField=geometry&crs=EPSG:4326&spatialIndex=no&subsetIndex=no&watchFile=no", "Shape_Leng": 0.0006128974, "Shape_Area": 1.676e-08 }, "geometry": { "type": "MultiPolygon", "coordinates": [ [ [ [ 115.246211284822948, -8.490293624351239 ], [ 115.246328674228948, -8.49033294450976 ], [ 115.246316118793857, -8.490370096402785 ], [ 115.246358938214485, -8.490384437891464 ], [ 115.246341185597316, -8.490436968191489 ], [ 115.246340856445386, -8.490437941257937 ], [ 115.246158609732106, -8.49037689617677 ], [ 115.246141012697649, -8.490371002020083 ], [ 115.246159093567371, -8.49031749955293 ], [ 115.246198729387856, -8.490330776244264 ], [ 115.246211284822948, -8.490293624351239 ] ] ] ] } },
{ "type": "Feature", "properties": { "latitude": -8.63377129, "longitude": 0.0, "area_in_me": 8.0, "confidence": 0.0, "full_plus": "06P3Q968Q+FHR4", "layer": "2dd_buildings_001", "path": "file:///C:/Users/BPN/Downloads/Compressed/2dd_buildings.csv/2dd_buildings_split/2dd_buildings_001.csv?type=csv&maxFields=10000&detectTypes=yes&wktField=geometry&crs=EPSG:4326&spatialIndex=no&subsetIndex=no&watchFile=no", "Shape_Leng": 0.00048388519, "Shape_Area": 9.26e-09 }, "geometry": { "type": "MultiPolygon", "coordinates": [ [ [ [ 115.246482951127405, -8.48864047887497 ], [ 115.246427197657113, -8.488644300094336 ], [ 115.246423910635031, -8.488596759233019 ], [ 115.246587053050121, -8.488585578861318 ], [ 115.246617744213609, -8.48858347534707 ], [ 115.246619735312606, -8.488612278833557 ], [ 115.246621031235691, -8.488631016208387 ], [ 115.246612418428413, -8.488631606163665 ], [ 115.246571662052588, -8.488634399457908 ], [ 115.246501583281542, -8.488639201837657 ], [ 115.246482951127405, -8.48864047887497 ] ] ] ] } },
{ "type": "Feature", "properties": { "latitude": -8.62062468, "longitude": 2.0, "area_in_me": 5.0, "confidence": 6.0, "full_plus": "06P3Q96H6+Q835", "layer": "2dd_buildings_001", "path": "file:///C:/Users/BPN/Downloads/Compressed/2dd_buildings.csv/2dd_buildings_split/2dd_buildings_001.csv?type=csv&maxFields=10000&detectTypes=yes&wktField=geometry&crs=EPSG:4326&spatialIndex=no&subsetIndex=no&watchFile=no", "Shape_Leng": 0.00014438365, "Shape_Area": 1.28e-09 }, "geometry": { "type": "MultiPolygon", "coordinates": [ [ [ [ 115.246033579686014, -8.491399873205523 ], [ 115.246023415548279, -8.491429105668658 ], [ 115.245984422742936, -8.491415667998638 ], [ 115.245994586880784, -8.491386436434823 ], [ 115.246033579686014, -8.491399873205523 ] ] ] ] } },
{ "type": "Feature", "properties": { "latitude": -8.80125439, "longitude": 0.0, "area_in_me": 2.0, "confidence": 5.0, "full_plus": "06P3Q56XJ+FJXX", "layer": "2dd_buildings_001", "path": "file:///C:/Users/BPN/Downloads/Compressed/2dd_buildings.csv/2dd_buildings_split/2dd_buildings_001.csv?type=csv&maxFields=10000&detectTypes=yes&wktField=geometry&crs=EPSG:4326&spatialIndex=no&subsetIndex=no&watchFile=no", "Shape_Leng": 0.00043569582, "Shape_Area": 1.01e-08 }, "geometry": { "type": "MultiPolygon", "coordinates": [ [ [ [ 115.245890400421672, -8.487711900084093 ], [ 115.245739600302386, -8.487719100056381 ], [ 115.245736400514488, -8.487652300213426 ], [ 115.245887199734511, -8.487645100241139 ], [ 115.245890400421672, -8.487711900084093 ] ] ] ] } },
{ "type": "Feature", "properties": { "latitude": -8.39118991, "longitude": 0.0, "area_in_me": 2.0, "confidence": 0.0, "full_plus": "06P3QJ85X+GVCG", "layer": "2dd_buildings_001", "path": "file:///C:/Users/BPN/Downloads/Compressed/2dd_buildings.csv/2dd_buildings_split/2dd_buildings_001.csv?type=csv&maxFields=10000&detectTypes=yes&wktField=geometry&crs=EPSG:4326&spatialIndex=no&subsetIndex=no&watchFile=no", "Shape_Leng": 0.00031544598, "Shape_Area": 6.22e-09 }, "geometry": { "type": "MultiPolygon", "coordinates": [ [ [ [ 115.245628051993094, -8.488856076047 ], [ 115.24561626907564, -8.488856236126367 ], [ 115.245615179996662, -8.488776910525928 ], [ 115.245693562208203, -8.48877584393 ], [ 115.245693614368861, -8.488779667847325 ], [ 115.245693785240064, -8.488792084786837 ], [ 115.24569389136002, -8.488799834244901 ], [ 115.245694651287181, -8.488855170429702 ], [ 115.245667391037273, -8.488855540950397 ], [ 115.245628051993094, -8.488856076047 ] ] ] ] } },
{ "type": "Feature", "properties": { "latitude": -8.61435528, "longitude": 0.0, "area_in_me": 4.0, "confidence": 0.0, "full_plus": "06P3Q94PH+7R5M", "layer": "2dd_buildings_001", "path": "file:///C:/Users/BPN/Downloads/Compressed/2dd_buildings.csv/2dd_buildings_split/2dd_buildings_001.csv?type=csv&maxFields=10000&detectTypes=yes&wktField=geometry&crs=EPSG:4326&spatialIndex=no&subsetIndex=no&watchFile=no", "Shape_Leng": 0.00020360173, "Shape_Area": 2.59e-09 }, "geometry": { "type": "MultiPolygon", "coordinates": [ [ [ [ 115.245676157628623, -8.487879048978868 ], [ 115.245625237115064, -8.487881771226739 ], [ 115.245622500478021, -8.487831037772139 ], [ 115.245673421890956, -8.487828315524268 ], [ 115.245676157628623, -8.487879048978868 ] ] ] ] } },
{ "type": "Feature", "properties": { "latitude": -8.55955093, "longitude": 0.0, "area_in_me": 5.0, "confidence": 3.0, "full_plus": "06P3QC3RF+52GX", "layer": "2dd_buildings_001", "path": "file:///C:/Users/BPN/Downloads/Compressed/2dd_buildings.csv/2dd_buildings_split/2dd_buildings_001.csv?type=csv&maxFields=10000&detectTypes=yes&wktField=geometry&crs=EPSG:4326&spatialIndex=no&subsetIndex=no&watchFile=no", "Shape_Leng": 0.00025430973, "Shape_Area": 3.73e-09 }, "geometry": { "type": "MultiPolygon", "coordinates": [ [ [ [ 115.245185473131187, -8.491673932605863 ], [ 115.245168960679052, -8.491753510915771 ], [ 115.245124019757782, -8.491744268583091 ], [ 115.245140532209803, -8.491664690273183 ], [ 115.245185473131187, -8.491673932605863 ] ] ] ] } },
{ "type": "Feature", "properties": { "latitude": -8.32147259, "longitude": 3.0, "area_in_me": 4.0, "confidence": 2.0, "full_plus": "06P3QMHHQ+C392", "layer": "2dd_buildings_001", "path": "file:///C:/Users/BPN/Downloads/Compressed/2dd_buildings.csv/2dd_buildings_split/2dd_buildings_001.csv?type=csv&maxFields=10000&detectTypes=yes&wktField=geometry&crs=EPSG:4326&spatialIndex=no&subsetIndex=no&watchFile=no", "Shape_Leng": 0.0001837841, "Shape_Area": 1.75e-09 }, "geometry": { "type": "MultiPolygon", "coordinates": [ [ [ [ 115.245546271243484, -8.491600370760466 ], [ 115.245540879807777, -8.491626710104526 ], [ 115.245497780698088, -8.491617965996284 ], [ 115.245477170934805, -8.491613783249477 ], [ 115.245479715116858, -8.491601354618751 ], [ 115.245482562370398, -8.491587444804679 ], [ 115.245495409185878, -8.491590051039964 ], [ 115.245546271243484, -8.491600370760466 ] ] ] ] } },
{ "type": "Feature", "properties": { "latitude": -8.09755297, "longitude": 2.0, "area_in_me": 0.0, "confidence": 6.0, "full_plus": "06P3QW32X+XMCR", "layer": "2dd_buildings_001", "path": "file:///C:/Users/BPN/Downloads/Compressed/2dd_buildings.csv/2dd_buildings_split/2dd_buildings_001.csv?type=csv&maxFields=10000&detectTypes=yes&wktField=geometry&crs=EPSG:4326&spatialIndex=no&subsetIndex=no&watchFile=no", "Shape_Leng": 0.00017853781, "Shape_Area": 1.99e-09 }, "geometry": { "type": "MultiPolygon", "coordinates": [ [ [ [ 115.245861199434898, -8.491668876617325 ], [ 115.245851398623245, -8.491710075459594 ], [ 115.245805730150437, -8.491699307876729 ], [ 115.245813923873584, -8.491664866540305 ], [ 115.245815531861354, -8.491658109034461 ], [ 115.245842462959331, -8.491664459147444 ], [ 115.245861199434898, -8.491668876617325 ] ] ] ] } },
{ "type": "Feature", "properties": { "latitude": -8.36279596, "longitude": 0.0, "area_in_me": 1.0, "confidence": 1.0, "full_plus": "06P3QJ6PV+V4M5", "layer": "2dd_buildings_001", "path": "file:///C:/Users/BPN/Downloads/Compressed/2dd_buildings.csv/2dd_buildings_split/2dd_buildings_001.csv?type=csv&maxFields=10000&detectTypes=yes&wktField=geometry&crs=EPSG:4326&spatialIndex=no&subsetIndex=no&watchFile=no", "Shape_Leng": 0.00037159333, "Shape_Area": 7.52e-09 }, "geometry": { "type": "MultiPolygon", "coordinates": [ [ [ [ 115.246535460742962, -8.489043348171947 ], [ 115.246473614365868, -8.489044473223828 ], [ 115.246472519890972, -8.488984869755882 ], [ 115.246534367167328, -8.488983744704001 ], [ 115.246598682183503, -8.48898257468602 ], [ 115.246599775759137, -8.489042179053286 ], [ 115.246535460742962, -8.489043348171947 ] ] ] ] } },
{ "type": "Feature", "properties": { "latitude": -8.54404593, "longitude": 9.0, "area_in_me": 1.0, "confidence": 3.0, "full_plus": "06P3QF84H+9RJ4", "layer": "2dd_buildings_001", "path": "file:///C:/Users/BPN/Downloads/Compressed/2dd_buildings.csv/2dd_buildings_split/2dd_buildings_001.csv?type=csv&maxFields=10000&detectTypes=yes&wktField=geometry&crs=EPSG:4326&spatialIndex=no&subsetIndex=no&watchFile=no", "Shape_Leng": 0.00014672331, "Shape_Area": 1.32e-09 }, "geometry": { "type": "MultiPolygon", "coordinates": [ [ [ [ 115.24671098772194, -8.486472806974405 ], [ 115.246669787980409, -8.486474905092734 ], [ 115.246668140422457, -8.486442838865855 ], [ 115.246709340163989, -8.486440740747526 ], [ 115.24671098772194, -8.486472806974405 ] ] ] ] } },
{ "type": "Feature", "properties": { "latitude": -8.78081775, "longitude": 2.0, "area_in_me": 9.0, "confidence": 5.0, "full_plus": "06P3Q659C+M4H6", "layer": "2dd_buildings_001", "path": "file:///C:/Users/BPN/Downloads/Compressed/2dd_buildings.csv/2dd_buildings_split/2dd_buildings_001.csv?type=csv&maxFields=10000&detectTypes=yes&wktField=geometry&crs=EPSG:4326&spatialIndex=no&subsetIndex=no&watchFile=no", "Shape_Leng": 0.00020545081, "Shape_Area": 2.55e-09 }, "geometry": { "type": "MultiPolygon", "coordinates": [ [ [ [ 115.245396827301761, -8.488681671421944 ], [ 115.245396503545862, -8.488639809779329 ], [ 115.245457364266031, -8.488639343031195 ], [ 115.245457688021929, -8.48868120467381 ], [ 115.245396827301761, -8.488681671421944 ] ] ] ] } },
{ "type": "Feature", "properties": { "latitude": -8.55133526, "longitude": 0.0, "area_in_me": 1.0, "confidence": 1.0, "full_plus": "06P3QC7XC+F57F", "layer": "2dd_buildings_001", "path": "file:///C:/Users/BPN/Downloads/Compressed/2dd_buildings.csv/2dd_buildings_split/2dd_buildings_001.csv?type=csv&maxFields=10000&detectTypes=yes&wktField=geometry&crs=EPSG:4326&spatialIndex=no&subsetIndex=no&watchFile=no", "Shape_Leng": 0.00029792003, "Shape_Area": 5.33e-09 }, "geometry": { "type": "MultiPolygon", "coordinates": [ [ [ [ 115.245458617021654, -8.488482563319621 ], [ 115.245460157560274, -8.48851569074651 ], [ 115.245371034745517, -8.488519797950289 ], [ 115.245368259437669, -8.488460119838635 ], [ 115.245457382252425, -8.488456012634856 ], [ 115.245458617021654, -8.488482563319621 ] ] ] ] } },
{ "type": "Feature", "properties": { "latitude": -8.40489771, "longitude": 0.0, "area_in_me": 5.0, "confidence": 3.0, "full_plus": "06P3PHRWG+2HX5", "layer": "2dd_buildings_001", "path": "file:///C:/Users/BPN/Downloads/Compressed/2dd_buildings.csv/2dd_buildings_split/2dd_buildings_001.csv?type=csv&maxFields=10000&detectTypes=yes&wktField=geometry&crs=EPSG:4326&spatialIndex=no&subsetIndex=no&watchFile=no", "Shape_Leng": 0.00014159897, "Shape_Area": 1.22e-09 }, "geometry": { "type": "MultiPolygon", "coordinates": [ [ [ [ 115.24635669530528, -8.491451487995732 ], [ 115.246348996209235, -8.491492160734595 ], [ 115.246320095596047, -8.49148673782264 ], [ 115.246327794691979, -8.491446065983098 ], [ 115.24635669530528, -8.491451487995732 ] ] ] ] } },
{ "type": "Feature", "properties": { "latitude": -8.46541677, "longitude": 9.0, "area_in_me": 4.0, "confidence": 1.0, "full_plus": "06P3QG5MC+RVJ6", "layer": "2dd_buildings_001", "path": "file:///C:/Users/BPN/Downloads/Compressed/2dd_buildings.csv/2dd_buildings_split/2dd_buildings_001.csv?type=csv&maxFields=10000&detectTypes=yes&wktField=geometry&crs=EPSG:4326&spatialIndex=no&subsetIndex=no&watchFile=no", "Shape_Leng": 0.00035493168, "Shape_Area": 7.23e-09 }, "geometry": { "type": "MultiPolygon", "coordinates": [ [ [ [ 115.24677590078727, -8.487743102062439 ], [ 115.246776515923557, -8.487756818522314 ], [ 115.246662511565773, -8.487761886202065 ], [ 115.246659673305317, -8.487698600909653 ], [ 115.2467736776631, -8.487693533229901 ], [ 115.24677590078727, -8.487743102062439 ] ] ] ] } },
{ "type": "Feature", "properties": { "latitude": -8.36906757, "longitude": 0.0, "area_in_me": 6.0, "confidence": 1.0, "full_plus": "06P3PJJJM+9QG8", "layer": "2dd_buildings_001", "path": "file:///C:/Users/BPN/Downloads/Compressed/2dd_buildings.csv/2dd_buildings_split/2dd_buildings_001.csv?type=csv&maxFields=10000&detectTypes=yes&wktField=geometry&crs=EPSG:4326&spatialIndex=no&subsetIndex=no&watchFile=no", "Shape_Leng": 0.00031607888, "Shape_Area": 6.16e-09 }, "geometry": { "type": "MultiPolygon", "coordinates": [ [ [ [ 115.246863821208422, -8.48782269296288 ], [ 115.246860698762248, -8.487753075543935 ], [ 115.246948963623822, -8.487749151801893 ], [ 115.246952086069996, -8.48781876922078 ], [ 115.246863821208422, -8.48782269296288 ] ] ] ] } },
{ "type": "Feature", "properties": { "latitude": -8.53365259, "longitude": 3.0, "area_in_me": 4.0, "confidence": 0.0, "full_plus": "06P3QF585+GMJR", "layer": "2dd_buildings_001", "path": "file:///C:/Users/BPN/Downloads/Compressed/2dd_buildings.csv/2dd_buildings_split/2dd_buildings_001.csv?type=csv&maxFields=10000&detectTypes=yes&wktField=geometry&crs=EPSG:4326&spatialIndex=no&subsetIndex=no&watchFile=no", "Shape_Leng": 0.00037565382, "Shape_Area": 7.79e-09 }, "geometry": { "type": "MultiPolygon", "coordinates": [ [ [ [ 115.245319999118692, -8.485877077165355 ], [ 115.245309118221257, -8.486002272686676 ], [ 115.245307052478552, -8.486002094620915 ], [ 115.245247495775402, -8.485996963988669 ], [ 115.245258403652429, -8.485871460899148 ], [ 115.245320026098398, -8.485876769597212 ], [ 115.245319999118692, -8.485877077165355 ] ] ] ] } },
{ "type": "Feature", "properties": { "latitude": -8.12907884, "longitude": 0.0, "area_in_me": 7.0, "confidence": 8.0, "full_plus": "06P3QV5CX+9P8V", "layer": "2dd_buildings_001", "path": "file:///C:/Users/BPN/Downloads/Compressed/2dd_buildings.csv/2dd_buildings_split/2dd_buildings_001.csv?type=csv&maxFields=10000&detectTypes=yes&wktField=geometry&crs=EPSG:4326&spatialIndex=no&subsetIndex=no&watchFile=no", "Shape_Leng": 0.00029710029, "Shape_Area": 5.19e-09 }, "geometry": { "type": "MultiPolygon", "coordinates": [ [ [ [ 115.244664147832168, -8.486149922480877 ], [ 115.244656048537877, -8.486205612998617 ], [ 115.244564718786819, -8.486192447823157 ], [ 115.24457281808111, -8.486136757305474 ], [ 115.244664147832168, -8.486149922480877 ] ] ] ] } },
{ "type": "Feature", "properties": { "latitude": -8.58607211, "longitude": 0.0, "area_in_me": 9.0, "confidence": 8.0, "full_plus": "06P3QC474+HGC5", "layer": "2dd_buildings_001", "path": "file:///C:/Users/BPN/Downloads/Compressed/2dd_buildings.csv/2dd_buildings_split/2dd_buildings_001.csv?type=csv&maxFields=10000&detectTypes=yes&wktField=geometry&crs=EPSG:4326&spatialIndex=no&subsetIndex=no&watchFile=no", "Shape_Leng": 0.00021459519, "Shape_Area": 2.68e-09 }, "geometry": { "type": "MultiPolygon", "coordinates": [ [ [ [ 115.245856862004644, -8.492414222138621 ], [ 115.245841730011875, -8.492480303423235 ], [ 115.245803203954779, -8.492471559314936 ], [ 115.245818335947547, -8.492405478030321 ], [ 115.245856862004644, -8.492414222138621 ] ] ] ] } },
{ "type": "Feature", "properties": { "latitude": -8.65644817, "longitude": 3.0, "area_in_me": 2.0, "confidence": 3.0, "full_plus": "06P3Q86V4+C5H2", "layer": "2dd_buildings_001", "path": "file:///C:/Users/BPN/Downloads/Compressed/2dd_buildings.csv/2dd_buildings_split/2dd_buildings_001.csv?type=csv&maxFields=10000&detectTypes=yes&wktField=geometry&crs=EPSG:4326&spatialIndex=no&subsetIndex=no&watchFile=no", "Shape_Leng": 0.00019299093, "Shape_Area": 2.28e-09 }, "geometry": { "type": "MultiPolygon", "coordinates": [ [ [ [ 115.246332836291458, -8.486629357358936 ], [ 115.246291696804406, -8.486631458175225 ], [ 115.246288852248767, -8.4865762290097 ], [ 115.24632999173582, -8.486574128193411 ], [ 115.246332836291458, -8.486629357358936 ] ] ] ] } },
{ "type": "Feature", "properties": { "latitude": -8.62564612, "longitude": 3.0, "area_in_me": 7.0, "confidence": 8.0, "full_plus": "06P3Q95F4+PJX5", "layer": "2dd_buildings_001", "path": "file:///C:/Users/BPN/Downloads/Compressed/2dd_buildings.csv/2dd_buildings_split/2dd_buildings_001.csv?type=csv&maxFields=10000&detectTypes=yes&wktField=geometry&crs=EPSG:4326&spatialIndex=no&subsetIndex=no&watchFile=no", "Shape_Leng": 0.00031239251, "Shape_Area": 6.1e-09 }, "geometry": { "type": "MultiPolygon", "coordinates": [ [ [ [ 115.242718646248591, -8.484783679623092 ], [ 115.242672962487291, -8.484845555677794 ], [ 115.242608981119588, -8.484798736072776 ], [ 115.242654664880888, -8.484736859118698 ], [ 115.242718646248591, -8.484783679623092 ] ] ] ] } },
{ "type": "Feature", "properties": { "latitude": -8.41490982, "longitude": 0.0, "area_in_me": 3.0, "confidence": 1.0, "full_plus": "06P3QH7PM+2RJM", "layer": "2dd_buildings_001", "path": "file:///C:/Users/BPN/Downloads/Compressed/2dd_buildings.csv/2dd_buildings_split/2dd_buildings_001.csv?type=csv&maxFields=10000&detectTypes=yes&wktField=geometry&crs=EPSG:4326&spatialIndex=no&subsetIndex=no&watchFile=no", "Shape_Leng": 0.00024170211, "Shape_Area": 3.57e-09 }, "geometry": { "type": "MultiPolygon", "coordinates": [ [ [ [ 115.245719375448857, -8.487760622654548 ], [ 115.245650009840119, -8.487764234331905 ], [ 115.245647313672634, -8.487712913620044 ], [ 115.245716679281372, -8.487709301942687 ], [ 115.245719375448857, -8.487760622654548 ] ] ] ] } },
{ "type": "Feature", "properties": { "latitude": -8.54135374, "longitude": 0.0, "area_in_me": 1.0, "confidence": 5.0, "full_plus": "06P3QFC54+F73R", "layer": "2dd_buildings_001", "path": "file:///C:/Users/BPN/Downloads/Compressed/2dd_buildings.csv/2dd_buildings_split/2dd_buildings_001.csv?type=csv&maxFields=10000&detectTypes=yes&wktField=geometry&crs=EPSG:4326&spatialIndex=no&subsetIndex=no&watchFile=no", "Shape_Leng": 0.00019778254, "Shape_Area": 2.38e-09 }, "geometry": { "type": "MultiPolygon", "coordinates": [ [ [ [ 115.246210229918233, -8.489660167982322 ], [ 115.246205801656515, -8.489701445065577 ], [ 115.246148745967957, -8.489695378239048 ], [ 115.246153174229676, -8.489654101155793 ], [ 115.246210229918233, -8.489660167982322 ] ] ] ] } },
{ "type": "Feature", "properties": { "latitude": -8.47292279, "longitude": 0.0, "area_in_me": 3.0, "confidence": 0.0, "full_plus": "06P3QG7GR+R6M5", "layer": "2dd_buildings_001", "path": "file:///C:/Users/BPN/Downloads/Compressed/2dd_buildings.csv/2dd_buildings_split/2dd_buildings_001.csv?type=csv&maxFields=10000&detectTypes=yes&wktField=geometry&crs=EPSG:4326&spatialIndex=no&subsetIndex=no&watchFile=no", "Shape_Leng": 0.00046523732, "Shape_Area": 9.93e-09 }, "geometry": { "type": "MultiPolygon", "coordinates": [ [ [ [ 115.24491132289927, -8.486242596718398 ], [ 115.244829106877887, -8.486230744553154 ], [ 115.244837215165376, -8.486174998277477 ], [ 115.245011697132213, -8.486200152315121 ], [ 115.245003588844611, -8.486255898590798 ], [ 115.24491132289927, -8.486242596718398 ] ] ] ] } },
{ "type": "Feature", "properties": { "latitude": -8.18747621, "longitude": 0.0, "area_in_me": 6.0, "confidence": 8.0, "full_plus": "06P3QRF74+2J2W", "layer": "2dd_buildings_001", "path": "file:///C:/Users/BPN/Downloads/Compressed/2dd_buildings.csv/2dd_buildings_split/2dd_buildings_001.csv?type=csv&maxFields=10000&detectTypes=yes&wktField=geometry&crs=EPSG:4326&spatialIndex=no&subsetIndex=no&watchFile=no", "Shape_Leng": 0.00025501464, "Shape_Area": 3.31e-09 }, "geometry": { "type": "MultiPolygon", "coordinates": [ [ [ [ 115.245705962959846, -8.492008323924949 ], [ 115.245699151494705, -8.492043902004411 ], [ 115.245609468402336, -8.492026883234018 ], [ 115.245616279867477, -8.491991306053876 ], [ 115.245705962959846, -8.492008323924949 ] ] ] ] } },
{ "type": "Feature", "properties": { "latitude": -8.43111521, "longitude": 0.0, "area_in_me": 4.0, "confidence": 9.0, "full_plus": "06P3QH69W+HW48", "layer": "2dd_buildings_001", "path": "file:///C:/Users/BPN/Downloads/Compressed/2dd_buildings.csv/2dd_buildings_split/2dd_buildings_001.csv?type=csv&maxFields=10000&detectTypes=yes&wktField=geometry&crs=EPSG:4326&spatialIndex=no&subsetIndex=no&watchFile=no", "Shape_Leng": 0.00013696317, "Shape_Area": 1.15e-09 }, "geometry": { "type": "MultiPolygon", "coordinates": [ [ [ [ 115.245499341921118, -8.48768856897226 ], [ 115.245495937987243, -8.487718327538744 ], [ 115.245457653847666, -8.48771398741053 ], [ 115.245458540579193, -8.487706236153826 ], [ 115.245460480416909, -8.487689280335985 ], [ 115.24546105868103, -8.487684228844046 ], [ 115.245499341921118, -8.48768856897226 ] ] ] ] } },
{ "type": "Feature", "properties": { "latitude": -8.39882634, "longitude": 9.0, "area_in_me": 5.0, "confidence": 1.0, "full_plus": "06P3QJH2F+F96R", "layer": "2dd_buildings_001", "path": "file:///C:/Users/BPN/Downloads/Compressed/2dd_buildings.csv/2dd_buildings_split/2dd_buildings_001.csv?type=csv&maxFields=10000&detectTypes=yes&wktField=geometry&crs=EPSG:4326&spatialIndex=no&subsetIndex=no&watchFile=no", "Shape_Leng": 0.00015854731, "Shape_Area": 1.49e-09 }, "geometry": { "type": "MultiPolygon", "coordinates": [ [ [ [ 115.24673404633927, -8.486538738072284 ], [ 115.246731648746618, -8.486569119868932 ], [ 115.246682999920608, -8.486565314837378 ], [ 115.246685397513147, -8.486534933040673 ], [ 115.24673404633927, -8.486538738072284 ] ] ] ] } },
{ "type": "Feature", "properties": { "latitude": -8.79468244, "longitude": 3.0, "area_in_me": 7.0, "confidence": 1.0, "full_plus": "06P3Q6647+4QGQ", "layer": "2dd_buildings_001", "path": "file:///C:/Users/BPN/Downloads/Compressed/2dd_buildings.csv/2dd_buildings_split/2dd_buildings_001.csv?type=csv&maxFields=10000&detectTypes=yes&wktField=geometry&crs=EPSG:4326&spatialIndex=no&subsetIndex=no&watchFile=no", "Shape_Leng": 0.00031727678, "Shape_Area": 6.19e-09 }, "geometry": { "type": "MultiPolygon", "coordinates": [ [ [ [ 115.244843423185443, -8.486079776260624 ], [ 115.24483104491685, -8.486147709249337 ], [ 115.244742884376706, -8.486131787651857 ], [ 115.244755263544675, -8.486063853763767 ], [ 115.244843423185443, -8.486079776260624 ] ] ] ] } },
{ "type": "Feature", "properties": { "latitude": -8.56153604, "longitude": 0.0, "area_in_me": 5.0, "confidence": 2.0, "full_plus": "06P3QC8Q3+9QPH", "layer": "2dd_buildings_001", "path": "file:///C:/Users/BPN/Downloads/Compressed/2dd_buildings.csv/2dd_buildings_split/2dd_buildings_001.csv?type=csv&maxFields=10000&detectTypes=yes&wktField=geometry&crs=EPSG:4326&spatialIndex=no&subsetIndex=no&watchFile=no", "Shape_Leng": 0.00023106602, "Shape_Area": 2.44e-09 }, "geometry": { "type": "MultiPolygon", "coordinates": [ [ [ [ 115.246810585839967, -8.491200247992992 ], [ 115.24679793237874, -8.491225094462493 ], [ 115.2467196850655, -8.49118559893617 ], [ 115.246732338526613, -8.491160752466726 ], [ 115.246810585839967, -8.491200247992992 ] ] ] ] } },
{ "type": "Feature", "properties": { "latitude": -8.38285489, "longitude": 3.0, "area_in_me": 9.0, "confidence": 1.0, "full_plus": "06P3QJ68C+V64W", "layer": "2dd_buildings_001", "path": "file:///C:/Users/BPN/Downloads/Compressed/2dd_buildings.csv/2dd_buildings_split/2dd_buildings_001.csv?type=csv&maxFields=10000&detectTypes=yes&wktField=geometry&crs=EPSG:4326&spatialIndex=no&subsetIndex=no&watchFile=no", "Shape_Leng": 0.00024020126, "Shape_Area": 2.59e-09 }, "geometry": { "type": "MultiPolygon", "coordinates": [ [ [ [ 115.246693652390263, -8.485938705906506 ], [ 115.24666554497901, -8.485941499200806 ], [ 115.246661003402664, -8.485896208443194 ], [ 115.246656379988053, -8.48585010289986 ], [ 115.246663258002968, -8.485849419415104 ], [ 115.24668448649993, -8.485847308706298 ], [ 115.246688426429841, -8.485886594690555 ], [ 115.246690984101747, -8.485912102161763 ], [ 115.246693652390263, -8.485938705906506 ] ] ] ] } },
{ "type": "Feature", "properties": { "latitude": -8.42602948, "longitude": 0.0, "area_in_me": 1.0, "confidence": 7.0, "full_plus": "06P3QHFFH+H7QV", "layer": "2dd_buildings_001", "path": "file:///C:/Users/BPN/Downloads/Compressed/2dd_buildings.csv/2dd_buildings_split/2dd_buildings_001.csv?type=csv&maxFields=10000&detectTypes=yes&wktField=geometry&crs=EPSG:4326&spatialIndex=no&subsetIndex=no&watchFile=no", "Shape_Leng": 0.00020263159, "Shape_Area": 2.56e-09 }, "geometry": { "type": "MultiPolygon", "coordinates": [ [ [ [ 115.246213822709819, -8.488396875015724 ], [ 115.246165845677297, -8.488398937161151 ], [ 115.246163535318942, -8.488345692799442 ], [ 115.246211512351465, -8.488343630653958 ], [ 115.246213822709819, -8.488396875015724 ] ] ] ] } },
{ "type": "Feature", "properties": { "latitude": -8.56876471, "longitude": 0.0, "area_in_me": 9.0, "confidence": 1.0, "full_plus": "06P3QC7JX+F3RC", "layer": "2dd_buildings_001", "path": "file:///C:/Users/BPN/Downloads/Compressed/2dd_buildings.csv/2dd_buildings_split/2dd_buildings_001.csv?type=csv&maxFields=10000&detectTypes=yes&wktField=geometry&crs=EPSG:4326&spatialIndex=no&subsetIndex=no&watchFile=no", "Shape_Leng": 0.00030690296, "Shape_Area": 5.55e-09 }, "geometry": { "type": "MultiPolygon", "coordinates": [ [ [ [ 115.246197513504512, -8.489570163831957 ], [ 115.246191413403039, -8.489628259136794 ], [ 115.246117344340064, -8.489620551047551 ], [ 115.246096887461476, -8.489618422352237 ], [ 115.246102986663573, -8.4895603270474 ], [ 115.246197513504512, -8.489570163831957 ] ] ] ] } },
{ "type": "Feature", "properties": { "latitude": -8.76045262, "longitude": 2.0, "area_in_me": 5.0, "confidence": 3.0, "full_plus": "06P3Q6HQV+R39X", "layer": "2dd_buildings_001", "path": "file:///C:/Users/BPN/Downloads/Compressed/2dd_buildings.csv/2dd_buildings_split/2dd_buildings_001.csv?type=csv&maxFields=10000&detectTypes=yes&wktField=geometry&crs=EPSG:4326&spatialIndex=no&subsetIndex=no&watchFile=no", "Shape_Leng": 0.00028246032, "Shape_Area": 4.5e-09 }, "geometry": { "type": "MultiPolygon", "coordinates": [ [ [ [ 115.245612189750773, -8.487403322904981 ], [ 115.245606271312454, -8.487403829223297 ], [ 115.245602085867631, -8.487355343174499 ], [ 115.24569431224279, -8.487347451623521 ], [ 115.245698279152293, -8.487393409678077 ], [ 115.245698497687613, -8.487395938571638 ], [ 115.245612189750773, -8.487403322904981 ] ] ] ] } },
{ "type": "Feature", "properties": { "latitude": -8.60540648, "longitude": 9.0, "area_in_me": 8.0, "confidence": 1.0, "full_plus": "06P3Q94VR+RJJJ", "layer": "2dd_buildings_001", "path": "file:///C:/Users/BPN/Downloads/Compressed/2dd_buildings.csv/2dd_buildings_split/2dd_buildings_001.csv?type=csv&maxFields=10000&detectTypes=yes&wktField=geometry&crs=EPSG:4326&spatialIndex=no&subsetIndex=no&watchFile=no", "Shape_Leng": 0.00017590261, "Shape_Area": 1.79e-09 }, "geometry": { "type": "MultiPolygon", "coordinates": [ [ [ [ 115.246527650131043, -8.486438100338034 ], [ 115.246526012465552, -8.486406212176917 ], [ 115.24658196018936, -8.48640336312468 ], [ 115.246583598754114, -8.486435252185117 ], [ 115.246527650131043, -8.486438100338034 ] ] ] ] } },
{ "type": "Feature", "properties": { "latitude": -8.1391681, "longitude": 9.0, "area_in_me": 5.0, "confidence": 9.0, "full_plus": "06P3QV762+88P6", "layer": "2dd_buildings_001", "path": "file:///C:/Users/BPN/Downloads/Compressed/2dd_buildings.csv/2dd_buildings_split/2dd_buildings_001.csv?type=csv&maxFields=10000&detectTypes=yes&wktField=geometry&crs=EPSG:4326&spatialIndex=no&subsetIndex=no&watchFile=no", "Shape_Leng": 0.00028856813, "Shape_Area": 5.09e-09 }, "geometry": { "type": "MultiPolygon", "coordinates": [ [ [ [ 115.245173322390997, -8.487676295024926 ], [ 115.245090390509176, -8.487678682725004 ], [ 115.245088609851564, -8.487617391229549 ], [ 115.245171541733271, -8.487615002630207 ], [ 115.245173322390997, -8.487676295024926 ] ] ] ] } },
{ "type": "Feature", "properties": { "latitude": -8.63743705, "longitude": 3.0, "area_in_me": 5.0, "confidence": 3.0, "full_plus": "06P3Q947X+2FFC", "layer": "2dd_buildings_001", "path": "file:///C:/Users/BPN/Downloads/Compressed/2dd_buildings.csv/2dd_buildings_split/2dd_buildings_001.csv?type=csv&maxFields=10000&detectTypes=yes&wktField=geometry&crs=EPSG:4326&spatialIndex=no&subsetIndex=no&watchFile=no", "Shape_Leng": 0.00019858169, "Shape_Area": 2.03e-09 }, "geometry": { "type": "MultiPolygon", "coordinates": [ [ [ [ 115.245266246640085, -8.487612275885795 ], [ 115.245237561864087, -8.48761310146341 ], [ 115.245235512309137, -8.487542537058403 ], [ 115.245263906604123, -8.487541718675345 ], [ 115.245264196185758, -8.487541710581411 ], [ 115.245266018212192, -8.487604417609759 ], [ 115.245266246640085, -8.487612275885795 ] ] ] ] } },
{ "type": "Feature", "properties": { "latitude": -8.51351022, "longitude": 2.0, "area_in_me": 1.0, "confidence": 0.0, "full_plus": "06P3QFCP2+HMRH", "layer": "2dd_buildings_001", "path": "file:///C:/Users/BPN/Downloads/Compressed/2dd_buildings.csv/2dd_buildings_split/2dd_buildings_001.csv?type=csv&maxFields=10000&detectTypes=yes&wktField=geometry&crs=EPSG:4326&spatialIndex=no&subsetIndex=no&watchFile=no", "Shape_Leng": 0.0002416329, "Shape_Area": 3.43e-09 }, "geometry": { "type": "MultiPolygon", "coordinates": [ [ [ [ 115.245480386910344, -8.486482632967068 ], [ 115.245434793980621, -8.486483177956245 ], [ 115.245434132079595, -8.486428264452798 ], [ 115.245434075422281, -8.48642354840797 ], [ 115.245433887463946, -8.486407963156921 ], [ 115.245479480393783, -8.486407418167744 ], [ 115.245480386910344, -8.486482632967068 ] ] ] ] } },
{ "type": "Feature", "properties": { "latitude": -8.09904061, "longitude": 9.0, "area_in_me": 5.0, "confidence": 1.0, "full_plus": "06P3QW622+97M9", "layer": "2dd_buildings_001", "path": "file:///C:/Users/BPN/Downloads/Compressed/2dd_buildings.csv/2dd_buildings_split/2dd_buildings_001.csv?type=csv&maxFields=10000&detectTypes=yes&wktField=geometry&crs=EPSG:4326&spatialIndex=no&subsetIndex=no&watchFile=no", "Shape_Leng": 0.00063713232, "Shape_Area": 1.256e-08 }, "geometry": { "type": "MultiPolygon", "coordinates": [ [ [ [ 115.242234033074283, -8.485935035773252 ], [ 115.242240062129213, -8.485970339559458 ], [ 115.242260126903375, -8.485966942820085 ], [ 115.242267629947264, -8.48601087470206 ], [ 115.242268998715417, -8.486018892158086 ], [ 115.242194096880098, -8.486031571699641 ], [ 115.242200875070353, -8.486071259680841 ], [ 115.24217777958097, -8.486075169033768 ], [ 115.242187333978336, -8.486131111361658 ], [ 115.24216493456413, -8.486134902903416 ], [ 115.242145016379482, -8.486018275223159 ], [ 115.242167415793688, -8.486014483681458 ], [ 115.242154261410064, -8.4859374585468 ], [ 115.242232193960604, -8.485924266391748 ], [ 115.242234033074283, -8.485935035773252 ] ] ] ] } },
{ "type": "Feature", "properties": { "latitude": -8.44900124, "longitude": 9.0, "area_in_me": 5.0, "confidence": 2.0, "full_plus": "06P3QH92J+92VV", "layer": "2dd_buildings_001", "path": "file:///C:/Users/BPN/Downloads/Compressed/2dd_buildings.csv/2dd_buildings_split/2dd_buildings_001.csv?type=csv&maxFields=10000&detectTypes=yes&wktField=geometry&crs=EPSG:4326&spatialIndex=no&subsetIndex=no&watchFile=no", "Shape_Leng": 0.00022032818, "Shape_Area": 2.17e-09 }, "geometry": { "type": "MultiPolygon", "coordinates": [ [ [ [ 115.246885976007093, -8.4868049221094 ], [ 115.246821593541767, -8.486807675833518 ], [ 115.24682131295333, -8.486801180929717 ], [ 115.246820488274921, -8.486782064040995 ], [ 115.246904940011063, -8.486778452363637 ], [ 115.246906044378534, -8.486804064156217 ], [ 115.246885976007093, -8.4868049221094 ] ] ] ] } },
{ "type": "Feature", "properties": { "latitude": -8.34535263, "longitude": 2.0, "area_in_me": 1.0, "confidence": 3.0, "full_plus": "06P3PMJ39+VP5R", "layer": "2dd_buildings_001", "path": "file:///C:/Users/BPN/Downloads/Compressed/2dd_buildings.csv/2dd_buildings_split/2dd_buildings_001.csv?type=csv&maxFields=10000&detectTypes=yes&wktField=geometry&crs=EPSG:4326&spatialIndex=no&subsetIndex=no&watchFile=no", "Shape_Leng": 0.00011045946, "Shape_Area": 7.5e-10 }, "geometry": { "type": "MultiPolygon", "coordinates": [ [ [ [ 115.242872573310706, -8.485656888054905 ], [ 115.242872460895455, -8.485681654484722 ], [ 115.242841998159747, -8.485681516888462 ], [ 115.242842071004816, -8.485665561116718 ], [ 115.242842110574998, -8.485656750458645 ], [ 115.242862041350236, -8.485656840390845 ], [ 115.242872573310706, -8.485656888054905 ] ] ] ] } },
{ "type": "Feature", "properties": { "latitude": -8.20373555, "longitude": 9.0, "area_in_me": 7.0, "confidence": 1.0, "full_plus": "06P3QQFW6+G54C", "layer": "2dd_buildings_001", "path": "file:///C:/Users/BPN/Downloads/Compressed/2dd_buildings.csv/2dd_buildings_split/2dd_buildings_001.csv?type=csv&maxFields=10000&detectTypes=yes&wktField=geometry&crs=EPSG:4326&spatialIndex=no&subsetIndex=no&watchFile=no", "Shape_Leng": 0.00021630234, "Shape_Area": 2.8e-09 }, "geometry": { "type": "MultiPolygon", "coordinates": [ [ [ [ 115.247308276056174, -8.486162057033255 ], [ 115.247299664148272, -8.486226724583616 ], [ 115.24725712081954, -8.486221109216785 ], [ 115.247265731828179, -8.486156441666424 ], [ 115.247308276056174, -8.486162057033255 ] ] ] ] } },
{ "type": "Feature", "properties": { "latitude": -8.47018867, "longitude": 2.0, "area_in_me": 5.0, "confidence": 0.0, "full_plus": "06P3QGCH3+W5CF", "layer": "2dd_buildings_001", "path": "file:///C:/Users/BPN/Downloads/Compressed/2dd_buildings.csv/2dd_buildings_split/2dd_buildings_001.csv?type=csv&maxFields=10000&detectTypes=yes&wktField=geometry&crs=EPSG:4326&spatialIndex=no&subsetIndex=no&watchFile=no", "Shape_Leng": 0.00026457903, "Shape_Area": 4.37e-09 }, "geometry": { "type": "MultiPolygon", "coordinates": [ [ [ [ 115.2465625249406, -8.488502244982556 ], [ 115.2465581020748, -8.488438275306123 ], [ 115.246626109707222, -8.488433615019289 ], [ 115.246630532573135, -8.488497584695722 ], [ 115.2465625249406, -8.488502244982556 ] ] ] ] } },
{ "type": "Feature", "properties": { "latitude": -8.57519084, "longitude": 9.0, "area_in_me": 7.0, "confidence": 2.0, "full_plus": "06P3QC8FJ+WJG8", "layer": "2dd_buildings_001", "path": "file:///C:/Users/BPN/Downloads/Compressed/2dd_buildings.csv/2dd_buildings_split/2dd_buildings_001.csv?type=csv&maxFields=10000&detectTypes=yes&wktField=geometry&crs=EPSG:4326&spatialIndex=no&subsetIndex=no&watchFile=no", "Shape_Leng": 0.0002655809, "Shape_Area": 4.39e-09 }, "geometry": { "type": "MultiPolygon", "coordinates": [ [ [ [ 115.245131471540276, -8.492323602851968 ], [ 115.245115104778279, -8.492383931173435 ], [ 115.245047233842797, -8.492365681231149 ], [ 115.245063125762726, -8.492307106587646 ], [ 115.245063601504057, -8.492305352909682 ], [ 115.245075180275421, -8.492308466362601 ], [ 115.245131471540276, -8.492323602851968 ] ] ] ] } },
{ "type": "Feature", "properties": { "latitude": -8.53344116, "longitude": 2.0, "area_in_me": 6.0, "confidence": 1.0, "full_plus": "06P3QFC87+JCG9", "layer": "2dd_buildings_001", "path": "file:///C:/Users/BPN/Downloads/Compressed/2dd_buildings.csv/2dd_buildings_split/2dd_buildings_001.csv?type=csv&maxFields=10000&detectTypes=yes&wktField=geometry&crs=EPSG:4326&spatialIndex=no&subsetIndex=no&watchFile=no", "Shape_Leng": 0.00093121685, "Shape_Area": 2.071e-08 }, "geometry": { "type": "MultiPolygon", "coordinates": [ [ [ [ 115.243171672534686, -8.485792184761465 ], [ 115.243184232466433, -8.485888564205823 ], [ 115.2432099674661, -8.485885239412198 ], [ 115.243210979203354, -8.485885109010553 ], [ 115.24321100618306, -8.485885316753922 ], [ 115.243222971662817, -8.485977198688715 ], [ 115.243181806095549, -8.48598250738678 ], [ 115.243141366281066, -8.48567214325476 ], [ 115.243265979941043, -8.485656047188797 ], [ 115.243281499541581, -8.485775139910743 ], [ 115.243281865565677, -8.485777951191437 ], [ 115.243196361622836, -8.485788995765517 ], [ 115.243171672534686, -8.485792184761465 ] ] ] ] } },
{ "type": "Feature", "properties": { "latitude": -8.43196483, "longitude": 0.0, "area_in_me": 8.0, "confidence": 0.0, "full_plus": "06P3QHH9G+628H", "layer": "2dd_buildings_001", "path": "file:///C:/Users/BPN/Downloads/Compressed/2dd_buildings.csv/2dd_buildings_split/2dd_buildings_001.csv?type=csv&maxFields=10000&detectTypes=yes&wktField=geometry&crs=EPSG:4326&spatialIndex=no&subsetIndex=no&watchFile=no", "Shape_Leng": 0.00012964614, "Shape_Area": 1.03e-09 }, "geometry": { "type": "MultiPolygon", "coordinates": [ [ [ [ 115.245859841458582, -8.491129788808678 ], [ 115.245852961644914, -8.491157146185287 ], [ 115.24581743482679, -8.491148290561114 ], [ 115.245824314640458, -8.491120933184447 ], [ 115.245859841458582, -8.491129788808678 ] ] ] ] } },
{ "type": "Feature", "properties": { "latitude": -8.20489922, "longitude": 0.0, "area_in_me": 4.0, "confidence": 1.0, "full_plus": "06P3QQ9W4+25X4", "layer": "2dd_buildings_001", "path": "file:///C:/Users/BPN/Downloads/Compressed/2dd_buildings.csv/2dd_buildings_split/2dd_buildings_001.csv?type=csv&maxFields=10000&detectTypes=yes&wktField=geometry&crs=EPSG:4326&spatialIndex=no&subsetIndex=no&watchFile=no", "Shape_Leng": 0.00020515355, "Shape_Area": 1.94e-09 }, "geometry": { "type": "MultiPolygon", "coordinates": [ [ [ [ 115.242617235996704, -8.486294753799825 ], [ 115.242555471457877, -8.486341800933303 ], [ 115.24254027741199, -8.486322030237432 ], [ 115.242602041950704, -8.486274983103954 ], [ 115.242617235996704, -8.486294753799825 ] ] ] ] } },
{ "type": "Feature", "properties": { "latitude": -8.29263103, "longitude": 3.0, "area_in_me": 1.0, "confidence": 8.0, "full_plus": "06P3QP74H+W7RP", "layer": "2dd_buildings_001", "path": "file:///C:/Users/BPN/Downloads/Compressed/2dd_buildings.csv/2dd_buildings_split/2dd_buildings_001.csv?type=csv&maxFields=10000&detectTypes=yes&wktField=geometry&crs=EPSG:4326&spatialIndex=no&subsetIndex=no&watchFile=no", "Shape_Leng": 0.00024473139, "Shape_Area": 3.74e-09 }, "geometry": { "type": "MultiPolygon", "coordinates": [ [ [ [ 115.245513824603336, -8.489334295041658 ], [ 115.245491369431193, -8.489391976658339 ], [ 115.245434955858627, -8.489370209467552 ], [ 115.24545741103077, -8.489312527850814 ], [ 115.245513824603336, -8.489334295041658 ] ] ] ] } },
{ "type": "Feature", "properties": { "latitude": -8.46376957, "longitude": 0.0, "area_in_me": 3.0, "confidence": 1.0, "full_plus": "06P3QG9PW+F9V6", "layer": "2dd_buildings_001", "path": "file:///C:/Users/BPN/Downloads/Compressed/2dd_buildings.csv/2dd_buildings_split/2dd_buildings_001.csv?type=csv&maxFields=10000&detectTypes=yes&wktField=geometry&crs=EPSG:4326&spatialIndex=no&subsetIndex=no&watchFile=no", "Shape_Leng": 0.00038685596, "Shape_Area": 8.62e-09 }, "geometry": { "type": "MultiPolygon", "coordinates": [ [ [ [ 115.242667485616039, -8.486410044188119 ], [ 115.242626029567646, -8.486465901080408 ], [ 115.242526250685955, -8.486392502911656 ], [ 115.242567706734349, -8.486336645120048 ], [ 115.242667485616039, -8.486410044188119 ] ] ] ] } },
{ "type": "Feature", "properties": { "latitude": -8.43817939, "longitude": 0.0, "area_in_me": 8.0, "confidence": 1.0, "full_plus": "06P3QH66X+P2CW", "layer": "2dd_buildings_001", "path": "file:///C:/Users/BPN/Downloads/Compressed/2dd_buildings.csv/2dd_buildings_split/2dd_buildings_001.csv?type=csv&maxFields=10000&detectTypes=yes&wktField=geometry&crs=EPSG:4326&spatialIndex=no&subsetIndex=no&watchFile=no", "Shape_Leng": 0.00018758475, "Shape_Area": 2.1e-09 }, "geometry": { "type": "MultiPolygon", "coordinates": [ [ [ [ 115.246412893040656, -8.491262838109435 ], [ 115.246408056486644, -8.491319570941414 ], [ 115.24637133357021, -8.491316468280331 ], [ 115.246376170124222, -8.491259735448409 ], [ 115.246412893040656, -8.491262838109435 ] ] ] ] } },
{ "type": "Feature", "properties": { "latitude": -8.43111521, "longitude": 0.0, "area_in_me": 4.0, "confidence": 9.0, "full_plus": "06P3QH69W+HW48", "layer": "2dd_buildings_001", "path": "file:///C:/Users/BPN/Downloads/Compressed/2dd_buildings.csv/2dd_buildings_split/2dd_buildings_001.csv?type=csv&maxFields=10000&detectTypes=yes&wktField=geometry&crs=EPSG:4326&spatialIndex=no&subsetIndex=no&watchFile=no", "Shape_Leng": 0.00017557496, "Shape_Area": 1.92e-09 }, "geometry": { "type": "MultiPolygon", "coordinates": [ [ [ [ 115.245800103092392, -8.491552828999829 ], [ 115.245790936302683, -8.491591155407434 ], [ 115.245746765201147, -8.491580684600876 ], [ 115.245756626267394, -8.49153945518168 ], [ 115.245785971145665, -8.491546411437696 ], [ 115.245800797368929, -8.491549925988238 ], [ 115.245800103092392, -8.491552828999829 ] ] ] ] } },
{ "type": "Feature", "properties": { "latitude": -8.76909216, "longitude": 0.0, "area_in_me": 8.0, "confidence": 8.0, "full_plus": "06P3Q66JC+9J69", "layer": "2dd_buildings_001", "path": "file:///C:/Users/BPN/Downloads/Compressed/2dd_buildings.csv/2dd_buildings_split/2dd_buildings_001.csv?type=csv&maxFields=10000&detectTypes=yes&wktField=geometry&crs=EPSG:4326&spatialIndex=no&subsetIndex=no&watchFile=no", "Shape_Leng": 0.00036873182, "Shape_Area": 8.09e-09 }, "geometry": { "type": "MultiPolygon", "coordinates": [ [ [ [ 115.242296476601155, -8.485478637029416 ], [ 115.242236467538987, -8.485573738537141 ], [ 115.242175496202208, -8.48553560638311 ], [ 115.242235505264375, -8.485440503976008 ], [ 115.242296476601155, -8.485478637029416 ] ] ] ] } },
{ "type": "Feature", "properties": { "latitude": -8.39376354, "longitude": 0.0, "area_in_me": 0.0, "confidence": 7.0, "full_plus": "06P3PJQ43+FMWF", "layer": "2dd_buildings_001", "path": "file:///C:/Users/BPN/Downloads/Compressed/2dd_buildings.csv/2dd_buildings_split/2dd_buildings_001.csv?type=csv&maxFields=10000&detectTypes=yes&wktField=geometry&crs=EPSG:4326&spatialIndex=no&subsetIndex=no&watchFile=no", "Shape_Leng": 0.00045249998, "Shape_Area": 1.222e-08 }, "geometry": { "type": "MultiPolygon", "coordinates": [ [ [ [ 115.246705302207943, -8.488625241661509 ], [ 115.24674647047334, -8.488622420488241 ], [ 115.246799114987198, -8.48861881240822 ], [ 115.246842075601421, -8.488615868027864 ], [ 115.246848226064799, -8.48870481097822 ], [ 115.246711451772171, -8.488714184611865 ], [ 115.246705302207943, -8.488625241661509 ] ] ] ] } },
{ "type": "Feature", "properties": { "latitude": -8.69307822, "longitude": 0.0, "area_in_me": 3.0, "confidence": 8.0, "full_plus": "06P3Q8G4H+Q67V", "layer": "2dd_buildings_001", "path": "file:///C:/Users/BPN/Downloads/Compressed/2dd_buildings.csv/2dd_buildings_split/2dd_buildings_001.csv?type=csv&maxFields=10000&detectTypes=yes&wktField=geometry&crs=EPSG:4326&spatialIndex=no&subsetIndex=no&watchFile=no", "Shape_Leng": 0.00030875613, "Shape_Area": 5.9e-09 }, "geometry": { "type": "MultiPolygon", "coordinates": [ [ [ [ 115.247048916973995, -8.486791893630937 ], [ 115.247019913838017, -8.486871638315392 ], [ 115.24695451064224, -8.486848061688647 ], [ 115.246983513778218, -8.486768317004191 ], [ 115.247048916973995, -8.486791893630937 ] ] ] ] } },
{ "type": "Feature", "properties": { "latitude": -8.50294419, "longitude": 9.0, "area_in_me": 9.0, "confidence": 4.0, "full_plus": "06P3QF7WC+RWG6", "layer": "2dd_buildings_001", "path": "file:///C:/Users/BPN/Downloads/Compressed/2dd_buildings.csv/2dd_buildings_split/2dd_buildings_001.csv?type=csv&maxFields=10000&detectTypes=yes&wktField=geometry&crs=EPSG:4326&spatialIndex=no&subsetIndex=no&watchFile=no", "Shape_Leng": 0.00030131842, "Shape_Area": 5.01e-09 }, "geometry": { "type": "MultiPolygon", "coordinates": [ [ [ [ 115.246506452211065, -8.487755081032105 ], [ 115.246405512304591, -8.487759568649153 ], [ 115.246403288281158, -8.487709998917296 ], [ 115.246504228187632, -8.487705511300248 ], [ 115.246506452211065, -8.487755081032105 ] ] ] ] } },
{ "type": "Feature", "properties": { "latitude": -8.63665711, "longitude": 0.0, "area_in_me": 6.0, "confidence": 1.0, "full_plus": "06P3Q967X+8PJP", "layer": "2dd_buildings_001", "path": "file:///C:/Users/BPN/Downloads/Compressed/2dd_buildings.csv/2dd_buildings_split/2dd_buildings_001.csv?type=csv&maxFields=10000&detectTypes=yes&wktField=geometry&crs=EPSG:4326&spatialIndex=no&subsetIndex=no&watchFile=no", "Shape_Leng": 0.0002502614, "Shape_Area": 3.89e-09 }, "geometry": { "type": "MultiPolygon", "coordinates": [ [ [ [ 115.245361157491516, -8.488512633051528 ], [ 115.245360849923372, -8.488580441034458 ], [ 115.245303528035492, -8.48858018292907 ], [ 115.245303836502899, -8.488512374946083 ], [ 115.245361157491516, -8.488512633051528 ] ] ] ] } },
{ "type": "Feature", "properties": { "latitude": -8.71034227, "longitude": 0.0, "area_in_me": 6.0, "confidence": 0.0, "full_plus": "06P3Q76Q8+V386", "layer": "2dd_buildings_001", "path": "file:///C:/Users/BPN/Downloads/Compressed/2dd_buildings.csv/2dd_buildings_split/2dd_buildings_001.csv?type=csv&maxFields=10000&detectTypes=yes&wktField=geometry&crs=EPSG:4326&spatialIndex=no&subsetIndex=no&watchFile=no", "Shape_Leng": 0.00018328625, "Shape_Area": 2.07e-09 }, "geometry": { "type": "MultiPolygon", "coordinates": [ [ [ [ 115.246031746867629, -8.486652342231764 ], [ 115.245980405471414, -8.486653652543964 ], [ 115.245979367653717, -8.486613380902782 ], [ 115.246030709050046, -8.486612070590525 ], [ 115.246031746867629, -8.486652342231764 ] ] ] ] } },
{ "type": "Feature", "properties": { "latitude": -8.42925662, "longitude": 0.0, "area_in_me": 4.0, "confidence": 1.0, "full_plus": "06P3QHHCF+7MWQ", "layer": "2dd_buildings_001", "path": "file:///C:/Users/BPN/Downloads/Compressed/2dd_buildings.csv/2dd_buildings_split/2dd_buildings_001.csv?type=csv&maxFields=10000&detectTypes=yes&wktField=geometry&crs=EPSG:4326&spatialIndex=no&subsetIndex=no&watchFile=no", "Shape_Leng": 0.00015855341, "Shape_Area": 1.37e-09 }, "geometry": { "type": "MultiPolygon", "coordinates": [ [ [ [ 115.246115767828428, -8.490136335623333 ], [ 115.24609932552346, -8.490187436900669 ], [ 115.246074939506912, -8.49017965956358 ], [ 115.246091382711256, -8.490128559185621 ], [ 115.246115767828428, -8.490136335623333 ] ] ] ] } },
{ "type": "Feature", "properties": { "latitude": -8.55423838, "longitude": 9.0, "area_in_me": 0.0, "confidence": 0.0, "full_plus": "06P3QC6WF+832F", "layer": "2dd_buildings_001", "path": "file:///C:/Users/BPN/Downloads/Compressed/2dd_buildings.csv/2dd_buildings_split/2dd_buildings_001.csv?type=csv&maxFields=10000&detectTypes=yes&wktField=geometry&crs=EPSG:4326&spatialIndex=no&subsetIndex=no&watchFile=no", "Shape_Leng": 0.00020161592, "Shape_Area": 2.49e-09 }, "geometry": { "type": "MultiPolygon", "coordinates": [ [ [ [ 115.246189752355235, -8.488831058706353 ], [ 115.246188953757269, -8.488773699046931 ], [ 115.246232392810725, -8.488773100098456 ], [ 115.246233191408692, -8.488830458858558 ], [ 115.246189752355235, -8.488831058706353 ] ] ] ] } },
{ "type": "Feature", "properties": { "latitude": -8.13920762, "longitude": 2.0, "area_in_me": 4.0, "confidence": 1.0, "full_plus": "06P3QV46G+888P", "layer": "2dd_buildings_001", "path": "file:///C:/Users/BPN/Downloads/Compressed/2dd_buildings.csv/2dd_buildings_split/2dd_buildings_001.csv?type=csv&maxFields=10000&detectTypes=yes&wktField=geometry&crs=EPSG:4326&spatialIndex=no&subsetIndex=no&watchFile=no", "Shape_Leng": 0.00015089402, "Shape_Area": 1.4e-09 }, "geometry": { "type": "MultiPolygon", "coordinates": [ [ [ [ 115.24592542272012, -8.491139600412168 ], [ 115.24591518843522, -8.491171359970224 ], [ 115.245875103852995, -8.491158557221581 ], [ 115.245885339037272, -8.491126797663526 ], [ 115.24592542272012, -8.491139600412168 ] ] ] ] } },
{ "type": "Feature", "properties": { "latitude": -8.68437528, "longitude": 9.0, "area_in_me": 3.0, "confidence": 4.0, "full_plus": "06P3Q8585+6GVX", "layer": "2dd_buildings_001", "path": "file:///C:/Users/BPN/Downloads/Compressed/2dd_buildings.csv/2dd_buildings_split/2dd_buildings_001.csv?type=csv&maxFields=10000&detectTypes=yes&wktField=geometry&crs=EPSG:4326&spatialIndex=no&subsetIndex=no&watchFile=no", "Shape_Leng": 0.00011716937, "Shape_Area": 8.1e-10 }, "geometry": { "type": "MultiPolygon", "coordinates": [ [ [ [ 115.244705935730394, -8.486187762355314 ], [ 115.244705916844623, -8.486191886646225 ], [ 115.244670742560743, -8.486191728365498 ], [ 115.244669592327909, -8.486191722969579 ], [ 115.244669693051947, -8.486169463849649 ], [ 115.244706018468037, -8.486169627526237 ], [ 115.244705935730394, -8.486187762355314 ] ] ] ] } },
{ "type": "Feature", "properties": { "latitude": -8.27773214, "longitude": 9.0, "area_in_me": 8.0, "confidence": 5.0, "full_plus": "06P3QP7CP+WW4P", "layer": "2dd_buildings_001", "path": "file:///C:/Users/BPN/Downloads/Compressed/2dd_buildings.csv/2dd_buildings_split/2dd_buildings_001.csv?type=csv&maxFields=10000&detectTypes=yes&wktField=geometry&crs=EPSG:4326&spatialIndex=no&subsetIndex=no&watchFile=no", "Shape_Leng": 0.00033230271, "Shape_Area": 5.66e-09 }, "geometry": { "type": "MultiPolygon", "coordinates": [ [ [ [ 115.246193872149547, -8.49138770088166 ], [ 115.246207790956873, -8.491341978449498 ], [ 115.246321102836646, -8.491376167076396 ], [ 115.246307184029433, -8.491421889508558 ], [ 115.246193872149547, -8.49138770088166 ] ] ] ] } },
{ "type": "Feature", "properties": { "latitude": -8.52468751, "longitude": 0.0, "area_in_me": 4.0, "confidence": 5.0, "full_plus": "06P3QF7G4+4XGC", "layer": "2dd_buildings_001", "path": "file:///C:/Users/BPN/Downloads/Compressed/2dd_buildings.csv/2dd_buildings_split/2dd_buildings_001.csv?type=csv&maxFields=10000&detectTypes=yes&wktField=geometry&crs=EPSG:4326&spatialIndex=no&subsetIndex=no&watchFile=no", "Shape_Leng": 0.00020486275, "Shape_Area": 2.36e-09 }, "geometry": { "type": "MultiPolygon", "coordinates": [ [ [ [ 115.246907283644305, -8.486411633290174 ], [ 115.246839908235188, -8.486414788111915 ], [ 115.246838468420606, -8.486384319081026 ], [ 115.246838257079958, -8.486379844953831 ], [ 115.246905632488961, -8.48637669013209 ], [ 115.246905831239133, -8.486380888167389 ], [ 115.246907283644305, -8.486411633290174 ] ] ] ] } },
{ "type": "Feature", "properties": { "latitude": -8.69461548, "longitude": 0.0, "area_in_me": 6.0, "confidence": 9.0, "full_plus": "06P3Q8644+5H47", "layer": "2dd_buildings_001", "path": "file:///C:/Users/BPN/Downloads/Compressed/2dd_buildings.csv/2dd_buildings_split/2dd_buildings_001.csv?type=csv&maxFields=10000&detectTypes=yes&wktField=geometry&crs=EPSG:4326&spatialIndex=no&subsetIndex=no&watchFile=no", "Shape_Leng": 0.00011572801, "Shape_Area": 8.4e-10 }, "geometry": { "type": "MultiPolygon", "coordinates": [ [ [ [ 115.246232405401202, -8.489587024321679 ], [ 115.246204154997827, -8.48958855856506 ], [ 115.246203974234049, -8.48958425171179 ], [ 115.246202906738858, -8.489558821582307 ], [ 115.246230777628398, -8.489557308023279 ], [ 115.24623221924162, -8.489583629380945 ], [ 115.246232405401202, -8.489587024321679 ] ] ] ] } },
{ "type": "Feature", "properties": { "latitude": -8.50242416, "longitude": 0.0, "area_in_me": 4.0, "confidence": 1.0, "full_plus": "06P3PFXX8+2CQ3", "layer": "2dd_buildings_001", "path": "file:///C:/Users/BPN/Downloads/Compressed/2dd_buildings.csv/2dd_buildings_split/2dd_buildings_001.csv?type=csv&maxFields=10000&detectTypes=yes&wktField=geometry&crs=EPSG:4326&spatialIndex=no&subsetIndex=no&watchFile=no", "Shape_Leng": 0.00049421919, "Shape_Area": 1.419e-08 }, "geometry": { "type": "MultiPolygon", "coordinates": [ [ [ [ 115.245997269558416, -8.489765729504768 ], [ 115.245985904825716, -8.48992160449842 ], [ 115.245895319713327, -8.489915058333224 ], [ 115.245906684446027, -8.489759184238892 ], [ 115.245997269558416, -8.489765729504768 ] ] ] ] } },
{ "type": "Feature", "properties": { "latitude": -8.31665135, "longitude": 3.0, "area_in_me": 4.0, "confidence": 3.0, "full_plus": "06P3QM5MX+8XPX", "layer": "2dd_buildings_001", "path": "file:///C:/Users/BPN/Downloads/Compressed/2dd_buildings.csv/2dd_buildings_split/2dd_buildings_001.csv?type=csv&maxFields=10000&detectTypes=yes&wktField=geometry&crs=EPSG:4326&spatialIndex=no&subsetIndex=no&watchFile=no", "Shape_Leng": 0.00042075719, "Shape_Area": 1.085e-08 }, "geometry": { "type": "MultiPolygon", "coordinates": [ [ [ [ 115.246544530405799, -8.489666902105796 ], [ 115.246544153589866, -8.489738491737967 ], [ 115.246424306336735, -8.489737866709163 ], [ 115.246424782977442, -8.489647338254031 ], [ 115.246544630230574, -8.489647963282835 ], [ 115.246544530405799, -8.489666902105796 ] ] ] ] } },
{ "type": "Feature", "properties": { "latitude": -8.0871658, "longitude": 9.0, "area_in_me": 2.0, "confidence": 0.0, "full_plus": "06P3QW47W+42M8", "layer": "2dd_buildings_001", "path": "file:///C:/Users/BPN/Downloads/Compressed/2dd_buildings.csv/2dd_buildings_split/2dd_buildings_001.csv?type=csv&maxFields=10000&detectTypes=yes&wktField=geometry&crs=EPSG:4326&spatialIndex=no&subsetIndex=no&watchFile=no", "Shape_Leng": 0.00037987563, "Shape_Area": 8.62e-09 }, "geometry": { "type": "MultiPolygon", "coordinates": [ [ [ [ 115.245288556121977, -8.48768672086544 ], [ 115.245268425697304, -8.487687300928144 ], [ 115.245239741820683, -8.487688126505759 ], [ 115.24517372168998, -8.487690026773294 ], [ 115.245173322390997, -8.487676295024926 ], [ 115.245171541733271, -8.487615002630207 ], [ 115.245213451039945, -8.48761379574006 ], [ 115.245237561864087, -8.48761310146341 ], [ 115.245266246640085, -8.487612275885795 ], [ 115.245286376165382, -8.487611696722354 ], [ 115.245288556121977, -8.48768672086544 ] ] ] ] } },
{ "type": "Feature", "properties": { "latitude": -8.4954458, "longitude": 2.0, "area_in_me": 4.0, "confidence": 7.0, "full_plus": "06P3QG83C+R4C2", "layer": "2dd_buildings_001", "path": "file:///C:/Users/BPN/Downloads/Compressed/2dd_buildings.csv/2dd_buildings_split/2dd_buildings_001.csv?type=csv&maxFields=10000&detectTypes=yes&wktField=geometry&crs=EPSG:4326&spatialIndex=no&subsetIndex=no&watchFile=no", "Shape_Leng": 0.00031220846, "Shape_Area": 6.02e-09 }, "geometry": { "type": "MultiPolygon", "coordinates": [ [ [ [ 115.246687908420313, -8.488180081745327 ], [ 115.246601586993734, -8.488184913802684 ], [ 115.246597660553675, -8.488115378222062 ], [ 115.246633431987334, -8.488113376331228 ], [ 115.246683984678157, -8.488110546164705 ], [ 115.246684027845617, -8.488111126227466 ], [ 115.246687908420313, -8.488180081745327 ] ] ] ] } },
{ "type": "Feature", "properties": { "latitude": -8.33801267, "longitude": 9.0, "area_in_me": 8.0, "confidence": 8.0, "full_plus": "06P3PMJ6H+QXVH", "layer": "2dd_buildings_001", "path": "file:///C:/Users/BPN/Downloads/Compressed/2dd_buildings.csv/2dd_buildings_split/2dd_buildings_001.csv?type=csv&maxFields=10000&detectTypes=yes&wktField=geometry&crs=EPSG:4326&spatialIndex=no&subsetIndex=no&watchFile=no", "Shape_Leng": 0.00018323689, "Shape_Area": 2.06e-09 }, "geometry": { "type": "MultiPolygon", "coordinates": [ [ [ [ 115.241844853257476, -8.486784708047765 ], [ 115.241843239873674, -8.486824691006632 ], [ 115.2417916781435, -8.486822628861205 ], [ 115.241793291527188, -8.486782645902338 ], [ 115.241844853257476, -8.486784708047765 ] ] ] ] } },
{ "type": "Feature", "properties": { "latitude": -8.13340062, "longitude": 0.0, "area_in_me": 7.0, "confidence": 7.0, "full_plus": "06P3QV589+JVQX", "layer": "2dd_buildings_001", "path": "file:///C:/Users/BPN/Downloads/Compressed/2dd_buildings.csv/2dd_buildings_split/2dd_buildings_001.csv?type=csv&maxFields=10000&detectTypes=yes&wktField=geometry&crs=EPSG:4326&spatialIndex=no&subsetIndex=no&watchFile=no", "Shape_Leng": 0.00015885604, "Shape_Area": 1.52e-09 }, "geometry": { "type": "MultiPolygon", "coordinates": [ [ [ [ 115.247080331192365, -8.486607397713215 ], [ 115.247048210106868, -8.486608835729157 ], [ 115.247046477113258, -8.486570491335044 ], [ 115.247046076015636, -8.486561609630542 ], [ 115.247069298309498, -8.486560569114943 ], [ 115.247078197101132, -8.486560170715279 ], [ 115.247080331192365, -8.486607397713215 ] ] ] ] } },
{ "type": "Feature", "properties": { "latitude": -8.32429444, "longitude": 9.0, "area_in_me": 2.0, "confidence": 0.0, "full_plus": "06P3PMHG2+79Q6", "layer": "2dd_buildings_001", "path": "file:///C:/Users/BPN/Downloads/Compressed/2dd_buildings.csv/2dd_buildings_split/2dd_buildings_001.csv?type=csv&maxFields=10000&detectTypes=yes&wktField=geometry&crs=EPSG:4326&spatialIndex=no&subsetIndex=no&watchFile=no", "Shape_Leng": 0.00020569277, "Shape_Area": 2.6e-09 }, "geometry": { "type": "MultiPolygon", "coordinates": [ [ [ [ 115.245208333897608, -8.492182147587982 ], [ 115.245194660605193, -8.492238857936911 ], [ 115.245151369040514, -8.4922285130354 ], [ 115.245165042332928, -8.492171801787151 ], [ 115.245208333897608, -8.492182147587982 ] ] ] ] } },
{ "type": "Feature", "properties": { "latitude": -8.67589924, "longitude": 0.0, "area_in_me": 6.0, "confidence": 3.0, "full_plus": "06P3Q86FJ+JQW3", "layer": "2dd_buildings_001", "path": "file:///C:/Users/BPN/Downloads/Compressed/2dd_buildings.csv/2dd_buildings_split/2dd_buildings_001.csv?type=csv&maxFields=10000&detectTypes=yes&wktField=geometry&crs=EPSG:4326&spatialIndex=no&subsetIndex=no&watchFile=no", "Shape_Leng": 0.00021939041, "Shape_Area": 2.93e-09 }, "geometry": { "type": "MultiPolygon", "coordinates": [ [ [ [ 115.245811079317946, -8.486968807364519 ], [ 115.245809787891403, -8.486922986906279 ], [ 115.245873619072313, -8.486921203550651 ], [ 115.245874911398118, -8.486967024008891 ], [ 115.245811079317946, -8.486968807364519 ] ] ] ] } },
{ "type": "Feature", "properties": { "latitude": -8.61966312, "longitude": 0.0, "area_in_me": 7.0, "confidence": 3.0, "full_plus": "06P3Q95JG+48PG", "layer": "2dd_buildings_001", "path": "file:///C:/Users/BPN/Downloads/Compressed/2dd_buildings.csv/2dd_buildings_split/2dd_buildings_001.csv?type=csv&maxFields=10000&detectTypes=yes&wktField=geometry&crs=EPSG:4326&spatialIndex=no&subsetIndex=no&watchFile=no", "Shape_Leng": 0.00038057201, "Shape_Area": 9.04e-09 }, "geometry": { "type": "MultiPolygon", "coordinates": [ [ [ [ 115.244771947767276, -8.49131917434039 ], [ 115.24475045846691, -8.491408326832754 ], [ 115.244654576347671, -8.491385421100233 ], [ 115.244676065647923, -8.491296268607869 ], [ 115.244771947767276, -8.49131917434039 ] ] ] ] } },
{ "type": "Feature", "properties": { "latitude": -8.17827077, "longitude": 9.0, "area_in_me": 8.0, "confidence": 4.0, "full_plus": "06P3PRPCV+MFV3", "layer": "2dd_buildings_001", "path": "file:///C:/Users/BPN/Downloads/Compressed/2dd_buildings.csv/2dd_buildings_split/2dd_buildings_001.csv?type=csv&maxFields=10000&detectTypes=yes&wktField=geometry&crs=EPSG:4326&spatialIndex=no&subsetIndex=no&watchFile=no", "Shape_Leng": 0.00029318133, "Shape_Area": 5.37e-09 }, "geometry": { "type": "MultiPolygon", "coordinates": [ [ [ [ 115.245443245809156, -8.488440349142763 ], [ 115.2453675031079, -8.488443839411616 ], [ 115.245364216085818, -8.488373148202186 ], [ 115.245439958787074, -8.488369657933333 ], [ 115.245443245809156, -8.488440349142763 ] ] ] ] } },
{ "type": "Feature", "properties": { "latitude": -8.55549183, "longitude": 9.0, "area_in_me": 2.0, "confidence": 1.0, "full_plus": "06P3QC4VC+RP57", "layer": "2dd_buildings_001", "path": "file:///C:/Users/BPN/Downloads/Compressed/2dd_buildings.csv/2dd_buildings_split/2dd_buildings_001.csv?type=csv&maxFields=10000&detectTypes=yes&wktField=geometry&crs=EPSG:4326&spatialIndex=no&subsetIndex=no&watchFile=no", "Shape_Leng": 0.00026719131, "Shape_Area": 4.16e-09 }, "geometry": { "type": "MultiPolygon", "coordinates": [ [ [ [ 115.246669787980409, -8.486474905092734 ], [ 115.24667068280587, -8.486492327658766 ], [ 115.246633529114092, -8.486494219832309 ], [ 115.246586750877896, -8.486496602136413 ], [ 115.24658420759522, -8.486447112444239 ], [ 115.246605130322564, -8.486446046747631 ], [ 115.246668140422457, -8.486442838865855 ], [ 115.246669787980409, -8.486474905092734 ] ] ] ] } },
{ "type": "Feature", "properties": { "latitude": -8.59440365, "longitude": 0.0, "area_in_me": 0.0, "confidence": 0.0, "full_plus": "06P3QC746+6WPX", "layer": "2dd_buildings_001", "path": "file:///C:/Users/BPN/Downloads/Compressed/2dd_buildings.csv/2dd_buildings_split/2dd_buildings_001.csv?type=csv&maxFields=10000&detectTypes=yes&wktField=geometry&crs=EPSG:4326&spatialIndex=no&subsetIndex=no&watchFile=no", "Shape_Leng": 0.00018948459, "Shape_Area": 2.23e-09 }, "geometry": { "type": "MultiPolygon", "coordinates": [ [ [ [ 115.243493949086542, -8.49124428779362 ], [ 115.243483569111504, -8.491294818001393 ], [ 115.243441279391618, -8.491286207892131 ], [ 115.243451660265919, -8.491235677684358 ], [ 115.243493949086542, -8.49124428779362 ] ] ] ] } },
{ "type": "Feature", "properties": { "latitude": -8.70844125, "longitude": 0.0, "area_in_me": 3.0, "confidence": 9.0, "full_plus": "06P3Q76R4+JRH6", "layer": "2dd_buildings_001", "path": "file:///C:/Users/BPN/Downloads/Compressed/2dd_buildings.csv/2dd_buildings_split/2dd_buildings_001.csv?type=csv&maxFields=10000&detectTypes=yes&wktField=geometry&crs=EPSG:4326&spatialIndex=no&subsetIndex=no&watchFile=no", "Shape_Leng": 0.00022875911, "Shape_Area": 3.18e-09 }, "geometry": { "type": "MultiPolygon", "coordinates": [ [ [ [ 115.246824613465151, -8.489123448987925 ], [ 115.246818840716969, -8.489189653479684 ], [ 115.246771094810242, -8.489185527390134 ], [ 115.246776867558424, -8.489119322898375 ], [ 115.246824613465151, -8.489123448987925 ] ] ] ] } },
{ "type": "Feature", "properties": { "latitude": -8.67159588, "longitude": 0.0, "area_in_me": 0.0, "confidence": 2.0, "full_plus": "06P3Q85HM+9582", "layer": "2dd_buildings_001", "path": "file:///C:/Users/BPN/Downloads/Compressed/2dd_buildings.csv/2dd_buildings_split/2dd_buildings_001.csv?type=csv&maxFields=10000&detectTypes=yes&wktField=geometry&crs=EPSG:4326&spatialIndex=no&subsetIndex=no&watchFile=no", "Shape_Leng": 0.00024355103, "Shape_Area": 3.47e-09 }, "geometry": { "type": "MultiPolygon", "coordinates": [ [ [ [ 115.246978120543872, -8.487538198728828 ], [ 115.246934391908667, -8.487550320690673 ], [ 115.246913814521008, -8.487476746254799 ], [ 115.2469575431561, -8.487464624292954 ], [ 115.246978120543872, -8.487538198728828 ] ] ] ] } },
{ "type": "Feature", "properties": { "latitude": -8.53203507, "longitude": 9.0, "area_in_me": 6.0, "confidence": 1.0, "full_plus": "06P3QF29P+5JQF", "layer": "2dd_buildings_001", "path": "file:///C:/Users/BPN/Downloads/Compressed/2dd_buildings.csv/2dd_buildings_split/2dd_buildings_001.csv?type=csv&maxFields=10000&detectTypes=yes&wktField=geometry&crs=EPSG:4326&spatialIndex=no&subsetIndex=no&watchFile=no", "Shape_Leng": 9.696679e-05, "Shape_Area": 5.8e-10 }, "geometry": { "type": "MultiPolygon", "coordinates": [ [ [ [ 115.245791998402069, -8.486152491843995 ], [ 115.245791905771853, -8.486172887568671 ], [ 115.245788211356967, -8.486172870481539 ], [ 115.245770545973983, -8.486172791341176 ], [ 115.245770644000117, -8.486151121277203 ], [ 115.24577066918107, -8.486145668687641 ], [ 115.245792028979054, -8.48614576401576 ], [ 115.245791998402069, -8.486152491843995 ] ] ] ] } },
{ "type": "Feature", "properties": { "latitude": -8.66569621, "longitude": 0.0, "area_in_me": 6.0, "confidence": 0.0, "full_plus": "06P3Q85MP+PXC5", "layer": "2dd_buildings_001", "path": "file:///C:/Users/BPN/Downloads/Compressed/2dd_buildings.csv/2dd_buildings_split/2dd_buildings_001.csv?type=csv&maxFields=10000&detectTypes=yes&wktField=geometry&crs=EPSG:4326&spatialIndex=no&subsetIndex=no&watchFile=no", "Shape_Leng": 0.00027980085, "Shape_Area": 4.45e-09 }, "geometry": { "type": "MultiPolygon", "coordinates": [ [ [ [ 115.245429962822641, -8.491591905442021 ], [ 115.245364654055606, -8.49157826632387 ], [ 115.245340971308792, -8.491573320951943 ], [ 115.245351071594769, -8.491525384388922 ], [ 115.245440063108504, -8.491543968879 ], [ 115.245429962822641, -8.491591905442021 ] ] ] ] } },
{ "type": "Feature", "properties": { "latitude": -8.43322599, "longitude": 0.0, "area_in_me": 7.0, "confidence": 0.0, "full_plus": "06P3QHJ87+P42X", "layer": "2dd_buildings_001", "path": "file:///C:/Users/BPN/Downloads/Compressed/2dd_buildings.csv/2dd_buildings_split/2dd_buildings_001.csv?type=csv&maxFields=10000&detectTypes=yes&wktField=geometry&crs=EPSG:4326&spatialIndex=no&subsetIndex=no&watchFile=no", "Shape_Leng": 0.00010591465, "Shape_Area": 6.8e-10 }, "geometry": { "type": "MultiPolygon", "coordinates": [ [ [ [ 115.245799357554347, -8.488387599408156 ], [ 115.245777170380165, -8.488388336852211 ], [ 115.24577613975714, -8.488357596226024 ], [ 115.245798326931322, -8.48835685878197 ], [ 115.245799357554347, -8.488387599408156 ] ] ] ] } },
{ "type": "Feature", "properties": { "latitude": -8.82671608, "longitude": 2.0, "area_in_me": 6.0, "confidence": 1.0, "full_plus": "06P3Q55F2+8V76", "layer": "2dd_buildings_001", "path": "file:///C:/Users/BPN/Downloads/Compressed/2dd_buildings.csv/2dd_buildings_split/2dd_buildings_001.csv?type=csv&maxFields=10000&detectTypes=yes&wktField=geometry&crs=EPSG:4326&spatialIndex=no&subsetIndex=no&watchFile=no", "Shape_Leng": 0.00015264259, "Shape_Area": 1.24e-09 }, "geometry": { "type": "MultiPolygon", "coordinates": [ [ [ [ 115.244534090575826, -8.487032458680972 ], [ 115.244534058200315, -8.487039706317319 ], [ 115.244488775536638, -8.487039502171228 ], [ 115.244481171768712, -8.487039467997022 ], [ 115.244481278788044, -8.487016033463135 ], [ 115.244534164320271, -8.487016271783489 ], [ 115.244534090575826, -8.487032458680972 ] ] ] ] } },
{ "type": "Feature", "properties": { "latitude": -8.50689761, "longitude": 9.0, "area_in_me": 6.0, "confidence": 0.0, "full_plus": "06P3QF7VJ+6HV5", "layer": "2dd_buildings_001", "path": "file:///C:/Users/BPN/Downloads/Compressed/2dd_buildings.csv/2dd_buildings_split/2dd_buildings_001.csv?type=csv&maxFields=10000&detectTypes=yes&wktField=geometry&crs=EPSG:4326&spatialIndex=no&subsetIndex=no&watchFile=no", "Shape_Leng": 0.00035170667, "Shape_Area": 7.64e-09 }, "geometry": { "type": "MultiPolygon", "coordinates": [ [ [ [ 115.246587333638558, -8.4872098553505 ], [ 115.246559478037511, -8.487211093716951 ], [ 115.246556106479147, -8.487135926581686 ], [ 115.246555104634467, -8.487113588321392 ], [ 115.246604602420575, -8.487111387680329 ], [ 115.246633277303999, -8.487110112441712 ], [ 115.246637650707044, -8.487207617837271 ], [ 115.246587333638558, -8.4872098553505 ] ] ] ] } },
{ "type": "Feature", "properties": { "latitude": -8.79852148, "longitude": 0.0, "area_in_me": 4.0, "confidence": 0.0, "full_plus": "06P3Q652Q+H9X3", "layer": "2dd_buildings_001", "path": "file:///C:/Users/BPN/Downloads/Compressed/2dd_buildings.csv/2dd_buildings_split/2dd_buildings_001.csv?type=csv&maxFields=10000&detectTypes=yes&wktField=geometry&crs=EPSG:4326&spatialIndex=no&subsetIndex=no&watchFile=no", "Shape_Leng": 0.00016612289, "Shape_Area": 1.69e-09 }, "geometry": { "type": "MultiPolygon", "coordinates": [ [ [ [ 115.246207149740258, -8.489466798453918 ], [ 115.24617117865705, -8.489467917210561 ], [ 115.246169702869565, -8.489420867379067 ], [ 115.246205673952772, -8.489419748622481 ], [ 115.246207149740258, -8.489466798453918 ] ] ] ] } },
{ "type": "Feature", "properties": { "latitude": -8.69343711, "longitude": 0.0, "area_in_me": 0.0, "confidence": 1.0, "full_plus": "06P3Q8649+JRHH", "layer": "2dd_buildings_001", "path": "file:///C:/Users/BPN/Downloads/Compressed/2dd_buildings.csv/2dd_buildings_split/2dd_buildings_001.csv?type=csv&maxFields=10000&detectTypes=yes&wktField=geometry&crs=EPSG:4326&spatialIndex=no&subsetIndex=no&watchFile=no", "Shape_Leng": 0.00022061939, "Shape_Area": 3.03e-09 }, "geometry": { "type": "MultiPolygon", "coordinates": [ [ [ [ 115.245176058128663, -8.487492122863159 ], [ 115.245131425674799, -8.48749340799435 ], [ 115.245131314158925, -8.487489580479689 ], [ 115.245129931001543, -8.487441935297056 ], [ 115.24518872148235, -8.487440242772948 ], [ 115.245190217054983, -8.487491715470242 ], [ 115.245176058128663, -8.487492122863159 ] ] ] ] } },
{ "type": "Feature", "properties": { "latitude": -8.1548473, "longitude": 0.0, "area_in_me": 4.0, "confidence": 1.0, "full_plus": "06P3PRHWW+3X64", "layer": "2dd_buildings_001", "path": "file:///C:/Users/BPN/Downloads/Compressed/2dd_buildings.csv/2dd_buildings_split/2dd_buildings_001.csv?type=csv&maxFields=10000&detectTypes=yes&wktField=geometry&crs=EPSG:4326&spatialIndex=no&subsetIndex=no&watchFile=no", "Shape_Leng": 0.00020972276, "Shape_Area": 2.67e-09 }, "geometry": { "type": "MultiPolygon", "coordinates": [ [ [ [ 115.245965388591912, -8.487959951090829 ], [ 115.245904316531096, -8.487964604183105 ], [ 115.245900973750963, -8.487921120163492 ], [ 115.24596204581178, -8.487916467071273 ], [ 115.245965388591912, -8.487959951090829 ] ] ] ] } },
{ "type": "Feature", "properties": { "latitude": -8.35491785, "longitude": 0.0, "area_in_me": 0.0, "confidence": 1.0, "full_plus": "06P3QJMW7+2MJ8", "layer": "2dd_buildings_001", "path": "file:///C:/Users/BPN/Downloads/Compressed/2dd_buildings.csv/2dd_buildings_split/2dd_buildings_001.csv?type=csv&maxFields=10000&detectTypes=yes&wktField=geometry&crs=EPSG:4326&spatialIndex=no&subsetIndex=no&watchFile=no", "Shape_Leng": 0.00025643948, "Shape_Area": 4.11e-09 }, "geometry": { "type": "MultiPolygon", "coordinates": [ [ [ [ 115.247621196061459, -8.489081539681251 ], [ 115.247600973905833, -8.489144154079383 ], [ 115.247541525121392, -8.489125125324222 ], [ 115.247561746377528, -8.48906251002677 ], [ 115.247621196061459, -8.489081539681251 ] ] ] ] } },
{ "type": "Feature", "properties": { "latitude": -8.62979935, "longitude": 3.0, "area_in_me": 2.0, "confidence": 1.0, "full_plus": "06P3Q96C5+36M2", "layer": "2dd_buildings_001", "path": "file:///C:/Users/BPN/Downloads/Compressed/2dd_buildings.csv/2dd_buildings_split/2dd_buildings_001.csv?type=csv&maxFields=10000&detectTypes=yes&wktField=geometry&crs=EPSG:4326&spatialIndex=no&subsetIndex=no&watchFile=no", "Shape_Leng": 0.0001905962, "Shape_Area": 2.17e-09 }, "geometry": { "type": "MultiPolygon", "coordinates": [ [ [ [ 115.2465528725171, -8.48761792182961 ], [ 115.246495759271966, -8.487625221626615 ], [ 115.246490935308429, -8.487587810728826 ], [ 115.246548047654301, -8.487580510931764 ], [ 115.2465528725171, -8.48761792182961 ] ] ] ] } },
{ "type": "Feature", "properties": { "latitude": -8.54749459, "longitude": 9.0, "area_in_me": 3.0, "confidence": 9.0, "full_plus": "06P3QF63R+2V38", "layer": "2dd_buildings_001", "path": "file:///C:/Users/BPN/Downloads/Compressed/2dd_buildings.csv/2dd_buildings_split/2dd_buildings_001.csv?type=csv&maxFields=10000&detectTypes=yes&wktField=geometry&crs=EPSG:4326&spatialIndex=no&subsetIndex=no&watchFile=no", "Shape_Leng": 0.00035703789, "Shape_Area": 6.83e-09 }, "geometry": { "type": "MultiPolygon", "coordinates": [ [ [ [ 115.247341298262313, -8.486048584174796 ], [ 115.247337952784392, -8.486090149041104 ], [ 115.247253568497399, -8.486083417615589 ], [ 115.247261097621617, -8.485989853948581 ], [ 115.247324126607168, -8.485994882058094 ], [ 115.247319942061722, -8.486046880858794 ], [ 115.247341298262313, -8.486048584174796 ] ] ] ] } },
{ "type": "Feature", "properties": { "latitude": -8.66840124, "longitude": 0.0, "area_in_me": 2.0, "confidence": 0.0, "full_plus": "06P3Q87J2+J2PX", "layer": "2dd_buildings_001", "path": "file:///C:/Users/BPN/Downloads/Compressed/2dd_buildings.csv/2dd_buildings_split/2dd_buildings_001.csv?type=csv&maxFields=10000&detectTypes=yes&wktField=geometry&crs=EPSG:4326&spatialIndex=no&subsetIndex=no&watchFile=no", "Shape_Leng": 0.00020957273, "Shape_Area": 2.74e-09 }, "geometry": { "type": "MultiPolygon", "coordinates": [ [ [ [ 115.246524928782492, -8.486738388465824 ], [ 115.246522634612006, -8.486787630844447 ], [ 115.246467403647785, -8.486785080367099 ], [ 115.246469706811581, -8.486735637439665 ], [ 115.246523044702826, -8.486738100682771 ], [ 115.246524937775689, -8.486738187917013 ], [ 115.246524928782492, -8.486738388465824 ] ] ] ] } },
{ "type": "Feature", "properties": { "latitude": -8.5719276, "longitude": 0.0, "area_in_me": 6.0, "confidence": 4.0, "full_plus": "06P3QC8HG+68HR", "layer": "2dd_buildings_001", "path": "file:///C:/Users/BPN/Downloads/Compressed/2dd_buildings.csv/2dd_buildings_split/2dd_buildings_001.csv?type=csv&maxFields=10000&detectTypes=yes&wktField=geometry&crs=EPSG:4326&spatialIndex=no&subsetIndex=no&watchFile=no", "Shape_Leng": 0.00042031666, "Shape_Area": 1.068e-08 }, "geometry": { "type": "MultiPolygon", "coordinates": [ [ [ [ 115.245707884811054, -8.49063891545353 ], [ 115.245678922144634, -8.490719839149222 ], [ 115.245656707990747, -8.490711959289456 ], [ 115.245561860991188, -8.490678313853039 ], [ 115.245590824556984, -8.490597390157404 ], [ 115.245707884811054, -8.49063891545353 ] ] ] ] } },
{ "type": "Feature", "properties": { "latitude": -8.31110469, "longitude": 2.0, "area_in_me": 8.0, "confidence": 7.0, "full_plus": "06P3PMJQM+H42R", "layer": "2dd_buildings_001", "path": "file:///C:/Users/BPN/Downloads/Compressed/2dd_buildings.csv/2dd_buildings_split/2dd_buildings_001.csv?type=csv&maxFields=10000&detectTypes=yes&wktField=geometry&crs=EPSG:4326&spatialIndex=no&subsetIndex=no&watchFile=no", "Shape_Leng": 0.00020041941, "Shape_Area": 1.71e-09 }, "geometry": { "type": "MultiPolygon", "coordinates": [ [ [ [ 115.245593202364489, -8.491421696154305 ], [ 115.245619617251577, -8.491347890592635 ], [ 115.245640181149497, -8.491355185893042 ], [ 115.245613766262409, -8.491428991454768 ], [ 115.245593202364489, -8.491421696154305 ] ] ] ] } },
{ "type": "Feature", "properties": { "latitude": -8.80126573, "longitude": 3.0, "area_in_me": 1.0, "confidence": 7.0, "full_plus": "06P3Q55X7+F8R9", "layer": "2dd_buildings_001", "path": "file:///C:/Users/BPN/Downloads/Compressed/2dd_buildings.csv/2dd_buildings_split/2dd_buildings_001.csv?type=csv&maxFields=10000&detectTypes=yes&wktField=geometry&crs=EPSG:4326&spatialIndex=no&subsetIndex=no&watchFile=no", "Shape_Leng": 0.00035013654, "Shape_Area": 7.6e-09 }, "geometry": { "type": "MultiPolygon", "coordinates": [ [ [ [ 115.247637239067444, -8.488930941909416 ], [ 115.247610633524005, -8.489022616100783 ], [ 115.247534124600179, -8.489000607891683 ], [ 115.247560730143618, -8.488908933700259 ], [ 115.247601560263888, -8.488920678846227 ], [ 115.24762480683944, -8.488927365305642 ], [ 115.247637239067444, -8.488930941909416 ] ] ] ] } },
{ "type": "Feature", "properties": { "latitude": -8.66710852, "longitude": 9.0, "area_in_me": 8.0, "confidence": 3.0, "full_plus": "06P3Q85M8+543P", "layer": "2dd_buildings_001", "path": "file:///C:/Users/BPN/Downloads/Compressed/2dd_buildings.csv/2dd_buildings_split/2dd_buildings_001.csv?type=csv&maxFields=10000&detectTypes=yes&wktField=geometry&crs=EPSG:4326&spatialIndex=no&subsetIndex=no&watchFile=no", "Shape_Leng": 0.00018987544, "Shape_Area": 2.19e-09 }, "geometry": { "type": "MultiPolygon", "coordinates": [ [ [ [ 115.245907735753462, -8.491678531738785 ], [ 115.245868380521415, -8.491679364511015 ], [ 115.245867194315679, -8.491623803495713 ], [ 115.245906549547726, -8.491622970723483 ], [ 115.245907735753462, -8.491678531738785 ] ] ] ] } },
{ "type": "Feature", "properties": { "latitude": -8.78081775, "longitude": 2.0, "area_in_me": 9.0, "confidence": 5.0, "full_plus": "06P3Q659C+M4H6", "layer": "2dd_buildings_001", "path": "file:///C:/Users/BPN/Downloads/Compressed/2dd_buildings.csv/2dd_buildings_split/2dd_buildings_001.csv?type=csv&maxFields=10000&detectTypes=yes&wktField=geometry&crs=EPSG:4326&spatialIndex=no&subsetIndex=no&watchFile=no", "Shape_Leng": 0.00019618058, "Shape_Area": 2.31e-09 }, "geometry": { "type": "MultiPolygon", "coordinates": [ [ [ [ 115.24658324621987, -8.487794294171294 ], [ 115.246570168278708, -8.487794944381108 ], [ 115.246569759986528, -8.48778679832202 ], [ 115.246567217603115, -8.487736088249846 ], [ 115.24660632911889, -8.487734143915588 ], [ 115.246609279794484, -8.487793000946169 ], [ 115.24658324621987, -8.487794294171294 ] ] ] ] } },
{ "type": "Feature", "properties": { "latitude": -8.46930122, "longitude": 0.0, "area_in_me": 7.0, "confidence": 9.0, "full_plus": "06P3QG5J2+7WFW", "layer": "2dd_buildings_001", "path": "file:///C:/Users/BPN/Downloads/Compressed/2dd_buildings.csv/2dd_buildings_split/2dd_buildings_001.csv?type=csv&maxFields=10000&detectTypes=yes&wktField=geometry&crs=EPSG:4326&spatialIndex=no&subsetIndex=no&watchFile=no", "Shape_Leng": 9.041015e-05, "Shape_Area": 4.9e-10 }, "geometry": { "type": "MultiPolygon", "coordinates": [ [ [ [ 115.24550848892568, -8.486995666516748 ], [ 115.245481690927363, -8.486996414752696 ], [ 115.245481172917835, -8.48697802541551 ], [ 115.24550260466151, -8.486977427366355 ], [ 115.245502997665312, -8.486977416574462 ], [ 115.245507970916151, -8.486977277179562 ], [ 115.24550848892568, -8.486995666516748 ] ] ] ] } },
{ "type": "Feature", "properties": { "latitude": -8.54580673, "longitude": 2.0, "area_in_me": 5.0, "confidence": 1.0, "full_plus": "06P3QF93H+MFHP", "layer": "2dd_buildings_001", "path": "file:///C:/Users/BPN/Downloads/Compressed/2dd_buildings.csv/2dd_buildings_split/2dd_buildings_001.csv?type=csv&maxFields=10000&detectTypes=yes&wktField=geometry&crs=EPSG:4326&spatialIndex=no&subsetIndex=no&watchFile=no", "Shape_Leng": 0.00026613227, "Shape_Area": 3.45e-09 }, "geometry": { "type": "MultiPolygon", "coordinates": [ [ [ [ 115.244587500412877, -8.487065999796016 ], [ 115.244489700039708, -8.487069099759083 ], [ 115.244488775536638, -8.487039502171228 ], [ 115.244488600168779, -8.487033900294193 ], [ 115.244534090575826, -8.487032458680972 ], [ 115.244586400542062, -8.487030800331127 ], [ 115.244587500412877, -8.487065999796016 ] ] ] ] } },
{ "type": "Feature", "properties": { "latitude": -8.16840549, "longitude": 0.0, "area_in_me": 2.0, "confidence": 5.0, "full_plus": "06P3QR4JG+JFQM", "layer": "2dd_buildings_001", "path": "file:///C:/Users/BPN/Downloads/Compressed/2dd_buildings.csv/2dd_buildings_split/2dd_buildings_001.csv?type=csv&maxFields=10000&detectTypes=yes&wktField=geometry&crs=EPSG:4326&spatialIndex=no&subsetIndex=no&watchFile=no", "Shape_Leng": 0.00026986762, "Shape_Area": 4.48e-09 }, "geometry": { "type": "MultiPolygon", "coordinates": [ [ [ [ 115.245503919470366, -8.487821454596428 ], [ 115.245537539725774, -8.487824340520831 ], [ 115.245532010693751, -8.487883438569781 ], [ 115.245456700566365, -8.487876455334117 ], [ 115.245461777239257, -8.487817837523153 ], [ 115.245503919470366, -8.487821454596428 ] ] ] ] } },
{ "type": "Feature", "properties": { "latitude": -8.63860045, "longitude": 0.0, "area_in_me": 7.0, "confidence": 1.0, "full_plus": "06P3Q956W+HW4X", "layer": "2dd_buildings_001", "path": "file:///C:/Users/BPN/Downloads/Compressed/2dd_buildings.csv/2dd_buildings_split/2dd_buildings_001.csv?type=csv&maxFields=10000&detectTypes=yes&wktField=geometry&crs=EPSG:4326&spatialIndex=no&subsetIndex=no&watchFile=no", "Shape_Leng": 0.00019416877, "Shape_Area": 2.29e-09 }, "geometry": { "type": "MultiPolygon", "coordinates": [ [ [ [ 115.246180194360591, -8.488710440734224 ], [ 115.246131671439571, -8.488711110729128 ], [ 115.246131104866663, -8.488670436191626 ], [ 115.246178739257516, -8.488669778787198 ], [ 115.246187505848752, -8.48866965737875 ], [ 115.246188071522397, -8.488710331916252 ], [ 115.246180194360591, -8.488710440734224 ] ] ] ] } },
{ "type": "Feature", "properties": { "latitude": -8.29749405, "longitude": 9.0, "area_in_me": 8.0, "confidence": 9.0, "full_plus": "06P3QP63G+2X58", "layer": "2dd_buildings_001", "path": "file:///C:/Users/BPN/Downloads/Compressed/2dd_buildings.csv/2dd_buildings_split/2dd_buildings_001.csv?type=csv&maxFields=10000&detectTypes=yes&wktField=geometry&crs=EPSG:4326&spatialIndex=no&subsetIndex=no&watchFile=no", "Shape_Leng": 0.00036464248, "Shape_Area": 7.37e-09 }, "geometry": { "type": "MultiPolygon", "coordinates": [ [ [ [ 115.246156747236114, -8.490052538593716 ], [ 115.246150001421483, -8.490085666919924 ], [ 115.246132815377223, -8.490082198234802 ], [ 115.246128012997474, -8.490105779358203 ], [ 115.246050003105211, -8.490090035826427 ], [ 115.246067003889152, -8.490006543666993 ], [ 115.246145013781415, -8.490022287198769 ], [ 115.24613956029259, -8.490049069908594 ], [ 115.246156747236114, -8.490052538593716 ] ] ] ] } },
{ "type": "Feature", "properties": { "latitude": -8.63852141, "longitude": 9.0, "area_in_me": 3.0, "confidence": 2.0, "full_plus": "06P3Q976G+H7V3", "layer": "2dd_buildings_001", "path": "file:///C:/Users/BPN/Downloads/Compressed/2dd_buildings.csv/2dd_buildings_split/2dd_buildings_001.csv?type=csv&maxFields=10000&detectTypes=yes&wktField=geometry&crs=EPSG:4326&spatialIndex=no&subsetIndex=no&watchFile=no", "Shape_Leng": 0.00022769603, "Shape_Area": 3.23e-09 }, "geometry": { "type": "MultiPolygon", "coordinates": [ [ [ [ 115.244929548559867, -8.489838520631167 ], [ 115.244870578214659, -8.489848887116409 ], [ 115.244862229808177, -8.489801819298464 ], [ 115.244861152420299, -8.489795743478737 ], [ 115.244883645363984, -8.48979178915971 ], [ 115.244920123664883, -8.489785376993495 ], [ 115.244929548559867, -8.489838520631167 ] ] ] ] } },
{ "type": "Feature", "properties": { "latitude": -8.11191851, "longitude": 2.0, "area_in_me": 8.0, "confidence": 9.0, "full_plus": "06P3QV4QG+6CJ7", "layer": "2dd_buildings_001", "path": "file:///C:/Users/BPN/Downloads/Compressed/2dd_buildings.csv/2dd_buildings_split/2dd_buildings_001.csv?type=csv&maxFields=10000&detectTypes=yes&wktField=geometry&crs=EPSG:4326&spatialIndex=no&subsetIndex=no&watchFile=no", "Shape_Leng": 0.00042479536, "Shape_Area": 9.8e-09 }, "geometry": { "type": "MultiPolygon", "coordinates": [ [ [ [ 115.245838607565702, -8.491815457117582 ], [ 115.245849643146585, -8.491764640925396 ], [ 115.245852991322522, -8.491749222048895 ], [ 115.245994371942743, -8.491779653308299 ], [ 115.24597998728666, -8.491845889276306 ], [ 115.245838607565702, -8.491815457117582 ] ] ] ] } },
{ "type": "Feature", "properties": { "latitude": -8.44245086, "longitude": 9.0, "area_in_me": 9.0, "confidence": 0.0, "full_plus": "06P3QH459+2X9R", "layer": "2dd_buildings_001", "path": "file:///C:/Users/BPN/Downloads/Compressed/2dd_buildings.csv/2dd_buildings_split/2dd_buildings_001.csv?type=csv&maxFields=10000&detectTypes=yes&wktField=geometry&crs=EPSG:4326&spatialIndex=no&subsetIndex=no&watchFile=no", "Shape_Leng": 0.00049083882, "Shape_Area": 1.259e-08 }, "geometry": { "type": "MultiPolygon", "coordinates": [ [ [ [ 115.245967780788533, -8.487063191213281 ], [ 115.245912104659965, -8.487065005145837 ], [ 115.245911197244027, -8.487037411247456 ], [ 115.245908855409425, -8.486966157961774 ], [ 115.245907346347053, -8.48692026106113 ], [ 115.245907290589003, -8.486918560443144 ], [ 115.246006134175786, -8.486915339970892 ], [ 115.246006205222216, -8.486917498343814 ], [ 115.246008284454774, -8.486980744965365 ], [ 115.246008369890433, -8.486983344905411 ], [ 115.24598476358608, -8.48698411472509 ], [ 115.245984122369464, -8.4869841354095 ], [ 115.245986700725666, -8.487062574278355 ], [ 115.245967780788533, -8.487063191213281 ] ] ] ] } },
{ "type": "Feature", "properties": { "latitude": -8.44902162, "longitude": 0.0, "area_in_me": 4.0, "confidence": 7.0, "full_plus": "06P3QH22P+9WR4", "layer": "2dd_buildings_001", "path": "file:///C:/Users/BPN/Downloads/Compressed/2dd_buildings.csv/2dd_buildings_split/2dd_buildings_001.csv?type=csv&maxFields=10000&detectTypes=yes&wktField=geometry&crs=EPSG:4326&spatialIndex=no&subsetIndex=no&watchFile=no", "Shape_Leng": 0.00019878295, "Shape_Area": 2.46e-09 }, "geometry": { "type": "MultiPolygon", "coordinates": [ [ [ [ 115.246589041451216, -8.487831293179568 ], [ 115.246537197333851, -8.487839342111897 ], [ 115.246529935308331, -8.487792981161078 ], [ 115.246569759986528, -8.48778679832202 ], [ 115.246581779425696, -8.487784932228806 ], [ 115.24658324621987, -8.487794294171294 ], [ 115.246589041451216, -8.487831293179568 ] ] ] ] } },
{ "type": "Feature", "properties": { "latitude": -8.41167928, "longitude": 0.0, "area_in_me": 2.0, "confidence": 2.0, "full_plus": "06P3QH7QW+82GR", "layer": "2dd_buildings_001", "path": "file:///C:/Users/BPN/Downloads/Compressed/2dd_buildings.csv/2dd_buildings_split/2dd_buildings_001.csv?type=csv&maxFields=10000&detectTypes=yes&wktField=geometry&crs=EPSG:4326&spatialIndex=no&subsetIndex=no&watchFile=no", "Shape_Leng": 0.00014193246, "Shape_Area": 1.26e-09 }, "geometry": { "type": "MultiPolygon", "coordinates": [ [ [ [ 115.245425985121187, -8.489611437317933 ], [ 115.245425827739837, -8.489646077404529 ], [ 115.245389502323746, -8.489645913727884 ], [ 115.245389659705097, -8.489611273641344 ], [ 115.245425985121187, -8.489611437317933 ] ] ] ] } },
{ "type": "Feature", "properties": { "latitude": -8.31961445, "longitude": 0.0, "area_in_me": 8.0, "confidence": 2.0, "full_plus": "06P3PMGJ9+5M5H", "layer": "2dd_buildings_001", "path": "file:///C:/Users/BPN/Downloads/Compressed/2dd_buildings.csv/2dd_buildings_split/2dd_buildings_001.csv?type=csv&maxFields=10000&detectTypes=yes&wktField=geometry&crs=EPSG:4326&spatialIndex=no&subsetIndex=no&watchFile=no", "Shape_Leng": 0.00016364918, "Shape_Area": 1.57e-09 }, "geometry": { "type": "MultiPolygon", "coordinates": [ [ [ [ 115.245466280144797, -8.488006447839268 ], [ 115.245415281390137, -8.488006842641653 ], [ 115.245415040371881, -8.487976019277824 ], [ 115.245466039126427, -8.487975624475439 ], [ 115.245466280144797, -8.488006447839268 ] ] ] ] } },
{ "type": "Feature", "properties": { "latitude": -8.14923075, "longitude": 9.0, "area_in_me": 9.0, "confidence": 1.0, "full_plus": "06P3QV324+893P", "layer": "2dd_buildings_001", "path": "file:///C:/Users/BPN/Downloads/Compressed/2dd_buildings.csv/2dd_buildings_split/2dd_buildings_001.csv?type=csv&maxFields=10000&detectTypes=yes&wktField=geometry&crs=EPSG:4326&spatialIndex=no&subsetIndex=no&watchFile=no", "Shape_Leng": 0.00028736205, "Shape_Area": 4.77e-09 }, "geometry": { "type": "MultiPolygon", "coordinates": [ [ [ [ 115.244895032579734, -8.486750067061905 ], [ 115.244918665863793, -8.486752215542253 ], [ 115.244916170245119, -8.486779421832807 ], [ 115.244910302168819, -8.486843383415362 ], [ 115.244858385206385, -8.486838661974616 ], [ 115.244866749800735, -8.486747495000827 ], [ 115.244895032579734, -8.486750067061905 ] ] ] ] } },
{ "type": "Feature", "properties": { "latitude": -8.62116084, "longitude": 0.0, "area_in_me": 5.0, "confidence": 9.0, "full_plus": "06P3Q97HM+GHMH", "layer": "2dd_buildings_001", "path": "file:///C:/Users/BPN/Downloads/Compressed/2dd_buildings.csv/2dd_buildings_split/2dd_buildings_001.csv?type=csv&maxFields=10000&detectTypes=yes&wktField=geometry&crs=EPSG:4326&spatialIndex=no&subsetIndex=no&watchFile=no", "Shape_Leng": 0.00034261032, "Shape_Area": 7.31e-09 }, "geometry": { "type": "MultiPolygon", "coordinates": [ [ [ [ 115.244798716987248, -8.48800150696394 ], [ 115.244792437021374, -8.488091624428876 ], [ 115.244711659915197, -8.488086045034891 ], [ 115.244717940780447, -8.487995927569955 ], [ 115.244798716987248, -8.48800150696394 ] ] ] ] } },
{ "type": "Feature", "properties": { "latitude": -8.53087337, "longitude": 0.0, "area_in_me": 5.0, "confidence": 2.0, "full_plus": "06P3QF694+MM33", "layer": "2dd_buildings_001", "path": "file:///C:/Users/BPN/Downloads/Compressed/2dd_buildings.csv/2dd_buildings_split/2dd_buildings_001.csv?type=csv&maxFields=10000&detectTypes=yes&wktField=geometry&crs=EPSG:4326&spatialIndex=no&subsetIndex=no&watchFile=no", "Shape_Leng": 0.00016527806, "Shape_Area": 1.65e-09 }, "geometry": { "type": "MultiPolygon", "coordinates": [ [ [ [ 115.24651735379291, -8.490627241354048 ], [ 115.246509413678609, -8.490675298426254 ], [ 115.246475929220765, -8.490669815259707 ], [ 115.246483869335179, -8.490621758187558 ], [ 115.24651735379291, -8.490627241354048 ] ] ] ] } },
{ "type": "Feature", "properties": { "latitude": -8.67925653, "longitude": 0.0, "area_in_me": 4.0, "confidence": 1.0, "full_plus": "06P3Q85CV+73RJ", "layer": "2dd_buildings_001", "path": "file:///C:/Users/BPN/Downloads/Compressed/2dd_buildings.csv/2dd_buildings_split/2dd_buildings_001.csv?type=csv&maxFields=10000&detectTypes=yes&wktField=geometry&crs=EPSG:4326&spatialIndex=no&subsetIndex=no&watchFile=no", "Shape_Leng": 0.00022130097, "Shape_Area": 2.36e-09 }, "geometry": { "type": "MultiPolygon", "coordinates": [ [ [ [ 115.246606811155516, -8.488277417169002 ], [ 115.246606725719857, -8.48827590630799 ], [ 115.246604906391326, -8.488243694390917 ], [ 115.246585094326747, -8.488244803255043 ], [ 115.246583580767719, -8.48821800525667 ], [ 115.246633536308764, -8.488215209264467 ], [ 115.246636953732491, -8.488275730040868 ], [ 115.246606811155516, -8.488277417169002 ] ] ] ] } },
{ "type": "Feature", "properties": { "latitude": -8.64818796, "longitude": 0.0, "area_in_me": 6.0, "confidence": 3.0, "full_plus": "06P3Q962R+PPFC", "layer": "2dd_buildings_001", "path": "file:///C:/Users/BPN/Downloads/Compressed/2dd_buildings.csv/2dd_buildings_split/2dd_buildings_001.csv?type=csv&maxFields=10000&detectTypes=yes&wktField=geometry&crs=EPSG:4326&spatialIndex=no&subsetIndex=no&watchFile=no", "Shape_Leng": 0.0003300678, "Shape_Area": 6.77e-09 }, "geometry": { "type": "MultiPolygon", "coordinates": [ [ [ [ 115.245042751621781, -8.486273047762893 ], [ 115.245034789923693, -8.486348741001564 ], [ 115.244946346097095, -8.486339520252614 ], [ 115.244954306895806, -8.486263827913263 ], [ 115.245042751621781, -8.486273047762893 ] ] ] ] } },
{ "type": "Feature", "properties": { "latitude": -8.54566399, "longitude": 0.0, "area_in_me": 3.0, "confidence": 0.0, "full_plus": "06P3QF435+PHMF", "layer": "2dd_buildings_001", "path": "file:///C:/Users/BPN/Downloads/Compressed/2dd_buildings.csv/2dd_buildings_split/2dd_buildings_001.csv?type=csv&maxFields=10000&detectTypes=yes&wktField=geometry&crs=EPSG:4326&spatialIndex=no&subsetIndex=no&watchFile=no", "Shape_Leng": 0.00033938888, "Shape_Area": 7.15e-09 }, "geometry": { "type": "MultiPolygon", "coordinates": [ [ [ [ 115.246788699039257, -8.486468849058099 ], [ 115.246791765727494, -8.486528545156204 ], [ 115.246737826189815, -8.486531291685708 ], [ 115.246714054410177, -8.486532502173191 ], [ 115.24671098772194, -8.486472806974405 ], [ 115.246709340163989, -8.486440740747526 ], [ 115.246787051481306, -8.486436783730539 ], [ 115.246788699039257, -8.486468849058099 ] ] ] ] } },
{ "type": "Feature", "properties": { "latitude": -8.63663927, "longitude": 0.0, "area_in_me": 3.0, "confidence": 5.0, "full_plus": "06P3Q967G+88XG", "layer": "2dd_buildings_001", "path": "file:///C:/Users/BPN/Downloads/Compressed/2dd_buildings.csv/2dd_buildings_split/2dd_buildings_001.csv?type=csv&maxFields=10000&detectTypes=yes&wktField=geometry&crs=EPSG:4326&spatialIndex=no&subsetIndex=no&watchFile=no", "Shape_Leng": 0.00038568295, "Shape_Area": 9.07e-09 }, "geometry": { "type": "MultiPolygon", "coordinates": [ [ [ [ 115.246604226503905, -8.489882675545005 ], [ 115.246603494455712, -8.48985414005648 ], [ 115.246714826028438, -8.489851308990694 ], [ 115.246716916052947, -8.489932756091775 ], [ 115.246605584480221, -8.489935587157561 ], [ 115.246604226503905, -8.489882675545005 ] ] ] ] } },
{ "type": "Feature", "properties": { "latitude": -8.17892878, "longitude": 0.0, "area_in_me": 5.0, "confidence": 2.0, "full_plus": "06P3QR8C2+C2CR", "layer": "2dd_buildings_001", "path": "file:///C:/Users/BPN/Downloads/Compressed/2dd_buildings.csv/2dd_buildings_split/2dd_buildings_001.csv?type=csv&maxFields=10000&detectTypes=yes&wktField=geometry&crs=EPSG:4326&spatialIndex=no&subsetIndex=no&watchFile=no", "Shape_Leng": 0.0002742381, "Shape_Area": 4.12e-09 }, "geometry": { "type": "MultiPolygon", "coordinates": [ [ [ [ 115.246531534302903, -8.488811536223352 ], [ 115.246461559853174, -8.488816331408543 ], [ 115.24643919821051, -8.488817863853285 ], [ 115.246436124327715, -8.48877340406932 ], [ 115.246491876898631, -8.488769582849898 ], [ 115.246528460420222, -8.488767075540068 ], [ 115.246531534302903, -8.488811536223352 ] ] ] ] } },
{ "type": "Feature", "properties": { "latitude": -8.57383095, "longitude": 0.0, "area_in_me": 5.0, "confidence": 8.0, "full_plus": "06P3QC6G5+F89M", "layer": "2dd_buildings_001", "path": "file:///C:/Users/BPN/Downloads/Compressed/2dd_buildings.csv/2dd_buildings_split/2dd_buildings_001.csv?type=csv&maxFields=10000&detectTypes=yes&wktField=geometry&crs=EPSG:4326&spatialIndex=no&subsetIndex=no&watchFile=no", "Shape_Leng": 0.00031996328, "Shape_Area": 6.1e-09 }, "geometry": { "type": "MultiPolygon", "coordinates": [ [ [ [ 115.241764633730895, -8.486342688564207 ], [ 115.241753351735838, -8.486404333493169 ], [ 115.241657601816883, -8.486386964886492 ], [ 115.241668882912677, -8.48632531995753 ], [ 115.241764633730895, -8.486342688564207 ] ] ] ] } },
{ "type": "Feature", "properties": { "latitude": -8.7944304, "longitude": 0.0, "area_in_me": 9.0, "confidence": 9.0, "full_plus": "06P3Q664F+66FJ", "layer": "2dd_buildings_001", "path": "file:///C:/Users/BPN/Downloads/Compressed/2dd_buildings.csv/2dd_buildings_split/2dd_buildings_001.csv?type=csv&maxFields=10000&detectTypes=yes&wktField=geometry&crs=EPSG:4326&spatialIndex=no&subsetIndex=no&watchFile=no", "Shape_Leng": 0.0001676624, "Shape_Area": 1.72e-09 }, "geometry": { "type": "MultiPolygon", "coordinates": [ [ [ [ 115.245908415640884, -8.487353291820909 ], [ 115.245872437363118, -8.4873551588135 ], [ 115.245869938147166, -8.487307419202011 ], [ 115.245905916424931, -8.48730555310874 ], [ 115.245908415640884, -8.487353291820909 ] ] ] ] } },
{ "type": "Feature", "properties": { "latitude": -8.20373555, "longitude": 9.0, "area_in_me": 7.0, "confidence": 1.0, "full_plus": "06P3QQFW6+G54C", "layer": "2dd_buildings_001", "path": "file:///C:/Users/BPN/Downloads/Compressed/2dd_buildings.csv/2dd_buildings_split/2dd_buildings_001.csv?type=csv&maxFields=10000&detectTypes=yes&wktField=geometry&crs=EPSG:4326&spatialIndex=no&subsetIndex=no&watchFile=no", "Shape_Leng": 0.00021823314, "Shape_Area": 2.48e-09 }, "geometry": { "type": "MultiPolygon", "coordinates": [ [ [ [ 115.244866078906512, -8.487263547574628 ], [ 115.244862715442082, -8.487340373959057 ], [ 115.244830529605338, -8.487338977311879 ], [ 115.244833893069767, -8.48726215002813 ], [ 115.244866078906512, -8.487263547574628 ] ] ] ] } },
{ "type": "Feature", "properties": { "latitude": -8.59652657, "longitude": 0.0, "area_in_me": 8.0, "confidence": 1.0, "full_plus": "06P3QC73J+9FMR", "layer": "2dd_buildings_001", "path": "file:///C:/Users/BPN/Downloads/Compressed/2dd_buildings.csv/2dd_buildings_split/2dd_buildings_001.csv?type=csv&maxFields=10000&detectTypes=yes&wktField=geometry&crs=EPSG:4326&spatialIndex=no&subsetIndex=no&watchFile=no", "Shape_Leng": 0.0002244511, "Shape_Area": 2.74e-09 }, "geometry": { "type": "MultiPolygon", "coordinates": [ [ [ [ 115.245763189519607, -8.492451688794347 ], [ 115.245762700288424, -8.49245169958624 ], [ 115.245761860321636, -8.492411651876182 ], [ 115.24576117593756, -8.492379016378436 ], [ 115.245761100394475, -8.492375400204537 ], [ 115.24578008508297, -8.492374976623807 ], [ 115.245797000431253, -8.492374599807874 ], [ 115.245798600325202, -8.492450900088897 ], [ 115.245763189519607, -8.492451688794347 ] ] ] ] } },
{ "type": "Feature", "properties": { "latitude": -8.53634915, "longitude": 9.0, "area_in_me": 1.0, "confidence": 0.0, "full_plus": "06P3QFF7W+FR73", "layer": "2dd_buildings_001", "path": "file:///C:/Users/BPN/Downloads/Compressed/2dd_buildings.csv/2dd_buildings_split/2dd_buildings_001.csv?type=csv&maxFields=10000&detectTypes=yes&wktField=geometry&crs=EPSG:4326&spatialIndex=no&subsetIndex=no&watchFile=no", "Shape_Leng": 0.00016383687, "Shape_Area": 1.65e-09 }, "geometry": { "type": "MultiPolygon", "coordinates": [ [ [ [ 115.245732617066665, -8.488749606209296 ], [ 115.245727999047972, -8.488795495915383 ], [ 115.245693785240064, -8.488792084786837 ], [ 115.245692379599745, -8.488791944492618 ], [ 115.245693614368861, -8.488779667847325 ], [ 115.245696996719062, -8.488746053887212 ], [ 115.245732617066665, -8.488749606209296 ] ] ] ] } },
{ "type": "Feature", "properties": { "latitude": -8.44728608, "longitude": 0.0, "area_in_me": 7.0, "confidence": 2.0, "full_plus": "06P3QHJ3G+39MF", "layer": "2dd_buildings_001", "path": "file:///C:/Users/BPN/Downloads/Compressed/2dd_buildings.csv/2dd_buildings_split/2dd_buildings_001.csv?type=csv&maxFields=10000&detectTypes=yes&wktField=geometry&crs=EPSG:4326&spatialIndex=no&subsetIndex=no&watchFile=no", "Shape_Leng": 0.00029018331, "Shape_Area": 5.25e-09 }, "geometry": { "type": "MultiPolygon", "coordinates": [ [ [ [ 115.246115539400648, -8.48883208213482 ], [ 115.246115694983359, -8.488843247218028 ], [ 115.246039141093547, -8.488844303921439 ], [ 115.246038187812132, -8.488775779178809 ], [ 115.246114740802682, -8.488774723374718 ], [ 115.246115539400648, -8.48883208213482 ] ] ] ] } },
{ "type": "Feature", "properties": { "latitude": -8.46914575, "longitude": 9.0, "area_in_me": 6.0, "confidence": 5.0, "full_plus": "06P3QG5JC+8XR4", "layer": "2dd_buildings_001", "path": "file:///C:/Users/BPN/Downloads/Compressed/2dd_buildings.csv/2dd_buildings_split/2dd_buildings_001.csv?type=csv&maxFields=10000&detectTypes=yes&wktField=geometry&crs=EPSG:4326&spatialIndex=no&subsetIndex=no&watchFile=no", "Shape_Leng": 0.00047392454, "Shape_Area": 9.44e-09 }, "geometry": { "type": "MultiPolygon", "coordinates": [ [ [ [ 115.245092091127162, -8.491857840367004 ], [ 115.245042501610214, -8.491847484673656 ], [ 115.245049445275754, -8.491814529916553 ], [ 115.245060760545698, -8.491760828699228 ], [ 115.245063672550486, -8.491747008817356 ], [ 115.24519511656149, -8.491774459723501 ], [ 115.245184665539909, -8.491824060032286 ], [ 115.245102810146591, -8.491806964819546 ], [ 115.245092091127162, -8.491857840367004 ] ] ] ] } },
{ "type": "Feature", "properties": { "latitude": -8.54051388, "longitude": 2.0, "area_in_me": 4.0, "confidence": 2.0, "full_plus": "06P3QF45Q+QRWG", "layer": "2dd_buildings_001", "path": "file:///C:/Users/BPN/Downloads/Compressed/2dd_buildings.csv/2dd_buildings_split/2dd_buildings_001.csv?type=csv&maxFields=10000&detectTypes=yes&wktField=geometry&crs=EPSG:4326&spatialIndex=no&subsetIndex=no&watchFile=no", "Shape_Leng": 0.00035156792, "Shape_Area": 7.17e-09 }, "geometry": { "type": "MultiPolygon", "coordinates": [ [ [ [ 115.245805198651055, -8.486760190730195 ], [ 115.245803855963231, -8.48671255993662 ], [ 115.24591520911963, -8.48670944828234 ], [ 115.245917023951506, -8.486773810063255 ], [ 115.245805669895844, -8.486776920818215 ], [ 115.245805198651055, -8.486760190730195 ] ] ] ] } },
{ "type": "Feature", "properties": { "latitude": -8.64303102, "longitude": 0.0, "area_in_me": 3.0, "confidence": 2.0, "full_plus": "06P3Q964V+QVJQ", "layer": "2dd_buildings_001", "path": "file:///C:/Users/BPN/Downloads/Compressed/2dd_buildings.csv/2dd_buildings_split/2dd_buildings_001.csv?type=csv&maxFields=10000&detectTypes=yes&wktField=geometry&crs=EPSG:4326&spatialIndex=no&subsetIndex=no&watchFile=no", "Shape_Leng": 0.00055893925, "Shape_Area": 1.182e-08 }, "geometry": { "type": "MultiPolygon", "coordinates": [ [ [ [ 115.245820374710547, -8.488315409028871 ], [ 115.245594736607814, -8.488344419359407 ], [ 115.245588050148513, -8.488292877414324 ], [ 115.245813689150509, -8.488263867083731 ], [ 115.245820374710547, -8.488315409028871 ] ] ] ] } },
{ "type": "Feature", "properties": { "latitude": -8.11678383, "longitude": 9.0, "area_in_me": 1.0, "confidence": 4.0, "full_plus": "06P3QV5MR+75QQ", "layer": "2dd_buildings_001", "path": "file:///C:/Users/BPN/Downloads/Compressed/2dd_buildings.csv/2dd_buildings_split/2dd_buildings_001.csv?type=csv&maxFields=10000&detectTypes=yes&wktField=geometry&crs=EPSG:4326&spatialIndex=no&subsetIndex=no&watchFile=no", "Shape_Leng": 0.00027288317, "Shape_Area": 4.63e-09 }, "geometry": { "type": "MultiPolygon", "coordinates": [ [ [ [ 115.243477695639172, -8.485081223919281 ], [ 115.243465052969896, -8.485143130550966 ], [ 115.243393251997077, -8.48512859660741 ], [ 115.243405894666353, -8.485066689975724 ], [ 115.243477695639172, -8.485081223919281 ] ] ] ] } },
{ "type": "Feature", "properties": { "latitude": -8.83245586, "longitude": 0.0, "area_in_me": 3.0, "confidence": 8.0, "full_plus": "06P3Q549G+2J7P", "layer": "2dd_buildings_001", "path": "file:///C:/Users/BPN/Downloads/Compressed/2dd_buildings.csv/2dd_buildings_split/2dd_buildings_001.csv?type=csv&maxFields=10000&detectTypes=yes&wktField=geometry&crs=EPSG:4326&spatialIndex=no&subsetIndex=no&watchFile=no", "Shape_Leng": 0.00033026372, "Shape_Area": 6.76e-09 }, "geometry": { "type": "MultiPolygon", "coordinates": [ [ [ [ 115.245619489547835, -8.491001412385231 ], [ 115.245589139227491, -8.491086212158905 ], [ 115.245518394058649, -8.491061116577214 ], [ 115.245524092163237, -8.491045196778373 ], [ 115.245548744379107, -8.49097631680354 ], [ 115.245619489547835, -8.491001412385231 ] ] ] ] } },
{ "type": "Feature", "properties": { "latitude": -8.18747621, "longitude": 0.0, "area_in_me": 6.0, "confidence": 8.0, "full_plus": "06P3QRF74+2J2W", "layer": "2dd_buildings_001", "path": "file:///C:/Users/BPN/Downloads/Compressed/2dd_buildings.csv/2dd_buildings_split/2dd_buildings_001.csv?type=csv&maxFields=10000&detectTypes=yes&wktField=geometry&crs=EPSG:4326&spatialIndex=no&subsetIndex=no&watchFile=no", "Shape_Leng": 0.0002254735, "Shape_Area": 3.08e-09 }, "geometry": { "type": "MultiPolygon", "coordinates": [ [ [ [ 115.245126683549643, -8.487330159459248 ], [ 115.245080304612429, -8.487331494952457 ], [ 115.245078378264566, -8.487265184340743 ], [ 115.245124757201893, -8.487263848847476 ], [ 115.245126683549643, -8.487330159459248 ] ] ] ] } },
{ "type": "Feature", "properties": { "latitude": -8.64753448, "longitude": 9.0, "area_in_me": 4.0, "confidence": 6.0, "full_plus": "06P3Q952X+XHJQ", "layer": "2dd_buildings_001", "path": "file:///C:/Users/BPN/Downloads/Compressed/2dd_buildings.csv/2dd_buildings_split/2dd_buildings_001.csv?type=csv&maxFields=10000&detectTypes=yes&wktField=geometry&crs=EPSG:4326&spatialIndex=no&subsetIndex=no&watchFile=no", "Shape_Leng": 0.00039626505, "Shape_Area": 9.01e-09 }, "geometry": { "type": "MultiPolygon", "coordinates": [ [ [ [ 115.245895115567237, -8.486345092451984 ], [ 115.245889242094904, -8.486415497677058 ], [ 115.245762193070846, -8.48640499179686 ], [ 115.245767998194651, -8.486335417545433 ], [ 115.245768067442441, -8.486334585672523 ], [ 115.245811448039944, -8.486338173068191 ], [ 115.245863963051534, -8.486342515894364 ], [ 115.245895115567237, -8.486345092451984 ] ] ] ] } },
{ "type": "Feature", "properties": { "latitude": -8.53344116, "longitude": 2.0, "area_in_me": 6.0, "confidence": 1.0, "full_plus": "06P3QFC87+JCG9", "layer": "2dd_buildings_001", "path": "file:///C:/Users/BPN/Downloads/Compressed/2dd_buildings.csv/2dd_buildings_split/2dd_buildings_001.csv?type=csv&maxFields=10000&detectTypes=yes&wktField=geometry&crs=EPSG:4326&spatialIndex=no&subsetIndex=no&watchFile=no", "Shape_Leng": 0.00029580208, "Shape_Area": 4.64e-09 }, "geometry": { "type": "MultiPolygon", "coordinates": [ [ [ [ 115.246130100323967, -8.486537099507473 ], [ 115.246129899775156, -8.486594200162187 ], [ 115.246061000015175, -8.486593899788602 ], [ 115.246061099839949, -8.48656889953503 ], [ 115.246039200448763, -8.486568799710312 ], [ 115.246039300273537, -8.486536700208489 ], [ 115.246130100323967, -8.486537099507473 ] ] ] ] } },
{ "type": "Feature", "properties": { "latitude": -8.45859848, "longitude": 9.0, "area_in_me": 8.0, "confidence": 4.0, "full_plus": "06P3QG8R5+H374", "layer": "2dd_buildings_001", "path": "file:///C:/Users/BPN/Downloads/Compressed/2dd_buildings.csv/2dd_buildings_split/2dd_buildings_001.csv?type=csv&maxFields=10000&detectTypes=yes&wktField=geometry&crs=EPSG:4326&spatialIndex=no&subsetIndex=no&watchFile=no", "Shape_Leng": 0.00028079232, "Shape_Area": 4.27e-09 }, "geometry": { "type": "MultiPolygon", "coordinates": [ [ [ [ 115.246758471026624, -8.488795984247247 ], [ 115.246755397143943, -8.488751523563906 ], [ 115.246851002272024, -8.488744972002792 ], [ 115.246854076154705, -8.488789432686133 ], [ 115.246758471026624, -8.488795984247247 ] ] ] ] } },
{ "type": "Feature", "properties": { "latitude": -8.24627485, "longitude": 2.0, "area_in_me": 4.0, "confidence": 2.0, "full_plus": "06P3QQ33M+F7R5", "layer": "2dd_buildings_001", "path": "file:///C:/Users/BPN/Downloads/Compressed/2dd_buildings.csv/2dd_buildings_split/2dd_buildings_001.csv?type=csv&maxFields=10000&detectTypes=yes&wktField=geometry&crs=EPSG:4326&spatialIndex=no&subsetIndex=no&watchFile=no", "Shape_Leng": 0.00020368287, "Shape_Area": 2.48e-09 }, "geometry": { "type": "MultiPolygon", "coordinates": [ [ [ [ 115.245126594516819, -8.486427482941963 ], [ 115.245123752659083, -8.486467679939437 ], [ 115.24506235954027, -8.486463378482085 ], [ 115.245065201398006, -8.486423180585291 ], [ 115.245126594516819, -8.486427482941963 ] ] ] ] } },
{ "type": "Feature", "properties": { "latitude": -8.47747233, "longitude": 9.0, "area_in_me": 6.0, "confidence": 0.0, "full_plus": "06P3QG8FQ+2462", "layer": "2dd_buildings_001", "path": "file:///C:/Users/BPN/Downloads/Compressed/2dd_buildings.csv/2dd_buildings_split/2dd_buildings_001.csv?type=csv&maxFields=10000&detectTypes=yes&wktField=geometry&crs=EPSG:4326&spatialIndex=no&subsetIndex=no&watchFile=no", "Shape_Leng": 0.00022848147, "Shape_Area": 3.17e-09 }, "geometry": { "type": "MultiPolygon", "coordinates": [ [ [ [ 115.245351542839444, -8.491640492214913 ], [ 115.245337770621632, -8.491705854041868 ], [ 115.245291328731923, -8.491696155752948 ], [ 115.245305100949736, -8.491630793925935 ], [ 115.245351542839444, -8.491640492214913 ] ] ] ] } },
{ "type": "Feature", "properties": { "latitude": -8.2008151, "longitude": 0.0, "area_in_me": 6.0, "confidence": 1.0, "full_plus": "06P3PQXX5+MWF7", "layer": "2dd_buildings_001", "path": "file:///C:/Users/BPN/Downloads/Compressed/2dd_buildings.csv/2dd_buildings_split/2dd_buildings_001.csv?type=csv&maxFields=10000&detectTypes=yes&wktField=geometry&crs=EPSG:4326&spatialIndex=no&subsetIndex=no&watchFile=no", "Shape_Leng": 0.00010067103, "Shape_Area": 6.1e-10 }, "geometry": { "type": "MultiPolygon", "coordinates": [ [ [ [ 115.24474783784251, -8.487282800260971 ], [ 115.244742074986789, -8.487301826318173 ], [ 115.244712905476263, -8.487293069619398 ], [ 115.244718667432608, -8.487274043562195 ], [ 115.24474783784251, -8.487282800260971 ] ] ] ] } },
{ "type": "Feature", "properties": { "latitude": -8.49621539, "longitude": 0.0, "area_in_me": 8.0, "confidence": 0.0, "full_plus": "06P3QG83J+GX89", "layer": "2dd_buildings_001", "path": "file:///C:/Users/BPN/Downloads/Compressed/2dd_buildings.csv/2dd_buildings_split/2dd_buildings_001.csv?type=csv&maxFields=10000&detectTypes=yes&wktField=geometry&crs=EPSG:4326&spatialIndex=no&subsetIndex=no&watchFile=no", "Shape_Leng": 0.00027331707, "Shape_Area": 4.57e-09 }, "geometry": { "type": "MultiPolygon", "coordinates": [ [ [ [ 115.243078304919891, -8.485070498604557 ], [ 115.243073955798536, -8.485128702727422 ], [ 115.242995877557746, -8.485122919187347 ], [ 115.243000116062603, -8.485066200744541 ], [ 115.243000226679214, -8.485064715064482 ], [ 115.243033082510806, -8.48506714862998 ], [ 115.243078304919891, -8.485070498604557 ] ] ] ] } },
{ "type": "Feature", "properties": { "latitude": -8.56714779, "longitude": 0.0, "area_in_me": 4.0, "confidence": 9.0, "full_plus": "06P3QC8M2+46W2", "layer": "2dd_buildings_001", "path": "file:///C:/Users/BPN/Downloads/Compressed/2dd_buildings.csv/2dd_buildings_split/2dd_buildings_001.csv?type=csv&maxFields=10000&detectTypes=yes&wktField=geometry&crs=EPSG:4326&spatialIndex=no&subsetIndex=no&watchFile=no", "Shape_Leng": 0.00014500125, "Shape_Area": 1.3e-09 }, "geometry": { "type": "MultiPolygon", "coordinates": [ [ [ [ 115.247053101519441, -8.486329453241638 ], [ 115.24704990263092, -8.486361344100715 ], [ 115.247009651674148, -8.486357343016948 ], [ 115.247012849663292, -8.486325452157871 ], [ 115.247053101519441, -8.486329453241638 ] ] ] ] } },
{ "type": "Feature", "properties": { "latitude": -8.14254745, "longitude": 0.0, "area_in_me": 3.0, "confidence": 0.0, "full_plus": "06P3QV546+XJP2", "layer": "2dd_buildings_001", "path": "file:///C:/Users/BPN/Downloads/Compressed/2dd_buildings.csv/2dd_buildings_split/2dd_buildings_001.csv?type=csv&maxFields=10000&detectTypes=yes&wktField=geometry&crs=EPSG:4326&spatialIndex=no&subsetIndex=no&watchFile=no", "Shape_Leng": 0.00022149679, "Shape_Area": 2.53e-09 }, "geometry": { "type": "MultiPolygon", "coordinates": [ [ [ [ 115.242917451279368, -8.484851763697861 ], [ 115.242914055439314, -8.484883754381713 ], [ 115.242835908850225, -8.48487553188022 ], [ 115.242839304690165, -8.484843541196426 ], [ 115.242917451279368, -8.484851763697861 ] ] ] ] } },
{ "type": "Feature", "properties": { "latitude": -8.55959069, "longitude": 0.0, "area_in_me": 3.0, "confidence": 0.0, "full_plus": "06P3QC3R7+5676", "layer": "2dd_buildings_001", "path": "file:///C:/Users/BPN/Downloads/Compressed/2dd_buildings.csv/2dd_buildings_split/2dd_buildings_001.csv?type=csv&maxFields=10000&detectTypes=yes&wktField=geometry&crs=EPSG:4326&spatialIndex=no&subsetIndex=no&watchFile=no", "Shape_Leng": 0.00032749422, "Shape_Area": 6.22e-09 }, "geometry": { "type": "MultiPolygon", "coordinates": [ [ [ [ 115.243604359753476, -8.48504056736823 ], [ 115.243587300513582, -8.485143100873358 ], [ 115.243528293296208, -8.485133370208814 ], [ 115.243545352536103, -8.485030836703686 ], [ 115.243604359753476, -8.48504056736823 ] ] ] ] } },
{ "type": "Feature", "properties": { "latitude": -8.4683369, "longitude": 2.0, "area_in_me": 5.0, "confidence": 9.0, "full_plus": "06P3QG6J5+MJ9G", "layer": "2dd_buildings_001", "path": "file:///C:/Users/BPN/Downloads/Compressed/2dd_buildings.csv/2dd_buildings_split/2dd_buildings_001.csv?type=csv&maxFields=10000&detectTypes=yes&wktField=geometry&crs=EPSG:4326&spatialIndex=no&subsetIndex=no&watchFile=no", "Shape_Leng": 0.00018228203, "Shape_Area": 2.07e-09 }, "geometry": { "type": "MultiPolygon", "coordinates": [ [ [ [ 115.245008472163363, -8.492500986031644 ], [ 115.245007982932179, -8.49250394929777 ], [ 115.244983503386038, -8.492499944616725 ], [ 115.244961472693831, -8.492496341033245 ], [ 115.244968639391232, -8.492452916368961 ], [ 115.245004377550003, -8.492458761962268 ], [ 115.245015150528843, -8.492460524633486 ], [ 115.245014890624816, -8.492462100245689 ], [ 115.245008472163363, -8.492500986031644 ] ] ] ] } },
{ "type": "Feature", "properties": { "latitude": -8.30609935, "longitude": 0.0, "area_in_me": 5.0, "confidence": 7.0, "full_plus": "06P3PMXVQ+HP94", "layer": "2dd_buildings_001", "path": "file:///C:/Users/BPN/Downloads/Compressed/2dd_buildings.csv/2dd_buildings_split/2dd_buildings_001.csv?type=csv&maxFields=10000&detectTypes=yes&wktField=geometry&crs=EPSG:4326&spatialIndex=no&subsetIndex=no&watchFile=no", "Shape_Leng": 0.00040570417, "Shape_Area": 8.66e-09 }, "geometry": { "type": "MultiPolygon", "coordinates": [ [ [ [ 115.244264177050241, -8.485612171964135 ], [ 115.244217504034623, -8.485617727975693 ], [ 115.244123371996125, -8.485628932629083 ], [ 115.244116091984097, -8.485568314725924 ], [ 115.244256897038213, -8.485551554960239 ], [ 115.244264177050241, -8.485612171964135 ] ] ] ] } },
{ "type": "Feature", "properties": { "latitude": -8.59500476, "longitude": 0.0, "area_in_me": 4.0, "confidence": 1.0, "full_plus": "06P3QC737+XWWV", "layer": "2dd_buildings_001", "path": "file:///C:/Users/BPN/Downloads/Compressed/2dd_buildings.csv/2dd_buildings_split/2dd_buildings_001.csv?type=csv&maxFields=10000&detectTypes=yes&wktField=geometry&crs=EPSG:4326&spatialIndex=no&subsetIndex=no&watchFile=no", "Shape_Leng": 0.00042355616, "Shape_Area": 1.013e-08 }, "geometry": { "type": "MultiPolygon", "coordinates": [ [ [ [ 115.246708716034505, -8.486225156165972 ], [ 115.246570309472304, -8.486235597294922 ], [ 115.246569651168556, -8.486226944018199 ], [ 115.24656582095588, -8.486176626949714 ], [ 115.24656477054782, -8.486162829550892 ], [ 115.246703177110021, -8.486152388421942 ], [ 115.246708716034505, -8.486225156165972 ] ] ] ] } },
{ "type": "Feature", "properties": { "latitude": -8.84112389, "longitude": 0.0, "area_in_me": 8.0, "confidence": 6.0, "full_plus": "06P3Q555Q+HC55", "layer": "2dd_buildings_001", "path": "file:///C:/Users/BPN/Downloads/Compressed/2dd_buildings.csv/2dd_buildings_split/2dd_buildings_001.csv?type=csv&maxFields=10000&detectTypes=yes&wktField=geometry&crs=EPSG:4326&spatialIndex=no&subsetIndex=no&watchFile=no", "Shape_Leng": 0.00019172003, "Shape_Area": 2.2e-09 }, "geometry": { "type": "MultiPolygon", "coordinates": [ [ [ [ 115.246231923364689, -8.488587051950844 ], [ 115.246194070899719, -8.488589536777681 ], [ 115.246190242485795, -8.488531737349774 ], [ 115.246228094950652, -8.488529252522937 ], [ 115.246231923364689, -8.488587051950844 ] ] ] ] } },
{ "type": "Feature", "properties": { "latitude": -8.63852141, "longitude": 9.0, "area_in_me": 3.0, "confidence": 2.0, "full_plus": "06P3Q976G+H7V3", "layer": "2dd_buildings_001", "path": "file:///C:/Users/BPN/Downloads/Compressed/2dd_buildings.csv/2dd_buildings_split/2dd_buildings_001.csv?type=csv&maxFields=10000&detectTypes=yes&wktField=geometry&crs=EPSG:4326&spatialIndex=no&subsetIndex=no&watchFile=no", "Shape_Leng": 0.00021382317, "Shape_Area": 2.79e-09 }, "geometry": { "type": "MultiPolygon", "coordinates": [ [ [ [ 115.246523873877777, -8.486985922362408 ], [ 115.246462147110492, -8.486989750776331 ], [ 115.246459332232462, -8.486944772982838 ], [ 115.24652105989901, -8.486940944568914 ], [ 115.246523873877777, -8.486985922362408 ] ] ] ] } },
{ "type": "Feature", "properties": { "latitude": -8.69213031, "longitude": 0.0, "area_in_me": 7.0, "confidence": 8.0, "full_plus": "06P3Q8F5J+4JWQ", "layer": "2dd_buildings_001", "path": "file:///C:/Users/BPN/Downloads/Compressed/2dd_buildings.csv/2dd_buildings_split/2dd_buildings_001.csv?type=csv&maxFields=10000&detectTypes=yes&wktField=geometry&crs=EPSG:4326&spatialIndex=no&subsetIndex=no&watchFile=no", "Shape_Leng": 0.00022170086, "Shape_Area": 3.06e-09 }, "geometry": { "type": "MultiPolygon", "coordinates": [ [ [ [ 115.244868868603476, -8.486428519860283 ], [ 115.244867825389861, -8.486435172145434 ], [ 115.244829725611453, -8.486429251009099 ], [ 115.244809106854859, -8.486426046724603 ], [ 115.244810048445061, -8.486420040152666 ], [ 115.244817073049489, -8.486375240424934 ], [ 115.244875791584604, -8.486384365845765 ], [ 115.244868868603476, -8.486428519860283 ] ] ] ] } },
{ "type": "Feature", "properties": { "latitude": -8.61788445, "longitude": 0.0, "area_in_me": 3.0, "confidence": 7.0, "full_plus": "06P3Q95JQ+R7VP", "layer": "2dd_buildings_001", "path": "file:///C:/Users/BPN/Downloads/Compressed/2dd_buildings.csv/2dd_buildings_split/2dd_buildings_001.csv?type=csv&maxFields=10000&detectTypes=yes&wktField=geometry&crs=EPSG:4326&spatialIndex=no&subsetIndex=no&watchFile=no", "Shape_Leng": 0.00024983153, "Shape_Area": 3.75e-09 }, "geometry": { "type": "MultiPolygon", "coordinates": [ [ [ [ 115.246488023303641, -8.488443077685815 ], [ 115.246435999321989, -8.488446643497753 ], [ 115.246413637679325, -8.488448175942494 ], [ 115.246410163598284, -8.488397940712332 ], [ 115.246484550121977, -8.488392842455653 ], [ 115.246488023303641, -8.488443077685815 ] ] ] ] } },
{ "type": "Feature", "properties": { "latitude": -8.63116463, "longitude": 2.0, "area_in_me": 2.0, "confidence": 1.0, "full_plus": "06P3Q9693+GVQG", "layer": "2dd_buildings_001", "path": "file:///C:/Users/BPN/Downloads/Compressed/2dd_buildings.csv/2dd_buildings_split/2dd_buildings_001.csv?type=csv&maxFields=10000&detectTypes=yes&wktField=geometry&crs=EPSG:4326&spatialIndex=no&subsetIndex=no&watchFile=no", "Shape_Leng": 0.00013983457, "Shape_Area": 1.22e-09 }, "geometry": { "type": "MultiPolygon", "coordinates": [ [ [ [ 115.246249451151357, -8.48944282162887 ], [ 115.246214393779269, -8.489450099842202 ], [ 115.246207400651087, -8.489416711611909 ], [ 115.246242457123799, -8.489409433398578 ], [ 115.246249451151357, -8.48944282162887 ] ] ] ] } },
{ "type": "Feature", "properties": { "latitude": -8.58343723, "longitude": 9.0, "area_in_me": 5.0, "confidence": 7.0, "full_plus": "06P3QC58F+JJHF", "layer": "2dd_buildings_001", "path": "file:///C:/Users/BPN/Downloads/Compressed/2dd_buildings.csv/2dd_buildings_split/2dd_buildings_001.csv?type=csv&maxFields=10000&detectTypes=yes&wktField=geometry&crs=EPSG:4326&spatialIndex=no&subsetIndex=no&watchFile=no", "Shape_Leng": 0.00019800775, "Shape_Area": 2.45e-09 }, "geometry": { "type": "MultiPolygon", "coordinates": [ [ [ [ 115.246334629539547, -8.485960022536972 ], [ 115.246286183960251, -8.485963911205488 ], [ 115.246282114528071, -8.485913673277366 ], [ 115.246330560107367, -8.48590978460885 ], [ 115.246334629539547, -8.485960022536972 ] ] ] ] } },
{ "type": "Feature", "properties": { "latitude": -8.65987464, "longitude": 0.0, "area_in_me": 5.0, "confidence": 1.0, "full_plus": "06P3Q85R5+3J42", "layer": "2dd_buildings_001", "path": "file:///C:/Users/BPN/Downloads/Compressed/2dd_buildings.csv/2dd_buildings_split/2dd_buildings_001.csv?type=csv&maxFields=10000&detectTypes=yes&wktField=geometry&crs=EPSG:4326&spatialIndex=no&subsetIndex=no&watchFile=no", "Shape_Leng": 0.00031242843, "Shape_Area": 5.22e-09 }, "geometry": { "type": "MultiPolygon", "coordinates": [ [ [ [ 115.246838468420606, -8.486384319081026 ], [ 115.246832105717203, -8.486384642836924 ], [ 115.246829146947675, -8.486327052051763 ], [ 115.246879074609637, -8.48632450966835 ], [ 115.246878178884913, -8.48630708260572 ], [ 115.246909244166318, -8.486305500698279 ], [ 115.246913097761308, -8.486380518546071 ], [ 115.246905831239133, -8.486380888167389 ], [ 115.246838468420606, -8.486384319081026 ] ] ] ] } },
{ "type": "Feature", "properties": { "latitude": -8.69770587, "longitude": 0.0, "area_in_me": 3.0, "confidence": 9.0, "full_plus": "06P3Q8724+WH9P", "layer": "2dd_buildings_001", "path": "file:///C:/Users/BPN/Downloads/Compressed/2dd_buildings.csv/2dd_buildings_split/2dd_buildings_001.csv?type=csv&maxFields=10000&detectTypes=yes&wktField=geometry&crs=EPSG:4326&spatialIndex=no&subsetIndex=no&watchFile=no", "Shape_Leng": 0.0002565173, "Shape_Area": 3.45e-09 }, "geometry": { "type": "MultiPolygon", "coordinates": [ [ [ [ 115.245188791629516, -8.488823704050674 ], [ 115.245186667430858, -8.488862011572508 ], [ 115.245096910594043, -8.488857078791114 ], [ 115.245099034792702, -8.488818771269223 ], [ 115.245188791629516, -8.488823704050674 ] ] ] ] } },
{ "type": "Feature", "properties": { "latitude": -8.59709266, "longitude": 9.0, "area_in_me": 5.0, "confidence": 1.0, "full_plus": "06P3QC73P+5X69", "layer": "2dd_buildings_001", "path": "file:///C:/Users/BPN/Downloads/Compressed/2dd_buildings.csv/2dd_buildings_split/2dd_buildings_001.csv?type=csv&maxFields=10000&detectTypes=yes&wktField=geometry&crs=EPSG:4326&spatialIndex=no&subsetIndex=no&watchFile=no", "Shape_Leng": 0.00027103682, "Shape_Area": 4.55e-09 }, "geometry": { "type": "MultiPolygon", "coordinates": [ [ [ [ 115.245455093477858, -8.487812016211535 ], [ 115.245451306432756, -8.48787297855506 ], [ 115.245377497273694, -8.487869002652303 ], [ 115.245380842751729, -8.487807444058262 ], [ 115.245455093477858, -8.487812016211535 ] ] ] ] } },
{ "type": "Feature", "properties": { "latitude": -8.35747636, "longitude": 0.0, "area_in_me": 4.0, "confidence": 6.0, "full_plus": "06P3QJ6VH+2W3X", "layer": "2dd_buildings_001", "path": "file:///C:/Users/BPN/Downloads/Compressed/2dd_buildings.csv/2dd_buildings_split/2dd_buildings_001.csv?type=csv&maxFields=10000&detectTypes=yes&wktField=geometry&crs=EPSG:4326&spatialIndex=no&subsetIndex=no&watchFile=no", "Shape_Leng": 0.00013831525, "Shape_Area": 1.17e-09 }, "geometry": { "type": "MultiPolygon", "coordinates": [ [ [ [ 115.243176780683939, -8.490142169525484 ], [ 115.243147772152042, -8.490143948384457 ], [ 115.24314529541914, -8.490103930352063 ], [ 115.243174303951037, -8.490102151493033 ], [ 115.243176780683939, -8.490142169525484 ] ] ] ] } },
{ "type": "Feature", "properties": { "latitude": -8.25184529, "longitude": 0.0, "area_in_me": 0.0, "confidence": 5.0, "full_plus": "06P3QP9XX+7593", "layer": "2dd_buildings_001", "path": "file:///C:/Users/BPN/Downloads/Compressed/2dd_buildings.csv/2dd_buildings_split/2dd_buildings_001.csv?type=csv&maxFields=10000&detectTypes=yes&wktField=geometry&crs=EPSG:4326&spatialIndex=no&subsetIndex=no&watchFile=no", "Shape_Leng": 0.00018668857, "Shape_Area": 2.08e-09 }, "geometry": { "type": "MultiPolygon", "coordinates": [ [ [ [ 115.245080288424674, -8.48618423161696 ], [ 115.245080269538903, -8.486188462027826 ], [ 115.245032774543006, -8.486188247989219 ], [ 115.245023784919795, -8.486188207519717 ], [ 115.245023952193719, -8.486151348805663 ], [ 115.245080436812714, -8.486151603313772 ], [ 115.245080288424674, -8.48618423161696 ] ] ] ] } },
{ "type": "Feature", "properties": { "latitude": -8.40400128, "longitude": 9.0, "area_in_me": 5.0, "confidence": 9.0, "full_plus": "06P3QH7W8+9JWV", "layer": "2dd_buildings_001", "path": "file:///C:/Users/BPN/Downloads/Compressed/2dd_buildings.csv/2dd_buildings_split/2dd_buildings_001.csv?type=csv&maxFields=10000&detectTypes=yes&wktField=geometry&crs=EPSG:4326&spatialIndex=no&subsetIndex=no&watchFile=no", "Shape_Leng": 0.00017303114, "Shape_Area": 1.57e-09 }, "geometry": { "type": "MultiPolygon", "coordinates": [ [ [ [ 115.245667758860009, -8.49171610721254 ], [ 115.245654617066975, -8.49177536354216 ], [ 115.24562939917746, -8.491769820121078 ], [ 115.245642540970607, -8.491710564690777 ], [ 115.245667758860009, -8.49171610721254 ] ] ] ] } },
{ "type": "Feature", "properties": { "latitude": -8.51832125, "longitude": 0.0, "area_in_me": 2.0, "confidence": 0.0, "full_plus": "06P3QF4JQ+MFG2", "layer": "2dd_buildings_001", "path": "file:///C:/Users/BPN/Downloads/Compressed/2dd_buildings.csv/2dd_buildings_split/2dd_buildings_001.csv?type=csv&maxFields=10000&detectTypes=yes&wktField=geometry&crs=EPSG:4326&spatialIndex=no&subsetIndex=no&watchFile=no", "Shape_Leng": 0.00079572461, "Shape_Area": 3.144e-08 }, "geometry": { "type": "MultiPolygon", "coordinates": [ [ [ [ 115.244868564632611, -8.488735114533881 ], [ 115.244863719984778, -8.488838198424048 ], [ 115.244639315751897, -8.488827744704622 ], [ 115.244647448321189, -8.488654720538875 ], [ 115.244765285589551, -8.48866021000066 ], [ 115.244761998567469, -8.488730150276183 ], [ 115.244868564632611, -8.488735114533881 ] ] ] ] } },
{ "type": "Feature", "properties": { "latitude": -8.66033368, "longitude": 3.0, "area_in_me": 8.0, "confidence": 8.0, "full_plus": "06P3Q85QW+V39P", "layer": "2dd_buildings_001", "path": "file:///C:/Users/BPN/Downloads/Compressed/2dd_buildings.csv/2dd_buildings_split/2dd_buildings_001.csv?type=csv&maxFields=10000&detectTypes=yes&wktField=geometry&crs=EPSG:4326&spatialIndex=no&subsetIndex=no&watchFile=no", "Shape_Leng": 0.00036488186, "Shape_Area": 8.31e-09 }, "geometry": { "type": "MultiPolygon", "coordinates": [ [ [ [ 115.244671502487904, -8.486927506898894 ], [ 115.244667316143818, -8.487015818525151 ], [ 115.244573390049936, -8.487011405551868 ], [ 115.244577575494759, -8.486923093925611 ], [ 115.244671502487904, -8.486927506898894 ] ] ] ] } },
{ "type": "Feature", "properties": { "latitude": -8.40020793, "longitude": 2.0, "area_in_me": 3.0, "confidence": 7.0, "full_plus": "06P3QH2XR+WW7M", "layer": "2dd_buildings_001", "path": "file:///C:/Users/BPN/Downloads/Compressed/2dd_buildings.csv/2dd_buildings_split/2dd_buildings_001.csv?type=csv&maxFields=10000&detectTypes=yes&wktField=geometry&crs=EPSG:4326&spatialIndex=no&subsetIndex=no&watchFile=no", "Shape_Leng": 0.00039404158, "Shape_Area": 7.93e-09 }, "geometry": { "type": "MultiPolygon", "coordinates": [ [ [ [ 115.244941458281687, -8.491946057564462 ], [ 115.244939664134222, -8.491965381297234 ], [ 115.244823891709302, -8.491954727028997 ], [ 115.244827480004233, -8.491916076865436 ], [ 115.244831357880912, -8.49187431414822 ], [ 115.244839120828829, -8.491875028209961 ], [ 115.244923514108905, -8.491882794755099 ], [ 115.24491784208476, -8.491943884802367 ], [ 115.244941458281687, -8.491946057564462 ] ] ] ] } },
{ "type": "Feature", "properties": { "latitude": -8.63774373, "longitude": 0.0, "area_in_me": 5.0, "confidence": 2.0, "full_plus": "06P3Q9663+WP29", "layer": "2dd_buildings_001", "path": "file:///C:/Users/BPN/Downloads/Compressed/2dd_buildings.csv/2dd_buildings_split/2dd_buildings_001.csv?type=csv&maxFields=10000&detectTypes=yes&wktField=geometry&crs=EPSG:4326&spatialIndex=no&subsetIndex=no&watchFile=no", "Shape_Leng": 0.00029577844, "Shape_Area": 5.41e-09 }, "geometry": { "type": "MultiPolygon", "coordinates": [ [ [ [ 115.245655106298159, -8.487226237400876 ], [ 115.245588873028169, -8.487228516282926 ], [ 115.245586041063007, -8.487146948672716 ], [ 115.245652274333111, -8.487144669790609 ], [ 115.245655106298159, -8.487226237400876 ] ] ] ] } },
{ "type": "Feature", "properties": { "latitude": -8.38401954, "longitude": 2.0, "area_in_me": 9.0, "confidence": 1.0, "full_plus": "06P3QJ88W+9MV7", "layer": "2dd_buildings_001", "path": "file:///C:/Users/BPN/Downloads/Compressed/2dd_buildings.csv/2dd_buildings_split/2dd_buildings_001.csv?type=csv&maxFields=10000&detectTypes=yes&wktField=geometry&crs=EPSG:4326&spatialIndex=no&subsetIndex=no&watchFile=no", "Shape_Leng": 0.00017859704, "Shape_Area": 1.99e-09 }, "geometry": { "type": "MultiPolygon", "coordinates": [ [ [ [ 115.245110832099272, -8.486907237978585 ], [ 115.245068884121793, -8.486909816334901 ], [ 115.245065957727775, -8.486862636101705 ], [ 115.245107905705368, -8.486860056846126 ], [ 115.245110832099272, -8.486907237978585 ] ] ] ] } },
{ "type": "Feature", "properties": { "latitude": -8.70891742, "longitude": 2.0, "area_in_me": 4.0, "confidence": 7.0, "full_plus": "06P3Q76R4+C9J9", "layer": "2dd_buildings_001", "path": "file:///C:/Users/BPN/Downloads/Compressed/2dd_buildings.csv/2dd_buildings_split/2dd_buildings_001.csv?type=csv&maxFields=10000&detectTypes=yes&wktField=geometry&crs=EPSG:4326&spatialIndex=no&subsetIndex=no&watchFile=no", "Shape_Leng": 0.00017561801, "Shape_Area": 1.9e-09 }, "geometry": { "type": "MultiPolygon", "coordinates": [ [ [ [ 115.246111425002368, -8.487281665316573 ], [ 115.246108493212432, -8.487232323113176 ], [ 115.246146807029618, -8.487230066714176 ], [ 115.24614973881944, -8.487279408018196 ], [ 115.246111425002368, -8.487281665316573 ] ] ] ] } },
{ "type": "Feature", "properties": { "latitude": -8.39142951, "longitude": 0.0, "area_in_me": 5.0, "confidence": 0.0, "full_plus": "06P3PJM57+C7CW", "layer": "2dd_buildings_001", "path": "file:///C:/Users/BPN/Downloads/Compressed/2dd_buildings.csv/2dd_buildings_split/2dd_buildings_001.csv?type=csv&maxFields=10000&detectTypes=yes&wktField=geometry&crs=EPSG:4326&spatialIndex=no&subsetIndex=no&watchFile=no", "Shape_Leng": 0.00021769884, "Shape_Area": 2.9e-09 }, "geometry": { "type": "MultiPolygon", "coordinates": [ [ [ [ 115.245168310469239, -8.49182125414751 ], [ 115.245164514430826, -8.491867805754566 ], [ 115.245124211313396, -8.491864548410149 ], [ 115.245116988858058, -8.49186396475011 ], [ 115.245102572725614, -8.491862799228727 ], [ 115.24510636966329, -8.491816247621671 ], [ 115.245168310469239, -8.49182125414751 ] ] ] ] } },
{ "type": "Feature", "properties": { "latitude": -8.5484971, "longitude": 2.0, "area_in_me": 0.0, "confidence": 0.0, "full_plus": "06P3QF62P+J832", "layer": "2dd_buildings_001", "path": "file:///C:/Users/BPN/Downloads/Compressed/2dd_buildings.csv/2dd_buildings_split/2dd_buildings_001.csv?type=csv&maxFields=10000&detectTypes=yes&wktField=geometry&crs=EPSG:4326&spatialIndex=no&subsetIndex=no&watchFile=no", "Shape_Leng": 0.0002550979, "Shape_Area": 4.06e-09 }, "geometry": { "type": "MultiPolygon", "coordinates": [ [ [ [ 115.246096300204158, -8.486977579351731 ], [ 115.246030147873057, -8.486979958058555 ], [ 115.246027922950361, -8.486918644979426 ], [ 115.24603067397652, -8.486918546054028 ], [ 115.246094076180725, -8.486916266272601 ], [ 115.246094340581408, -8.486923558875105 ], [ 115.246096300204158, -8.486977579351731 ] ] ] ] } },
{ "type": "Feature", "properties": { "latitude": -8.20291818, "longitude": 9.0, "area_in_me": 4.0, "confidence": 1.0, "full_plus": "06P3PQVWQ+RQM8", "layer": "2dd_buildings_001", "path": "file:///C:/Users/BPN/Downloads/Compressed/2dd_buildings.csv/2dd_buildings_split/2dd_buildings_001.csv?type=csv&maxFields=10000&detectTypes=yes&wktField=geometry&crs=EPSG:4326&spatialIndex=no&subsetIndex=no&watchFile=no", "Shape_Leng": 0.00036605067, "Shape_Area": 7.98e-09 }, "geometry": { "type": "MultiPolygon", "coordinates": [ [ [ [ 115.246544153589866, -8.489738491737967 ], [ 115.246544530405799, -8.489666902105796 ], [ 115.246655963601938, -8.489667483067819 ], [ 115.246655586786005, -8.48973907269999 ], [ 115.246544153589866, -8.489738491737967 ] ] ] ] } },
{ "type": "Feature", "properties": { "latitude": -8.10814218, "longitude": 0.0, "area_in_me": 5.0, "confidence": 1.0, "full_plus": "06P3QV5R6+PQR9", "layer": "2dd_buildings_001", "path": "file:///C:/Users/BPN/Downloads/Compressed/2dd_buildings.csv/2dd_buildings_split/2dd_buildings_001.csv?type=csv&maxFields=10000&detectTypes=yes&wktField=geometry&crs=EPSG:4326&spatialIndex=no&subsetIndex=no&watchFile=no", "Shape_Leng": 0.00014736966, "Shape_Area": 1.3e-09 }, "geometry": { "type": "MultiPolygon", "coordinates": [ [ [ [ 115.245633574729709, -8.486898912954416 ], [ 115.245631478410019, -8.486927900801959 ], [ 115.2455869979417, -8.486924712705274 ], [ 115.245589097858669, -8.486895671797754 ], [ 115.245633574729709, -8.486898912954416 ] ] ] ] } },
{ "type": "Feature", "properties": { "latitude": -8.61734171, "longitude": 0.0, "area_in_me": 9.0, "confidence": 0.0, "full_plus": "06P3Q96M3+3C77", "layer": "2dd_buildings_001", "path": "file:///C:/Users/BPN/Downloads/Compressed/2dd_buildings.csv/2dd_buildings_split/2dd_buildings_001.csv?type=csv&maxFields=10000&detectTypes=yes&wktField=geometry&crs=EPSG:4326&spatialIndex=no&subsetIndex=no&watchFile=no", "Shape_Leng": 0.0002065278, "Shape_Area": 2.66e-09 }, "geometry": { "type": "MultiPolygon", "coordinates": [ [ [ [ 115.246500674966228, -8.486046429399153 ], [ 115.246446420665848, -8.486050142699867 ], [ 115.246443054503402, -8.486001375163312 ], [ 115.246497307904519, -8.485997662761861 ], [ 115.246500674966228, -8.486046429399153 ] ] ] ] } },
{ "type": "Feature", "properties": { "latitude": -8.33801267, "longitude": 9.0, "area_in_me": 8.0, "confidence": 8.0, "full_plus": "06P3PMJ6H+QXVH", "layer": "2dd_buildings_001", "path": "file:///C:/Users/BPN/Downloads/Compressed/2dd_buildings.csv/2dd_buildings_split/2dd_buildings_001.csv?type=csv&maxFields=10000&detectTypes=yes&wktField=geometry&crs=EPSG:4326&spatialIndex=no&subsetIndex=no&watchFile=no", "Shape_Leng": 0.00059315149, "Shape_Area": 1.744e-08 }, "geometry": { "type": "MultiPolygon", "coordinates": [ [ [ [ 115.245930478708715, -8.489967029254956 ], [ 115.245912862788487, -8.490110249888062 ], [ 115.24583207129308, -8.490100400513029 ], [ 115.245839884603015, -8.490036878698959 ], [ 115.245777238728692, -8.490029241656146 ], [ 115.245769518948237, -8.490028300065944 ], [ 115.245771270827504, -8.490014059301359 ], [ 115.24577932155853, -8.489948602146228 ], [ 115.245930478708715, -8.489967029254956 ] ] ] ] } },
{ "type": "Feature", "properties": { "latitude": -8.71298889, "longitude": 0.0, "area_in_me": 1.0, "confidence": 2.0, "full_plus": "06P3Q7FPQ+RW2G", "layer": "2dd_buildings_001", "path": "file:///C:/Users/BPN/Downloads/Compressed/2dd_buildings.csv/2dd_buildings_split/2dd_buildings_001.csv?type=csv&maxFields=10000&detectTypes=yes&wktField=geometry&crs=EPSG:4326&spatialIndex=no&subsetIndex=no&watchFile=no", "Shape_Leng": 0.00012494965, "Shape_Area": 8.4e-10 }, "geometry": { "type": "MultiPolygon", "coordinates": [ [ [ [ 115.246337715113555, -8.488768755473643 ], [ 115.246317994779702, -8.488769744727904 ], [ 115.246315835507517, -8.488727069198831 ], [ 115.246335554941993, -8.48872607994457 ], [ 115.246337715113555, -8.488768755473643 ] ] ] ] } },
{ "type": "Feature", "properties": { "latitude": -8.38468422, "longitude": 0.0, "area_in_me": 9.0, "confidence": 1.0, "full_plus": "06P3QJ58W+4QGM", "layer": "2dd_buildings_001", "path": "file:///C:/Users/BPN/Downloads/Compressed/2dd_buildings.csv/2dd_buildings_split/2dd_buildings_001.csv?type=csv&maxFields=10000&detectTypes=yes&wktField=geometry&crs=EPSG:4326&spatialIndex=no&subsetIndex=no&watchFile=no", "Shape_Leng": 0.00017018052, "Shape_Area": 1.79e-09 }, "geometry": { "type": "MultiPolygon", "coordinates": [ [ [ [ 115.246162036149144, -8.490969285004439 ], [ 115.246150668718428, -8.491014653103719 ], [ 115.246113479953237, -8.491005417066276 ], [ 115.246124827598805, -8.490960058859571 ], [ 115.246162036149144, -8.490969285004439 ] ] ] ] } },
{ "type": "Feature", "properties": { "latitude": -8.25398154, "longitude": 0.0, "area_in_me": 2.0, "confidence": 8.0, "full_plus": "06P3QP4WR+CQ4J", "layer": "2dd_buildings_001", "path": "file:///C:/Users/BPN/Downloads/Compressed/2dd_buildings.csv/2dd_buildings_split/2dd_buildings_001.csv?type=csv&maxFields=10000&detectTypes=yes&wktField=geometry&crs=EPSG:4326&spatialIndex=no&subsetIndex=no&watchFile=no", "Shape_Leng": 0.00022117473, "Shape_Area": 2.98e-09 }, "geometry": { "type": "MultiPolygon", "coordinates": [ [ [ [ 115.246598049060822, -8.488948113564561 ], [ 115.246533734044647, -8.488949283582542 ], [ 115.246532885983925, -8.488903029651055 ], [ 115.2465972010001, -8.488901859633074 ], [ 115.246598049060822, -8.488948113564561 ] ] ] ] } },
{ "type": "Feature", "properties": { "latitude": -8.47840594, "longitude": 0.0, "area_in_me": 8.0, "confidence": 0.0, "full_plus": "06P3QG8C6+JMQJ", "layer": "2dd_buildings_001", "path": "file:///C:/Users/BPN/Downloads/Compressed/2dd_buildings.csv/2dd_buildings_split/2dd_buildings_001.csv?type=csv&maxFields=10000&detectTypes=yes&wktField=geometry&crs=EPSG:4326&spatialIndex=no&subsetIndex=no&watchFile=no", "Shape_Leng": 0.0006684781, "Shape_Area": 2.545e-08 }, "geometry": { "type": "MultiPolygon", "coordinates": [ [ [ [ 115.243461787531487, -8.485755062546048 ], [ 115.243353734887023, -8.485776535658545 ], [ 115.243313619727815, -8.485576457187676 ], [ 115.24331361163388, -8.485576418516871 ], [ 115.243398298093098, -8.485559593100675 ], [ 115.243441254210552, -8.485551052239202 ], [ 115.243453390561626, -8.485611578411579 ], [ 115.24347039404347, -8.485696387178507 ], [ 115.243450803212113, -8.485700280343622 ], [ 115.243461787531487, -8.485755062546048 ] ] ] ] } },
{ "type": "Feature", "properties": { "latitude": -8.25905732, "longitude": 0.0, "area_in_me": 5.0, "confidence": 3.0, "full_plus": "06P3QPGR6+9FGP", "layer": "2dd_buildings_001", "path": "file:///C:/Users/BPN/Downloads/Compressed/2dd_buildings.csv/2dd_buildings_split/2dd_buildings_001.csv?type=csv&maxFields=10000&detectTypes=yes&wktField=geometry&crs=EPSG:4326&spatialIndex=no&subsetIndex=no&watchFile=no", "Shape_Leng": 0.00056157636, "Shape_Area": 1.827e-08 }, "geometry": { "type": "MultiPolygon", "coordinates": [ [ [ [ 115.243536087720372, -8.486188642791603 ], [ 115.243418209982451, -8.486204528416181 ], [ 115.243399851222193, -8.486069497009623 ], [ 115.24354307095598, -8.486050196659221 ], [ 115.243553920377167, -8.486129992605015 ], [ 115.243528577481925, -8.48613340823016 ], [ 115.243536087720372, -8.486188642791603 ] ] ] ] } },
{ "type": "Feature", "properties": { "latitude": -8.51746551, "longitude": 9.0, "area_in_me": 7.0, "confidence": 1.0, "full_plus": "06P3QFCM8+2288", "layer": "2dd_buildings_001", "path": "file:///C:/Users/BPN/Downloads/Compressed/2dd_buildings.csv/2dd_buildings_split/2dd_buildings_001.csv?type=csv&maxFields=10000&detectTypes=yes&wktField=geometry&crs=EPSG:4326&spatialIndex=no&subsetIndex=no&watchFile=no", "Shape_Leng": 0.00077163717, "Shape_Area": 3.564e-08 }, "geometry": { "type": "MultiPolygon", "coordinates": [ [ [ [ 115.247104519358118, -8.485778669749777 ], [ 115.247097145816724, -8.485931691194537 ], [ 115.247093752674573, -8.485931529316588 ], [ 115.24703339827272, -8.485928646989407 ], [ 115.24696872442712, -8.485925558717497 ], [ 115.246962065846674, -8.485925240357517 ], [ 115.246864791576968, -8.485920594459799 ], [ 115.246864800570165, -8.485920500031 ], [ 115.246872165118361, -8.485767572115719 ], [ 115.246872264043759, -8.485767576612318 ], [ 115.247104519358118, -8.485778669749777 ] ] ] ] } },
{ "type": "Feature", "properties": { "latitude": -8.1932728, "longitude": 3.0, "area_in_me": 2.0, "confidence": 0.0, "full_plus": "06P3QR74P+MPW4", "layer": "2dd_buildings_001", "path": "file:///C:/Users/BPN/Downloads/Compressed/2dd_buildings.csv/2dd_buildings_split/2dd_buildings_001.csv?type=csv&maxFields=10000&detectTypes=yes&wktField=geometry&crs=EPSG:4326&spatialIndex=no&subsetIndex=no&watchFile=no", "Shape_Leng": 0.00024807214, "Shape_Area": 3.56e-09 }, "geometry": { "type": "MultiPolygon", "coordinates": [ [ [ [ 115.246897146486162, -8.486805568721991 ], [ 115.246894518667204, -8.486850589682945 ], [ 115.246815711975614, -8.486846030120148 ], [ 115.246818339794572, -8.486801009159194 ], [ 115.24682131295333, -8.486801180929717 ], [ 115.246885976007093, -8.4868049221094 ], [ 115.246897146486162, -8.486805568721991 ] ] ] ] } },
{ "type": "Feature", "properties": { "latitude": -8.12528477, "longitude": 0.0, "area_in_me": 8.0, "confidence": 9.0, "full_plus": "06P3QV3FW+V4PP", "layer": "2dd_buildings_001", "path": "file:///C:/Users/BPN/Downloads/Compressed/2dd_buildings.csv/2dd_buildings_split/2dd_buildings_001.csv?type=csv&maxFields=10000&detectTypes=yes&wktField=geometry&crs=EPSG:4326&spatialIndex=no&subsetIndex=no&watchFile=no", "Shape_Leng": 0.00018729104, "Shape_Area": 2.18e-09 }, "geometry": { "type": "MultiPolygon", "coordinates": [ [ [ [ 115.24599247886988, -8.487911656597646 ], [ 115.245942627650152, -8.487914002029527 ], [ 115.245940553813625, -8.487870312065183 ], [ 115.24599040503324, -8.487867966633303 ], [ 115.24599247886988, -8.487911656597646 ] ] ] ] } },
{ "type": "Feature", "properties": { "latitude": -8.42231149, "longitude": 0.0, "area_in_me": 9.0, "confidence": 1.0, "full_plus": "06P3QH9H9+36CC", "layer": "2dd_buildings_001", "path": "file:///C:/Users/BPN/Downloads/Compressed/2dd_buildings.csv/2dd_buildings_split/2dd_buildings_001.csv?type=csv&maxFields=10000&detectTypes=yes&wktField=geometry&crs=EPSG:4326&spatialIndex=no&subsetIndex=no&watchFile=no", "Shape_Leng": 8.986003e-05, "Shape_Area": 5.0000000000000003e-10 }, "geometry": { "type": "MultiPolygon", "coordinates": [ [ [ [ 115.245549283972309, -8.487584491331177 ], [ 115.245525364703894, -8.487585180211852 ], [ 115.245524754963526, -8.487564188236661 ], [ 115.245548674231941, -8.487563499355986 ], [ 115.245549283972309, -8.487584491331177 ] ] ] ] } },
{ "type": "Feature", "properties": { "latitude": -8.57032721, "longitude": 0.0, "area_in_me": 5.0, "confidence": 0.0, "full_plus": "06P3QC7HW+VR9R", "layer": "2dd_buildings_001", "path": "file:///C:/Users/BPN/Downloads/Compressed/2dd_buildings.csv/2dd_buildings_split/2dd_buildings_001.csv?type=csv&maxFields=10000&detectTypes=yes&wktField=geometry&crs=EPSG:4326&spatialIndex=no&subsetIndex=no&watchFile=no", "Shape_Leng": 0.00033176555, "Shape_Area": 6.57e-09 }, "geometry": { "type": "MultiPolygon", "coordinates": [ [ [ [ 115.245656707990747, -8.490711959289456 ], [ 115.24563472226464, -8.490773388381115 ], [ 115.245539875265081, -8.490739742944754 ], [ 115.245561860991188, -8.490678313853039 ], [ 115.245656707990747, -8.490711959289456 ] ] ] ] } },
{ "type": "Feature", "properties": { "latitude": -8.67933167, "longitude": 0.0, "area_in_me": 6.0, "confidence": 1.0, "full_plus": "06P3Q86C2+7C8J", "layer": "2dd_buildings_001", "path": "file:///C:/Users/BPN/Downloads/Compressed/2dd_buildings.csv/2dd_buildings_split/2dd_buildings_001.csv?type=csv&maxFields=10000&detectTypes=yes&wktField=geometry&crs=EPSG:4326&spatialIndex=no&subsetIndex=no&watchFile=no", "Shape_Leng": 0.00013677774, "Shape_Area": 1.17e-09 }, "geometry": { "type": "MultiPolygon", "coordinates": [ [ [ [ 115.245448273918782, -8.491887166359618 ], [ 115.245416120457662, -8.491887847146359 ], [ 115.245415579065821, -8.491862524036208 ], [ 115.245415346141385, -8.49185162964892 ], [ 115.245438487496244, -8.491851162900787 ], [ 115.245447537374048, -8.491850980338427 ], [ 115.245448273918782, -8.491887166359618 ] ] ] ] } },
{ "type": "Feature", "properties": { "latitude": -8.31389909, "longitude": 0.0, "area_in_me": 8.0, "confidence": 0.0, "full_plus": "06P3QMJP4+C2V3", "layer": "2dd_buildings_001", "path": "file:///C:/Users/BPN/Downloads/Compressed/2dd_buildings.csv/2dd_buildings_split/2dd_buildings_001.csv?type=csv&maxFields=10000&detectTypes=yes&wktField=geometry&crs=EPSG:4326&spatialIndex=no&subsetIndex=no&watchFile=no", "Shape_Leng": 0.0003758809, "Shape_Area": 8.24e-09 }, "geometry": { "type": "MultiPolygon", "coordinates": [ [ [ [ 115.247250264388299, -8.485867699035055 ], [ 115.247246380216325, -8.485937302064769 ], [ 115.247128331607314, -8.485930772087443 ], [ 115.247132216678551, -8.485861168158351 ], [ 115.247250264388299, -8.485867699035055 ] ] ] ] } },
{ "type": "Feature", "properties": { "latitude": -8.82427473, "longitude": 3.0, "area_in_me": 2.0, "confidence": 2.0, "full_plus": "06P3Q55G2+7GR4", "layer": "2dd_buildings_001", "path": "file:///C:/Users/BPN/Downloads/Compressed/2dd_buildings.csv/2dd_buildings_split/2dd_buildings_001.csv?type=csv&maxFields=10000&detectTypes=yes&wktField=geometry&crs=EPSG:4326&spatialIndex=no&subsetIndex=no&watchFile=no", "Shape_Leng": 0.00019276752, "Shape_Area": 2.29e-09 }, "geometry": { "type": "MultiPolygon", "coordinates": [ [ [ [ 115.246172851396068, -8.487768140087553 ], [ 115.246119093521429, -8.487772223908962 ], [ 115.246115847868168, -8.487729876632443 ], [ 115.246169605742807, -8.487725793710354 ], [ 115.246172851396068, -8.487768140087553 ] ] ] ] } },
{ "type": "Feature", "properties": { "latitude": -8.43998134, "longitude": 9.0, "area_in_me": 3.0, "confidence": 2.0, "full_plus": "06P3QH96P+2F3Q", "layer": "2dd_buildings_001", "path": "file:///C:/Users/BPN/Downloads/Compressed/2dd_buildings.csv/2dd_buildings_split/2dd_buildings_001.csv?type=csv&maxFields=10000&detectTypes=yes&wktField=geometry&crs=EPSG:4326&spatialIndex=no&subsetIndex=no&watchFile=no", "Shape_Leng": 0.00035644925, "Shape_Area": 7.5e-09 }, "geometry": { "type": "MultiPolygon", "coordinates": [ [ [ [ 115.244204206658878, -8.485839827246195 ], [ 115.244149481113709, -8.485846341035767 ], [ 115.244118711709234, -8.485850003974463 ], [ 115.244110603421632, -8.485782484673905 ], [ 115.244220050914691, -8.485769457094705 ], [ 115.244228160101557, -8.485836975495999 ], [ 115.244204206658878, -8.485839827246195 ] ] ] ] } },
{ "type": "Feature", "properties": { "latitude": -8.57590746, "longitude": 0.0, "area_in_me": 3.0, "confidence": 2.0, "full_plus": "06P3QC8FJ+JQJQ", "layer": "2dd_buildings_001", "path": "file:///C:/Users/BPN/Downloads/Compressed/2dd_buildings.csv/2dd_buildings_split/2dd_buildings_001.csv?type=csv&maxFields=10000&detectTypes=yes&wktField=geometry&crs=EPSG:4326&spatialIndex=no&subsetIndex=no&watchFile=no", "Shape_Leng": 0.00025143838, "Shape_Area": 3.81e-09 }, "geometry": { "type": "MultiPolygon", "coordinates": [ [ [ [ 115.24579456057063, -8.48719095609772 ], [ 115.245720229804874, -8.487193513769625 ], [ 115.245718454543066, -8.487142392707199 ], [ 115.245792879737678, -8.487139831438014 ], [ 115.245792977763813, -8.487139827840736 ], [ 115.24579475212613, -8.487190949802425 ], [ 115.24579456057063, -8.48719095609772 ] ] ] ] } },
{ "type": "Feature", "properties": { "latitude": -8.6720331, "longitude": 0.0, "area_in_me": 7.0, "confidence": 8.0, "full_plus": "06P3Q85HX+57PM", "layer": "2dd_buildings_001", "path": "file:///C:/Users/BPN/Downloads/Compressed/2dd_buildings.csv/2dd_buildings_split/2dd_buildings_001.csv?type=csv&maxFields=10000&detectTypes=yes&wktField=geometry&crs=EPSG:4326&spatialIndex=no&subsetIndex=no&watchFile=no", "Shape_Leng": 0.00038533874, "Shape_Area": 8.74e-09 }, "geometry": { "type": "MultiPolygon", "coordinates": [ [ [ [ 115.24320657252531, -8.485109486913245 ], [ 115.243183486928388, -8.485226820561252 ], [ 115.243111752505456, -8.485212831606873 ], [ 115.243134838102378, -8.48509549705949 ], [ 115.24320657252531, -8.485109486913245 ] ] ] ] } },
{ "type": "Feature", "properties": { "latitude": -8.67232484, "longitude": 0.0, "area_in_me": 3.0, "confidence": 2.0, "full_plus": "06P3Q85HG+3XF3", "layer": "2dd_buildings_001", "path": "file:///C:/Users/BPN/Downloads/Compressed/2dd_buildings.csv/2dd_buildings_split/2dd_buildings_001.csv?type=csv&maxFields=10000&detectTypes=yes&wktField=geometry&crs=EPSG:4326&spatialIndex=no&subsetIndex=no&watchFile=no", "Shape_Leng": 0.00035482792, "Shape_Area": 7.6e-09 }, "geometry": { "type": "MultiPolygon", "coordinates": [ [ [ [ 115.246035269512163, -8.490747408765856 ], [ 115.246028500315106, -8.490767496023068 ], [ 115.246011459960982, -8.490818064901703 ], [ 115.246001739188955, -8.49084691065633 ], [ 115.245986686336551, -8.490841883446137 ], [ 115.245933054367015, -8.490823969850283 ], [ 115.245966585589485, -8.490724467959808 ], [ 115.246035269512163, -8.490747408765856 ] ] ] ] } },
{ "type": "Feature", "properties": { "latitude": -8.39118991, "longitude": 0.0, "area_in_me": 2.0, "confidence": 0.0, "full_plus": "06P3QJ85X+GVCG", "layer": "2dd_buildings_001", "path": "file:///C:/Users/BPN/Downloads/Compressed/2dd_buildings.csv/2dd_buildings_split/2dd_buildings_001.csv?type=csv&maxFields=10000&detectTypes=yes&wktField=geometry&crs=EPSG:4326&spatialIndex=no&subsetIndex=no&watchFile=no", "Shape_Leng": 0.00021346317, "Shape_Area": 2.82e-09 }, "geometry": { "type": "MultiPolygon", "coordinates": [ [ [ [ 115.246455153982197, -8.487548189297456 ], [ 115.246396148563463, -8.487550812619872 ], [ 115.246394012673591, -8.487503192618192 ], [ 115.246453018092325, -8.487500569295776 ], [ 115.246455153982197, -8.487548189297456 ] ] ] ] } },
{ "type": "Feature", "properties": { "latitude": -8.52804955, "longitude": 0.0, "area_in_me": 4.0, "confidence": 7.0, "full_plus": "06P3QF9CJ+QPM3", "layer": "2dd_buildings_001", "path": "file:///C:/Users/BPN/Downloads/Compressed/2dd_buildings.csv/2dd_buildings_split/2dd_buildings_001.csv?type=csv&maxFields=10000&detectTypes=yes&wktField=geometry&crs=EPSG:4326&spatialIndex=no&subsetIndex=no&watchFile=no", "Shape_Leng": 0.00061084406, "Shape_Area": 2.081e-08 }, "geometry": { "type": "MultiPolygon", "coordinates": [ [ [ [ 115.24625567356054, -8.491826770588943 ], [ 115.246236298566373, -8.491873870782456 ], [ 115.24621575984952, -8.491865497194908 ], [ 115.246188644390486, -8.491931413004238 ], [ 115.246039525104038, -8.491870615236678 ], [ 115.246086014657863, -8.491757599233779 ], [ 115.24625567356054, -8.491826770588943 ] ] ] ] } },
{ "type": "Feature", "properties": { "latitude": -8.4929802, "longitude": 0.0, "area_in_me": 2.0, "confidence": 9.0, "full_plus": "06P3PGX47+RQ3J", "layer": "2dd_buildings_001", "path": "file:///C:/Users/BPN/Downloads/Compressed/2dd_buildings.csv/2dd_buildings_split/2dd_buildings_001.csv?type=csv&maxFields=10000&detectTypes=yes&wktField=geometry&crs=EPSG:4326&spatialIndex=no&subsetIndex=no&watchFile=no", "Shape_Leng": 0.00022132922, "Shape_Area": 3.06e-09 }, "geometry": { "type": "MultiPolygon", "coordinates": [ [ [ [ 115.243339596645114, -8.48515644411458 ], [ 115.24332616077379, -8.485207718061702 ], [ 115.243270352444824, -8.485193222788951 ], [ 115.243283788316262, -8.485141949741148 ], [ 115.243339596645114, -8.48515644411458 ] ] ] ] } },
{ "type": "Feature", "properties": { "latitude": -8.61116593, "longitude": 0.0, "area_in_me": 4.0, "confidence": 0.0, "full_plus": "06P3Q97Q3+G5Q6", "layer": "2dd_buildings_001", "path": "file:///C:/Users/BPN/Downloads/Compressed/2dd_buildings.csv/2dd_buildings_split/2dd_buildings_001.csv?type=csv&maxFields=10000&detectTypes=yes&wktField=geometry&crs=EPSG:4326&spatialIndex=no&subsetIndex=no&watchFile=no", "Shape_Leng": 0.00027276606, "Shape_Area": 4.57e-09 }, "geometry": { "type": "MultiPolygon", "coordinates": [ [ [ [ 115.245694696253281, -8.486086899790564 ], [ 115.245690900214981, -8.486146000537474 ], [ 115.245690865141341, -8.486145998738778 ], [ 115.24566321818304, -8.486144236067616 ], [ 115.245613900261333, -8.486141100131647 ], [ 115.245617799721686, -8.486081899559963 ], [ 115.245694696253281, -8.486086899790564 ] ] ] ] } },
{ "type": "Feature", "properties": { "latitude": -8.43495682, "longitude": 0.0, "area_in_me": 4.0, "confidence": 0.0, "full_plus": "06P3QHH87+2F6J", "layer": "2dd_buildings_001", "path": "file:///C:/Users/BPN/Downloads/Compressed/2dd_buildings.csv/2dd_buildings_split/2dd_buildings_001.csv?type=csv&maxFields=10000&detectTypes=yes&wktField=geometry&crs=EPSG:4326&spatialIndex=no&subsetIndex=no&watchFile=no", "Shape_Leng": 0.00034435182, "Shape_Area": 6.33e-09 }, "geometry": { "type": "MultiPolygon", "coordinates": [ [ [ [ 115.245421216016325, -8.486597974616814 ], [ 115.245416850707102, -8.486650990550743 ], [ 115.245298264303528, -8.486641312946176 ], [ 115.245302628713375, -8.486588297911567 ], [ 115.245421216016325, -8.486597974616814 ] ] ] ] } },
{ "type": "Feature", "properties": { "latitude": -8.47078999, "longitude": 0.0, "area_in_me": 6.0, "confidence": 1.0, "full_plus": "06P3QG9HX+M3PG", "layer": "2dd_buildings_001", "path": "file:///C:/Users/BPN/Downloads/Compressed/2dd_buildings.csv/2dd_buildings_split/2dd_buildings_001.csv?type=csv&maxFields=10000&detectTypes=yes&wktField=geometry&crs=EPSG:4326&spatialIndex=no&subsetIndex=no&watchFile=no", "Shape_Leng": 0.00012447387, "Shape_Area": 9.2e-10 }, "geometry": { "type": "MultiPolygon", "coordinates": [ [ [ [ 115.245358642987071, -8.492232006901531 ], [ 115.245344876165177, -8.492234283984999 ], [ 115.245343908494647, -8.492228485156431 ], [ 115.245340927242069, -8.492210624620611 ], [ 115.245378664593773, -8.49220438152696 ], [ 115.245382613516881, -8.492228040891348 ], [ 115.245358642987071, -8.492232006901531 ] ] ] ] } },
{ "type": "Feature", "properties": { "latitude": -8.54516321, "longitude": 0.0, "area_in_me": 2.0, "confidence": 8.0, "full_plus": "06P3QF93X+W4JG", "layer": "2dd_buildings_001", "path": "file:///C:/Users/BPN/Downloads/Compressed/2dd_buildings.csv/2dd_buildings_split/2dd_buildings_001.csv?type=csv&maxFields=10000&detectTypes=yes&wktField=geometry&crs=EPSG:4326&spatialIndex=no&subsetIndex=no&watchFile=no", "Shape_Leng": 0.00027022865, "Shape_Area": 4.56e-09 }, "geometry": { "type": "MultiPolygon", "coordinates": [ [ [ [ 115.246039353333572, -8.490166387368845 ], [ 115.246032293655503, -8.490233623382949 ], [ 115.245965147573543, -8.490226635650686 ], [ 115.245972207251612, -8.490159399636525 ], [ 115.246039353333572, -8.490166387368845 ] ] ] ] } },
{ "type": "Feature", "properties": { "latitude": -8.51193267, "longitude": 0.0, "area_in_me": 1.0, "confidence": 7.0, "full_plus": "06P3QF8Q4+68GP", "layer": "2dd_buildings_001", "path": "file:///C:/Users/BPN/Downloads/Compressed/2dd_buildings.csv/2dd_buildings_split/2dd_buildings_001.csv?type=csv&maxFields=10000&detectTypes=yes&wktField=geometry&crs=EPSG:4326&spatialIndex=no&subsetIndex=no&watchFile=no", "Shape_Leng": 0.00023677394, "Shape_Area": 3.47e-09 }, "geometry": { "type": "MultiPolygon", "coordinates": [ [ [ [ 115.246473546916718, -8.488351880135099 ], [ 115.246471142129622, -8.488309288242988 ], [ 115.246524165258052, -8.488306320480262 ], [ 115.246527846183199, -8.488371497046899 ], [ 115.246474822155392, -8.488374464809681 ], [ 115.246473546916718, -8.488351880135099 ] ] ] ] } },
{ "type": "Feature", "properties": { "latitude": -8.11427968, "longitude": 9.0, "area_in_me": 6.0, "confidence": 9.0, "full_plus": "06P3QV3PM+76QW", "layer": "2dd_buildings_001", "path": "file:///C:/Users/BPN/Downloads/Compressed/2dd_buildings.csv/2dd_buildings_split/2dd_buildings_001.csv?type=csv&maxFields=10000&detectTypes=yes&wktField=geometry&crs=EPSG:4326&spatialIndex=no&subsetIndex=no&watchFile=no", "Shape_Leng": 0.00052555523, "Shape_Area": 1.154e-08 }, "geometry": { "type": "MultiPolygon", "coordinates": [ [ [ [ 115.245281199667716, -8.487727499724258 ], [ 115.245277499856797, -8.487783100309798 ], [ 115.245070699852931, -8.487769599687226 ], [ 115.245074799862209, -8.487714000001063 ], [ 115.245240808416611, -8.487724857516127 ], [ 115.245260807540262, -8.487726166029688 ], [ 115.245281199667716, -8.487727499724258 ] ] ] ] } },
{ "type": "Feature", "properties": { "latitude": -8.25328086, "longitude": 0.0, "area_in_me": 2.0, "confidence": 8.0, "full_plus": "06P3QP9WG+M3PJ", "layer": "2dd_buildings_001", "path": "file:///C:/Users/BPN/Downloads/Compressed/2dd_buildings.csv/2dd_buildings_split/2dd_buildings_001.csv?type=csv&maxFields=10000&detectTypes=yes&wktField=geometry&crs=EPSG:4326&spatialIndex=no&subsetIndex=no&watchFile=no", "Shape_Leng": 0.00017344585, "Shape_Area": 1.84e-09 }, "geometry": { "type": "MultiPolygon", "coordinates": [ [ [ [ 115.246199519892002, -8.487637808538011 ], [ 115.246195694175981, -8.487674746392372 ], [ 115.246152176881537, -8.487670279459792 ], [ 115.246146366361813, -8.487669683209276 ], [ 115.246150192077721, -8.487632744455539 ], [ 115.246150211862869, -8.487632746254178 ], [ 115.246199519892002, -8.487637808538011 ] ] ] ] } },
{ "type": "Feature", "properties": { "latitude": -8.1507219, "longitude": 2.0, "area_in_me": 7.0, "confidence": 5.0, "full_plus": "06P3PRHXH+PP63", "layer": "2dd_buildings_001", "path": "file:///C:/Users/BPN/Downloads/Compressed/2dd_buildings.csv/2dd_buildings_split/2dd_buildings_001.csv?type=csv&maxFields=10000&detectTypes=yes&wktField=geometry&crs=EPSG:4326&spatialIndex=no&subsetIndex=no&watchFile=no", "Shape_Leng": 0.00030584569, "Shape_Area": 5.65e-09 }, "geometry": { "type": "MultiPolygon", "coordinates": [ [ [ [ 115.245370205570566, -8.488763971080346 ], [ 115.245366503961009, -8.488826470365268 ], [ 115.245276345127309, -8.488821177855016 ], [ 115.245280046736866, -8.488758678570093 ], [ 115.245370205570566, -8.488763971080346 ] ] ] ] } },
{ "type": "Feature", "properties": { "latitude": -8.66614315, "longitude": 0.0, "area_in_me": 7.0, "confidence": 1.0, "full_plus": "06P3Q86MX+GCR7", "layer": "2dd_buildings_001", "path": "file:///C:/Users/BPN/Downloads/Compressed/2dd_buildings.csv/2dd_buildings_split/2dd_buildings_001.csv?type=csv&maxFields=10000&detectTypes=yes&wktField=geometry&crs=EPSG:4326&spatialIndex=no&subsetIndex=no&watchFile=no", "Shape_Leng": 0.00013720266, "Shape_Area": 1.05e-09 }, "geometry": { "type": "MultiPolygon", "coordinates": [ [ [ [ 115.24484088080203, -8.492122301303141 ], [ 115.244837422009482, -8.492145072137305 ], [ 115.244792360579027, -8.492138287651812 ], [ 115.244795819371575, -8.492115516817591 ], [ 115.24484088080203, -8.492122301303141 ] ] ] ] } },
{ "type": "Feature", "properties": { "latitude": -8.64753448, "longitude": 9.0, "area_in_me": 4.0, "confidence": 6.0, "full_plus": "06P3Q952X+XHJQ", "layer": "2dd_buildings_001", "path": "file:///C:/Users/BPN/Downloads/Compressed/2dd_buildings.csv/2dd_buildings_split/2dd_buildings_001.csv?type=csv&maxFields=10000&detectTypes=yes&wktField=geometry&crs=EPSG:4326&spatialIndex=no&subsetIndex=no&watchFile=no", "Shape_Leng": 0.00036750255, "Shape_Area": 8.14e-09 }, "geometry": { "type": "MultiPolygon", "coordinates": [ [ [ [ 115.241929608964369, -8.48621154312815 ], [ 115.241911253801391, -8.486319156903505 ], [ 115.241837713539667, -8.486306723776238 ], [ 115.241856068702646, -8.486199110900202 ], [ 115.241929608964369, -8.48621154312815 ] ] ] ] } },
{ "type": "Feature", "properties": { "latitude": -8.65487783, "longitude": 0.0, "area_in_me": 4.0, "confidence": 8.0, "full_plus": "06P3Q84WM+2VVW", "layer": "2dd_buildings_001", "path": "file:///C:/Users/BPN/Downloads/Compressed/2dd_buildings.csv/2dd_buildings_split/2dd_buildings_001.csv?type=csv&maxFields=10000&detectTypes=yes&wktField=geometry&crs=EPSG:4326&spatialIndex=no&subsetIndex=no&watchFile=no", "Shape_Leng": 0.00050297604, "Shape_Area": 1.146e-08 }, "geometry": { "type": "MultiPolygon", "coordinates": [ [ [ [ 115.247927607672978, -8.488950455399163 ], [ 115.247874577349876, -8.489102246571349 ], [ 115.247813144660995, -8.48908097400772 ], [ 115.247874647497042, -8.488904931717173 ], [ 115.247911781403673, -8.488917790223809 ], [ 115.247903308890614, -8.488942041342113 ], [ 115.247927607672978, -8.488950455399163 ] ] ] ] } },
{ "type": "Feature", "properties": { "latitude": -8.28930583, "longitude": 0.0, "area_in_me": 0.0, "confidence": 9.0, "full_plus": "06P3QPH6J+7MHQ", "layer": "2dd_buildings_001", "path": "file:///C:/Users/BPN/Downloads/Compressed/2dd_buildings.csv/2dd_buildings_split/2dd_buildings_001.csv?type=csv&maxFields=10000&detectTypes=yes&wktField=geometry&crs=EPSG:4326&spatialIndex=no&subsetIndex=no&watchFile=no", "Shape_Leng": 0.00016555843, "Shape_Area": 1.71e-09 }, "geometry": { "type": "MultiPolygon", "coordinates": [ [ [ [ 115.245460179144061, -8.488176854977837 ], [ 115.245458804080613, -8.488136434049125 ], [ 115.245501115384172, -8.488135007724395 ], [ 115.24550249044762, -8.488175427753731 ], [ 115.245460179144061, -8.488176854977837 ] ] ] ] } },
{ "type": "Feature", "properties": { "latitude": -8.42833674, "longitude": 2.0, "area_in_me": 6.0, "confidence": 9.0, "full_plus": "06P3QH6CV+M27C", "layer": "2dd_buildings_001", "path": "file:///C:/Users/BPN/Downloads/Compressed/2dd_buildings.csv/2dd_buildings_split/2dd_buildings_001.csv?type=csv&maxFields=10000&detectTypes=yes&wktField=geometry&crs=EPSG:4326&spatialIndex=no&subsetIndex=no&watchFile=no", "Shape_Leng": 0.00033863976, "Shape_Area": 7.14e-09 }, "geometry": { "type": "MultiPolygon", "coordinates": [ [ [ [ 115.246176413610669, -8.487446493061157 ], [ 115.246140560338631, -8.487448352859133 ], [ 115.24613751073764, -8.487390083085813 ], [ 115.246136383887119, -8.487368555114699 ], [ 115.246225675774326, -8.487363921807514 ], [ 115.246229853125328, -8.487443720451267 ], [ 115.246176413610669, -8.487446493061157 ] ] ] ] } },
{ "type": "Feature", "properties": { "latitude": -8.55363769, "longitude": 0.0, "area_in_me": 5.0, "confidence": 0.0, "full_plus": "06P3QC7WP+GCRF", "layer": "2dd_buildings_001", "path": "file:///C:/Users/BPN/Downloads/Compressed/2dd_buildings.csv/2dd_buildings_split/2dd_buildings_001.csv?type=csv&maxFields=10000&detectTypes=yes&wktField=geometry&crs=EPSG:4326&spatialIndex=no&subsetIndex=no&watchFile=no", "Shape_Leng": 0.00030934742, "Shape_Area": 5.06e-09 }, "geometry": { "type": "MultiPolygon", "coordinates": [ [ [ [ 115.245207655808713, -8.486005785438579 ], [ 115.245204717723595, -8.486052696774493 ], [ 115.245097254134976, -8.486046025603571 ], [ 115.245099108537147, -8.486016417223823 ], [ 115.245100192220207, -8.485999114267656 ], [ 115.245102238177765, -8.485999241072079 ], [ 115.245148546068663, -8.486002116204645 ], [ 115.245196823474657, -8.486005112745715 ], [ 115.245207655808713, -8.486005785438579 ] ] ] ] } },
{ "type": "Feature", "properties": { "latitude": -8.13911124, "longitude": 0.0, "area_in_me": 8.0, "confidence": 1.0, "full_plus": "06P3QV66F+932G", "layer": "2dd_buildings_001", "path": "file:///C:/Users/BPN/Downloads/Compressed/2dd_buildings.csv/2dd_buildings_split/2dd_buildings_001.csv?type=csv&maxFields=10000&detectTypes=yes&wktField=geometry&crs=EPSG:4326&spatialIndex=no&subsetIndex=no&watchFile=no", "Shape_Leng": 0.00033121801, "Shape_Area": 6.65e-09 }, "geometry": { "type": "MultiPolygon", "coordinates": [ [ [ [ 115.245058454683999, -8.491900918792339 ], [ 115.245042415275293, -8.491967440744759 ], [ 115.244947895628911, -8.491944852472898 ], [ 115.244963935037617, -8.491878331419798 ], [ 115.245058454683999, -8.491900918792339 ] ] ] ] } }
]
}
